[0.000000] (-) TimerEvent: {}
[0.001355] (rf2o_laser_odometry) JobQueued: {'identifier': 'rf2o_laser_odometry', 'dependencies': OrderedDict()}
[0.001418] (slam_toolbox) JobQueued: {'identifier': 'slam_toolbox', 'dependencies': OrderedDict()}
[0.001461] (sllidar_ros2) JobQueued: {'identifier': 'sllidar_ros2', 'dependencies': OrderedDict()}
[0.001503] (rf2o_laser_odometry) JobStarted: {'identifier': 'rf2o_laser_odometry'}
[0.007352] (slam_toolbox) JobStarted: {'identifier': 'slam_toolbox'}
[0.012118] (sllidar_ros2) JobStarted: {'identifier': 'sllidar_ros2'}
[0.016769] (rf2o_laser_odometry) JobProgress: {'identifier': 'rf2o_laser_odometry', 'progress': 'cmake'}
[0.018523] (rf2o_laser_odometry) Command: {'cmd': ['/usr/bin/cmake', '/home/ubuntu22/lidar_slam_ws/src/rf2o_laser_odometry', '-DAMENT_CMAKE_SYMLINK_INSTALL=1', '-DCMAKE_INSTALL_PREFIX=/home/ubuntu22/lidar_slam_ws/install/rf2o_laser_odometry'], 'cwd': '/home/ubuntu22/lidar_slam_ws/build/rf2o_laser_odometry', 'env': OrderedDict([('LESSOPEN', '| /usr/bin/lesspipe %s'), ('USER', 'ubuntu22'), ('GIT_ASKPASS', '/home/ubuntu22/.vscode-server/bin/6534f6ba7604bf324f94cc9a590727f39a4af040/extensions/git/dist/askpass.sh'), ('SHLVL', '1'), ('LD_LIBRARY_PATH', '/home/ubuntu22/lidar_slam_ws/install/slam_toolbox/lib:/opt/ros/humble/opt/rviz_ogre_vendor/lib:/opt/ros/humble/lib/x86_64-linux-gnu:/opt/ros/humble/lib'), ('MOTD_SHOWN', 'update-motd'), ('HOME', '/home/ubuntu22'), ('OLDPWD', '/home/ubuntu22/lidar_slam_ws/src'), ('TERM_PROGRAM_VERSION', '1.109.1'), ('VSCODE_IPC_HOOK_CLI', '/run/user/1000/vscode-ipc-53a6b5cd-6825-462a-96b9-b5528e00460b.sock'), ('ROS_PYTHON_VERSION', '3'), ('VSCODE_GIT_ASKPASS_MAIN', '/home/ubuntu22/.vscode-server/bin/6534f6ba7604bf324f94cc9a590727f39a4af040/extensions/git/dist/askpass-main.js'), ('VSCODE_GIT_ASKPASS_NODE', '/home/ubuntu22/.vscode-server/bin/6534f6ba7604bf324f94cc9a590727f39a4af040/node'), ('VSCODE_PYTHON_AUTOACTIVATE_GUARD', '1'), ('DBUS_SESSION_BUS_ADDRESS', 'unix:path=/run/user/1000/bus'), ('COLORTERM', 'truecolor'), ('WSL_DISTRO_NAME', 'Ubuntu-22.04'), ('WAYLAND_DISPLAY', 'wayland-0'), ('COLCON_PREFIX_PATH', '/home/ubuntu22/lidar_slam_ws/install'), ('ROS_DISTRO', 'humble'), ('LOGNAME', 'ubuntu22'), ('NAME', 'ASUSMarcel'), ('WSL_INTEROP', '/run/WSL/436_interop'), ('PULSE_SERVER', 'unix:/mnt/wslg/PulseServer'), ('_', '/usr/bin/colcon'), ('ROS_VERSION', '2'), ('TERM', 'xterm-256color'), ('ROS_LOCALHOST_ONLY', '0'), ('PATH', '/home/ubuntu22/.vscode-server/data/User/globalStorage/github.copilot-chat/debugCommand:/home/ubuntu22/.vscode-server/data/User/globalStorage/github.copilot-chat/copilotCli:/home/ubuntu22/.vscode-server/bin/6534f6ba7604bf324f94cc9a590727f39a4af040/bin/remote-cli:/opt/ros/humble/bin:/usr/local/sbin:/usr/local/bin:/usr/sbin:/usr/bin:/sbin:/bin:/usr/games:/usr/local/games:/usr/lib/wsl/lib:/mnt/c/Program Files/Common Files/Siemens/Automation/Simatic OAM/bin:/mnt/c/Windows/system32:/mnt/c/Windows:/mnt/c/Windows/System32/Wbem:/mnt/c/Windows/System32/WindowsPowerShell/v1.0/:/mnt/c/Windows/System32/OpenSSH/:/mnt/c/Program Files (x86)/NVIDIA Corporation/PhysX/Common:/mnt/c/Program Files/MATLAB/R2025b/bin:/mnt/c/Program Files/NVIDIA Corporation/NVIDIA app/NvDLISR:/mnt/c/WINDOWS/system32:/mnt/c/WINDOWS:/mnt/c/WINDOWS/System32/Wbem:/mnt/c/WINDOWS/System32/WindowsPowerShell/v1.0/:/mnt/c/WINDOWS/System32/OpenSSH/:/mnt/c/Program Files (x86)/Windows Kits/10/Windows Performance Toolkit/:/mnt/c/Program Files/dotnet/:/mnt/c/Program Files/usbipd-win/:/mnt/c/Strawberry/c/bin:/mnt/c/Strawberry/perl/site/bin:/mnt/c/Strawberry/perl/bin:/mnt/c/Users/marce/AppData/Local/Programs/Python/Python313/:/mnt/c/Users/marce/AppData/Local/Programs/Python/Python313/Scripts/:/mnt/c/Users/marce/AppData/Local/Programs/Microsoft VS Code/bin:/mnt/c/Users/marce/AppData/Local/Programs/MiKTeX/miktex/bin/x64/:/snap/bin'), ('XDG_RUNTIME_DIR', '/run/user/1000/'), ('DISPLAY', ':0'), ('LANG', 'C.UTF-8'), ('LS_COLORS', 'rs=0:di=01;34:ln=01;36:mh=00:pi=40;33:so=01;35:do=01;35:bd=40;33;01:cd=40;33;01:or=40;31;01:mi=00:su=37;41:sg=30;43:ca=30;41:tw=30;42:ow=34;42:st=37;44:ex=01;32:*.tar=01;31:*.tgz=01;31:*.arc=01;31:*.arj=01;31:*.taz=01;31:*.lha=01;31:*.lz4=01;31:*.lzh=01;31:*.lzma=01;31:*.tlz=01;31:*.txz=01;31:*.tzo=01;31:*.t7z=01;31:*.zip=01;31:*.z=01;31:*.dz=01;31:*.gz=01;31:*.lrz=01;31:*.lz=01;31:*.lzo=01;31:*.xz=01;31:*.zst=01;31:*.tzst=01;31:*.bz2=01;31:*.bz=01;31:*.tbz=01;31:*.tbz2=01;31:*.tz=01;31:*.deb=01;31:*.rpm=01;31:*.jar=01;31:*.war=01;31:*.ear=01;31:*.sar=01;31:*.rar=01;31:*.alz=01;31:*.ace=01;31:*.zoo=01;31:*.cpio=01;31:*.7z=01;31:*.rz=01;31:*.cab=01;31:*.wim=01;31:*.swm=01;31:*.dwm=01;31:*.esd=01;31:*.jpg=01;35:*.jpeg=01;35:*.mjpg=01;35:*.mjpeg=01;35:*.gif=01;35:*.bmp=01;35:*.pbm=01;35:*.pgm=01;35:*.ppm=01;35:*.tga=01;35:*.xbm=01;35:*.xpm=01;35:*.tif=01;35:*.tiff=01;35:*.png=01;35:*.svg=01;35:*.svgz=01;35:*.mng=01;35:*.pcx=01;35:*.mov=01;35:*.mpg=01;35:*.mpeg=01;35:*.m2v=01;35:*.mkv=01;35:*.webm=01;35:*.webp=01;35:*.ogm=01;35:*.mp4=01;35:*.m4v=01;35:*.mp4v=01;35:*.vob=01;35:*.qt=01;35:*.nuv=01;35:*.wmv=01;35:*.asf=01;35:*.rm=01;35:*.rmvb=01;35:*.flc=01;35:*.avi=01;35:*.fli=01;35:*.flv=01;35:*.gl=01;35:*.dl=01;35:*.xcf=01;35:*.xwd=01;35:*.yuv=01;35:*.cgm=01;35:*.emf=01;35:*.ogv=01;35:*.ogx=01;35:*.aac=00;36:*.au=00;36:*.flac=00;36:*.m4a=00;36:*.mid=00;36:*.midi=00;36:*.mka=00;36:*.mp3=00;36:*.mpc=00;36:*.ogg=00;36:*.ra=00;36:*.wav=00;36:*.oga=00;36:*.opus=00;36:*.spx=00;36:*.xspf=00;36:'), ('VSCODE_GIT_IPC_HANDLE', '/run/user/1000/vscode-git-174e2f3db9.sock'), ('TERM_PROGRAM', 'vscode'), ('AMENT_PREFIX_PATH', '/home/ubuntu22/lidar_slam_ws/install/slam_toolbox:/home/ubuntu22/lidar_slam_ws/install/rf2o_laser_odometry:/opt/ros/humble'), ('SHELL', '/bin/bash'), ('LESSCLOSE', '/usr/bin/lesspipe %s %s'), ('VSCODE_GIT_ASKPASS_EXTRA_ARGS', ''), ('PWD', '/home/ubuntu22/lidar_slam_ws/build/rf2o_laser_odometry'), ('XDG_DATA_DIRS', '/usr/local/share:/usr/share:/var/lib/snapd/desktop'), ('PYTHONPATH', '/home/ubuntu22/lidar_slam_ws/install/slam_toolbox/local/lib/python3.10/dist-packages:/opt/ros/humble/lib/python3.10/site-packages:/opt/ros/humble/local/lib/python3.10/dist-packages'), ('COLCON', '1'), ('WSL2_GUI_APPS_ENABLED', '1'), ('HOSTTYPE', 'x86_64'), ('CMAKE_PREFIX_PATH', '/home/ubuntu22/lidar_slam_ws/install/slam_toolbox:/home/ubuntu22/lidar_slam_ws/install/rf2o_laser_odometry:/opt/ros/humble'), ('WSLENV', 'VSCODE_WSL_EXT_LOCATION/up:VSCODE_SERVER_TAR/up')]), 'shell': False}
[0.022464] (slam_toolbox) JobProgress: {'identifier': 'slam_toolbox', 'progress': 'cmake'}
[0.025614] (slam_toolbox) Command: {'cmd': ['/usr/bin/cmake', '/home/ubuntu22/lidar_slam_ws/src/slam_toolbox', '-DAMENT_CMAKE_SYMLINK_INSTALL=1', '-DCMAKE_INSTALL_PREFIX=/home/ubuntu22/lidar_slam_ws/install/slam_toolbox'], 'cwd': '/home/ubuntu22/lidar_slam_ws/build/slam_toolbox', 'env': OrderedDict([('LESSOPEN', '| /usr/bin/lesspipe %s'), ('USER', 'ubuntu22'), ('GIT_ASKPASS', '/home/ubuntu22/.vscode-server/bin/6534f6ba7604bf324f94cc9a590727f39a4af040/extensions/git/dist/askpass.sh'), ('SHLVL', '1'), ('LD_LIBRARY_PATH', '/home/ubuntu22/lidar_slam_ws/install/slam_toolbox/lib:/opt/ros/humble/opt/rviz_ogre_vendor/lib:/opt/ros/humble/lib/x86_64-linux-gnu:/opt/ros/humble/lib'), ('MOTD_SHOWN', 'update-motd'), ('HOME', '/home/ubuntu22'), ('OLDPWD', '/home/ubuntu22/lidar_slam_ws/src'), ('TERM_PROGRAM_VERSION', '1.109.1'), ('VSCODE_IPC_HOOK_CLI', '/run/user/1000/vscode-ipc-53a6b5cd-6825-462a-96b9-b5528e00460b.sock'), ('ROS_PYTHON_VERSION', '3'), ('VSCODE_GIT_ASKPASS_MAIN', '/home/ubuntu22/.vscode-server/bin/6534f6ba7604bf324f94cc9a590727f39a4af040/extensions/git/dist/askpass-main.js'), ('VSCODE_GIT_ASKPASS_NODE', '/home/ubuntu22/.vscode-server/bin/6534f6ba7604bf324f94cc9a590727f39a4af040/node'), ('VSCODE_PYTHON_AUTOACTIVATE_GUARD', '1'), ('DBUS_SESSION_BUS_ADDRESS', 'unix:path=/run/user/1000/bus'), ('COLORTERM', 'truecolor'), ('WSL_DISTRO_NAME', 'Ubuntu-22.04'), ('WAYLAND_DISPLAY', 'wayland-0'), ('COLCON_PREFIX_PATH', '/home/ubuntu22/lidar_slam_ws/install'), ('ROS_DISTRO', 'humble'), ('LOGNAME', 'ubuntu22'), ('NAME', 'ASUSMarcel'), ('WSL_INTEROP', '/run/WSL/436_interop'), ('PULSE_SERVER', 'unix:/mnt/wslg/PulseServer'), ('_', '/usr/bin/colcon'), ('ROS_VERSION', '2'), ('TERM', 'xterm-256color'), ('ROS_LOCALHOST_ONLY', '0'), ('PATH', '/home/ubuntu22/.vscode-server/data/User/globalStorage/github.copilot-chat/debugCommand:/home/ubuntu22/.vscode-server/data/User/globalStorage/github.copilot-chat/copilotCli:/home/ubuntu22/.vscode-server/bin/6534f6ba7604bf324f94cc9a590727f39a4af040/bin/remote-cli:/opt/ros/humble/bin:/usr/local/sbin:/usr/local/bin:/usr/sbin:/usr/bin:/sbin:/bin:/usr/games:/usr/local/games:/usr/lib/wsl/lib:/mnt/c/Program Files/Common Files/Siemens/Automation/Simatic OAM/bin:/mnt/c/Windows/system32:/mnt/c/Windows:/mnt/c/Windows/System32/Wbem:/mnt/c/Windows/System32/WindowsPowerShell/v1.0/:/mnt/c/Windows/System32/OpenSSH/:/mnt/c/Program Files (x86)/NVIDIA Corporation/PhysX/Common:/mnt/c/Program Files/MATLAB/R2025b/bin:/mnt/c/Program Files/NVIDIA Corporation/NVIDIA app/NvDLISR:/mnt/c/WINDOWS/system32:/mnt/c/WINDOWS:/mnt/c/WINDOWS/System32/Wbem:/mnt/c/WINDOWS/System32/WindowsPowerShell/v1.0/:/mnt/c/WINDOWS/System32/OpenSSH/:/mnt/c/Program Files (x86)/Windows Kits/10/Windows Performance Toolkit/:/mnt/c/Program Files/dotnet/:/mnt/c/Program Files/usbipd-win/:/mnt/c/Strawberry/c/bin:/mnt/c/Strawberry/perl/site/bin:/mnt/c/Strawberry/perl/bin:/mnt/c/Users/marce/AppData/Local/Programs/Python/Python313/:/mnt/c/Users/marce/AppData/Local/Programs/Python/Python313/Scripts/:/mnt/c/Users/marce/AppData/Local/Programs/Microsoft VS Code/bin:/mnt/c/Users/marce/AppData/Local/Programs/MiKTeX/miktex/bin/x64/:/snap/bin'), ('XDG_RUNTIME_DIR', '/run/user/1000/'), ('DISPLAY', ':0'), ('LANG', 'C.UTF-8'), ('LS_COLORS', 'rs=0:di=01;34:ln=01;36:mh=00:pi=40;33:so=01;35:do=01;35:bd=40;33;01:cd=40;33;01:or=40;31;01:mi=00:su=37;41:sg=30;43:ca=30;41:tw=30;42:ow=34;42:st=37;44:ex=01;32:*.tar=01;31:*.tgz=01;31:*.arc=01;31:*.arj=01;31:*.taz=01;31:*.lha=01;31:*.lz4=01;31:*.lzh=01;31:*.lzma=01;31:*.tlz=01;31:*.txz=01;31:*.tzo=01;31:*.t7z=01;31:*.zip=01;31:*.z=01;31:*.dz=01;31:*.gz=01;31:*.lrz=01;31:*.lz=01;31:*.lzo=01;31:*.xz=01;31:*.zst=01;31:*.tzst=01;31:*.bz2=01;31:*.bz=01;31:*.tbz=01;31:*.tbz2=01;31:*.tz=01;31:*.deb=01;31:*.rpm=01;31:*.jar=01;31:*.war=01;31:*.ear=01;31:*.sar=01;31:*.rar=01;31:*.alz=01;31:*.ace=01;31:*.zoo=01;31:*.cpio=01;31:*.7z=01;31:*.rz=01;31:*.cab=01;31:*.wim=01;31:*.swm=01;31:*.dwm=01;31:*.esd=01;31:*.jpg=01;35:*.jpeg=01;35:*.mjpg=01;35:*.mjpeg=01;35:*.gif=01;35:*.bmp=01;35:*.pbm=01;35:*.pgm=01;35:*.ppm=01;35:*.tga=01;35:*.xbm=01;35:*.xpm=01;35:*.tif=01;35:*.tiff=01;35:*.png=01;35:*.svg=01;35:*.svgz=01;35:*.mng=01;35:*.pcx=01;35:*.mov=01;35:*.mpg=01;35:*.mpeg=01;35:*.m2v=01;35:*.mkv=01;35:*.webm=01;35:*.webp=01;35:*.ogm=01;35:*.mp4=01;35:*.m4v=01;35:*.mp4v=01;35:*.vob=01;35:*.qt=01;35:*.nuv=01;35:*.wmv=01;35:*.asf=01;35:*.rm=01;35:*.rmvb=01;35:*.flc=01;35:*.avi=01;35:*.fli=01;35:*.flv=01;35:*.gl=01;35:*.dl=01;35:*.xcf=01;35:*.xwd=01;35:*.yuv=01;35:*.cgm=01;35:*.emf=01;35:*.ogv=01;35:*.ogx=01;35:*.aac=00;36:*.au=00;36:*.flac=00;36:*.m4a=00;36:*.mid=00;36:*.midi=00;36:*.mka=00;36:*.mp3=00;36:*.mpc=00;36:*.ogg=00;36:*.ra=00;36:*.wav=00;36:*.oga=00;36:*.opus=00;36:*.spx=00;36:*.xspf=00;36:'), ('VSCODE_GIT_IPC_HANDLE', '/run/user/1000/vscode-git-174e2f3db9.sock'), ('TERM_PROGRAM', 'vscode'), ('AMENT_PREFIX_PATH', '/home/ubuntu22/lidar_slam_ws/install/slam_toolbox:/home/ubuntu22/lidar_slam_ws/install/rf2o_laser_odometry:/opt/ros/humble'), ('SHELL', '/bin/bash'), ('LESSCLOSE', '/usr/bin/lesspipe %s %s'), ('VSCODE_GIT_ASKPASS_EXTRA_ARGS', ''), ('PWD', '/home/ubuntu22/lidar_slam_ws/build/slam_toolbox'), ('XDG_DATA_DIRS', '/usr/local/share:/usr/share:/var/lib/snapd/desktop'), ('PYTHONPATH', '/home/ubuntu22/lidar_slam_ws/install/slam_toolbox/local/lib/python3.10/dist-packages:/opt/ros/humble/lib/python3.10/site-packages:/opt/ros/humble/local/lib/python3.10/dist-packages'), ('COLCON', '1'), ('WSL2_GUI_APPS_ENABLED', '1'), ('HOSTTYPE', 'x86_64'), ('CMAKE_PREFIX_PATH', '/home/ubuntu22/lidar_slam_ws/install/slam_toolbox:/home/ubuntu22/lidar_slam_ws/install/rf2o_laser_odometry:/opt/ros/humble'), ('WSLENV', 'VSCODE_WSL_EXT_LOCATION/up:VSCODE_SERVER_TAR/up')]), 'shell': False}
[0.030583] (sllidar_ros2) JobProgress: {'identifier': 'sllidar_ros2', 'progress': 'cmake'}
[0.032105] (sllidar_ros2) Command: {'cmd': ['/usr/bin/cmake', '/home/ubuntu22/lidar_slam_ws/src/sllidar_ros2', '-DAMENT_CMAKE_SYMLINK_INSTALL=1', '-DCMAKE_INSTALL_PREFIX=/home/ubuntu22/lidar_slam_ws/install/sllidar_ros2'], 'cwd': '/home/ubuntu22/lidar_slam_ws/build/sllidar_ros2', 'env': OrderedDict([('LESSOPEN', '| /usr/bin/lesspipe %s'), ('USER', 'ubuntu22'), ('GIT_ASKPASS', '/home/ubuntu22/.vscode-server/bin/6534f6ba7604bf324f94cc9a590727f39a4af040/extensions/git/dist/askpass.sh'), ('SHLVL', '1'), ('LD_LIBRARY_PATH', '/home/ubuntu22/lidar_slam_ws/install/slam_toolbox/lib:/opt/ros/humble/opt/rviz_ogre_vendor/lib:/opt/ros/humble/lib/x86_64-linux-gnu:/opt/ros/humble/lib'), ('MOTD_SHOWN', 'update-motd'), ('HOME', '/home/ubuntu22'), ('OLDPWD', '/home/ubuntu22/lidar_slam_ws/src'), ('TERM_PROGRAM_VERSION', '1.109.1'), ('VSCODE_IPC_HOOK_CLI', '/run/user/1000/vscode-ipc-53a6b5cd-6825-462a-96b9-b5528e00460b.sock'), ('ROS_PYTHON_VERSION', '3'), ('VSCODE_GIT_ASKPASS_MAIN', '/home/ubuntu22/.vscode-server/bin/6534f6ba7604bf324f94cc9a590727f39a4af040/extensions/git/dist/askpass-main.js'), ('VSCODE_GIT_ASKPASS_NODE', '/home/ubuntu22/.vscode-server/bin/6534f6ba7604bf324f94cc9a590727f39a4af040/node'), ('VSCODE_PYTHON_AUTOACTIVATE_GUARD', '1'), ('DBUS_SESSION_BUS_ADDRESS', 'unix:path=/run/user/1000/bus'), ('COLORTERM', 'truecolor'), ('WSL_DISTRO_NAME', 'Ubuntu-22.04'), ('WAYLAND_DISPLAY', 'wayland-0'), ('COLCON_PREFIX_PATH', '/home/ubuntu22/lidar_slam_ws/install'), ('ROS_DISTRO', 'humble'), ('LOGNAME', 'ubuntu22'), ('NAME', 'ASUSMarcel'), ('WSL_INTEROP', '/run/WSL/436_interop'), ('PULSE_SERVER', 'unix:/mnt/wslg/PulseServer'), ('_', '/usr/bin/colcon'), ('ROS_VERSION', '2'), ('TERM', 'xterm-256color'), ('ROS_LOCALHOST_ONLY', '0'), ('PATH', '/home/ubuntu22/.vscode-server/data/User/globalStorage/github.copilot-chat/debugCommand:/home/ubuntu22/.vscode-server/data/User/globalStorage/github.copilot-chat/copilotCli:/home/ubuntu22/.vscode-server/bin/6534f6ba7604bf324f94cc9a590727f39a4af040/bin/remote-cli:/opt/ros/humble/bin:/usr/local/sbin:/usr/local/bin:/usr/sbin:/usr/bin:/sbin:/bin:/usr/games:/usr/local/games:/usr/lib/wsl/lib:/mnt/c/Program Files/Common Files/Siemens/Automation/Simatic OAM/bin:/mnt/c/Windows/system32:/mnt/c/Windows:/mnt/c/Windows/System32/Wbem:/mnt/c/Windows/System32/WindowsPowerShell/v1.0/:/mnt/c/Windows/System32/OpenSSH/:/mnt/c/Program Files (x86)/NVIDIA Corporation/PhysX/Common:/mnt/c/Program Files/MATLAB/R2025b/bin:/mnt/c/Program Files/NVIDIA Corporation/NVIDIA app/NvDLISR:/mnt/c/WINDOWS/system32:/mnt/c/WINDOWS:/mnt/c/WINDOWS/System32/Wbem:/mnt/c/WINDOWS/System32/WindowsPowerShell/v1.0/:/mnt/c/WINDOWS/System32/OpenSSH/:/mnt/c/Program Files (x86)/Windows Kits/10/Windows Performance Toolkit/:/mnt/c/Program Files/dotnet/:/mnt/c/Program Files/usbipd-win/:/mnt/c/Strawberry/c/bin:/mnt/c/Strawberry/perl/site/bin:/mnt/c/Strawberry/perl/bin:/mnt/c/Users/marce/AppData/Local/Programs/Python/Python313/:/mnt/c/Users/marce/AppData/Local/Programs/Python/Python313/Scripts/:/mnt/c/Users/marce/AppData/Local/Programs/Microsoft VS Code/bin:/mnt/c/Users/marce/AppData/Local/Programs/MiKTeX/miktex/bin/x64/:/snap/bin'), ('XDG_RUNTIME_DIR', '/run/user/1000/'), ('DISPLAY', ':0'), ('LANG', 'C.UTF-8'), ('LS_COLORS', 'rs=0:di=01;34:ln=01;36:mh=00:pi=40;33:so=01;35:do=01;35:bd=40;33;01:cd=40;33;01:or=40;31;01:mi=00:su=37;41:sg=30;43:ca=30;41:tw=30;42:ow=34;42:st=37;44:ex=01;32:*.tar=01;31:*.tgz=01;31:*.arc=01;31:*.arj=01;31:*.taz=01;31:*.lha=01;31:*.lz4=01;31:*.lzh=01;31:*.lzma=01;31:*.tlz=01;31:*.txz=01;31:*.tzo=01;31:*.t7z=01;31:*.zip=01;31:*.z=01;31:*.dz=01;31:*.gz=01;31:*.lrz=01;31:*.lz=01;31:*.lzo=01;31:*.xz=01;31:*.zst=01;31:*.tzst=01;31:*.bz2=01;31:*.bz=01;31:*.tbz=01;31:*.tbz2=01;31:*.tz=01;31:*.deb=01;31:*.rpm=01;31:*.jar=01;31:*.war=01;31:*.ear=01;31:*.sar=01;31:*.rar=01;31:*.alz=01;31:*.ace=01;31:*.zoo=01;31:*.cpio=01;31:*.7z=01;31:*.rz=01;31:*.cab=01;31:*.wim=01;31:*.swm=01;31:*.dwm=01;31:*.esd=01;31:*.jpg=01;35:*.jpeg=01;35:*.mjpg=01;35:*.mjpeg=01;35:*.gif=01;35:*.bmp=01;35:*.pbm=01;35:*.pgm=01;35:*.ppm=01;35:*.tga=01;35:*.xbm=01;35:*.xpm=01;35:*.tif=01;35:*.tiff=01;35:*.png=01;35:*.svg=01;35:*.svgz=01;35:*.mng=01;35:*.pcx=01;35:*.mov=01;35:*.mpg=01;35:*.mpeg=01;35:*.m2v=01;35:*.mkv=01;35:*.webm=01;35:*.webp=01;35:*.ogm=01;35:*.mp4=01;35:*.m4v=01;35:*.mp4v=01;35:*.vob=01;35:*.qt=01;35:*.nuv=01;35:*.wmv=01;35:*.asf=01;35:*.rm=01;35:*.rmvb=01;35:*.flc=01;35:*.avi=01;35:*.fli=01;35:*.flv=01;35:*.gl=01;35:*.dl=01;35:*.xcf=01;35:*.xwd=01;35:*.yuv=01;35:*.cgm=01;35:*.emf=01;35:*.ogv=01;35:*.ogx=01;35:*.aac=00;36:*.au=00;36:*.flac=00;36:*.m4a=00;36:*.mid=00;36:*.midi=00;36:*.mka=00;36:*.mp3=00;36:*.mpc=00;36:*.ogg=00;36:*.ra=00;36:*.wav=00;36:*.oga=00;36:*.opus=00;36:*.spx=00;36:*.xspf=00;36:'), ('VSCODE_GIT_IPC_HANDLE', '/run/user/1000/vscode-git-174e2f3db9.sock'), ('TERM_PROGRAM', 'vscode'), ('AMENT_PREFIX_PATH', '/home/ubuntu22/lidar_slam_ws/install/slam_toolbox:/home/ubuntu22/lidar_slam_ws/install/rf2o_laser_odometry:/opt/ros/humble'), ('SHELL', '/bin/bash'), ('LESSCLOSE', '/usr/bin/lesspipe %s %s'), ('VSCODE_GIT_ASKPASS_EXTRA_ARGS', ''), ('PWD', '/home/ubuntu22/lidar_slam_ws/build/sllidar_ros2'), ('XDG_DATA_DIRS', '/usr/local/share:/usr/share:/var/lib/snapd/desktop'), ('PYTHONPATH', '/home/ubuntu22/lidar_slam_ws/install/slam_toolbox/local/lib/python3.10/dist-packages:/opt/ros/humble/lib/python3.10/site-packages:/opt/ros/humble/local/lib/python3.10/dist-packages'), ('COLCON', '1'), ('WSL2_GUI_APPS_ENABLED', '1'), ('HOSTTYPE', 'x86_64'), ('CMAKE_PREFIX_PATH', '/home/ubuntu22/lidar_slam_ws/install/slam_toolbox:/home/ubuntu22/lidar_slam_ws/install/rf2o_laser_odometry:/opt/ros/humble'), ('WSLENV', 'VSCODE_WSL_EXT_LOCATION/up:VSCODE_SERVER_TAR/up')]), 'shell': False}
[0.099668] (-) TimerEvent: {}
[0.183924] (rf2o_laser_odometry) StdoutLine: {'line': b'-- The C compiler identification is GNU 11.4.0\n'}
[0.186015] (sllidar_ros2) StdoutLine: {'line': b'-- The C compiler identification is GNU 11.4.0\n'}
[0.186835] (slam_toolbox) StdoutLine: {'line': b'-- The C compiler identification is GNU 11.4.0\n'}
[0.199780] (-) TimerEvent: {}
[0.300141] (-) TimerEvent: {}
[0.400491] (-) TimerEvent: {}
[0.500899] (-) TimerEvent: {}
[0.601241] (-) TimerEvent: {}
[0.651367] (rf2o_laser_odometry) StdoutLine: {'line': b'-- The CXX compiler identification is GNU 11.4.0\n'}
[0.670434] (sllidar_ros2) StdoutLine: {'line': b'-- The CXX compiler identification is GNU 11.4.0\n'}
[0.701358] (-) TimerEvent: {}
[0.789095] (slam_toolbox) StdoutLine: {'line': b'-- The CXX compiler identification is GNU 11.4.0\n'}
[0.801463] (-) TimerEvent: {}
[0.901806] (-) TimerEvent: {}
[1.002173] (-) TimerEvent: {}
[1.003961] (rf2o_laser_odometry) StdoutLine: {'line': b'-- Detecting C compiler ABI info\n'}
[1.011209] (sllidar_ros2) StdoutLine: {'line': b'-- Detecting C compiler ABI info\n'}
[1.102285] (-) TimerEvent: {}
[1.130619] (sllidar_ros2) StdoutLine: {'line': b'-- Detecting C compiler ABI info - done\n'}
[1.131011] (rf2o_laser_odometry) StdoutLine: {'line': b'-- Detecting C compiler ABI info - done\n'}
[1.138713] (sllidar_ros2) StdoutLine: {'line': b'-- Check for working C compiler: /usr/bin/cc - skipped\n'}
[1.139008] (rf2o_laser_odometry) StdoutLine: {'line': b'-- Check for working C compiler: /usr/bin/cc - skipped\n'}
[1.139334] (sllidar_ros2) StdoutLine: {'line': b'-- Detecting C compile features\n'}
[1.139417] (rf2o_laser_odometry) StdoutLine: {'line': b'-- Detecting C compile features\n'}
[1.139982] (rf2o_laser_odometry) StdoutLine: {'line': b'-- Detecting C compile features - done\n'}
[1.140121] (sllidar_ros2) StdoutLine: {'line': b'-- Detecting C compile features - done\n'}
[1.143623] (rf2o_laser_odometry) StdoutLine: {'line': b'-- Detecting CXX compiler ABI info\n'}
[1.143739] (sllidar_ros2) StdoutLine: {'line': b'-- Detecting CXX compiler ABI info\n'}
[1.202389] (-) TimerEvent: {}
[1.255260] (slam_toolbox) StdoutLine: {'line': b'-- Detecting C compiler ABI info\n'}
[1.279217] (sllidar_ros2) StdoutLine: {'line': b'-- Detecting CXX compiler ABI info - done\n'}
[1.279813] (rf2o_laser_odometry) StdoutLine: {'line': b'-- Detecting CXX compiler ABI info - done\n'}
[1.287792] (sllidar_ros2) StdoutLine: {'line': b'-- Check for working CXX compiler: /usr/bin/c++ - skipped\n'}
[1.288151] (sllidar_ros2) StdoutLine: {'line': b'-- Detecting CXX compile features\n'}
[1.288845] (sllidar_ros2) StdoutLine: {'line': b'-- Detecting CXX compile features - done\n'}
[1.289484] (rf2o_laser_odometry) StdoutLine: {'line': b'-- Check for working CXX compiler: /usr/bin/c++ - skipped\n'}
[1.290070] (rf2o_laser_odometry) StdoutLine: {'line': b'-- Detecting CXX compile features\n'}
[1.290718] (rf2o_laser_odometry) StdoutLine: {'line': b'-- Detecting CXX compile features - done\n'}
[1.292695] (sllidar_ros2) StdoutLine: {'line': b'-- Found ament_cmake: 1.3.12 (/opt/ros/humble/share/ament_cmake/cmake)\n'}
[1.293458] (rf2o_laser_odometry) StdoutLine: {'line': b'-- Found ament_cmake: 1.3.12 (/opt/ros/humble/share/ament_cmake/cmake)\n'}
[1.302514] (-) TimerEvent: {}
[1.402847] (-) TimerEvent: {}
[1.452382] (slam_toolbox) StdoutLine: {'line': b'-- Detecting C compiler ABI info - done\n'}
[1.461410] (slam_toolbox) StdoutLine: {'line': b'-- Check for working C compiler: /usr/bin/cc - skipped\n'}
[1.461748] (slam_toolbox) StdoutLine: {'line': b'-- Detecting C compile features\n'}
[1.462345] (slam_toolbox) StdoutLine: {'line': b'-- Detecting C compile features - done\n'}
[1.465779] (slam_toolbox) StdoutLine: {'line': b'-- Detecting CXX compiler ABI info\n'}
[1.466943] (rf2o_laser_odometry) StdoutLine: {'line': b'-- Found Python3: /usr/bin/python3 (found version "3.10.12") found components: Interpreter \n'}
[1.468021] (sllidar_ros2) StdoutLine: {'line': b'-- Found Python3: /usr/bin/python3 (found version "3.10.12") found components: Interpreter \n'}
[1.502942] (-) TimerEvent: {}
[1.542541] (sllidar_ros2) StdoutLine: {'line': b'-- Override CMake install command with custom implementation using symlinks instead of copying resources\n'}
[1.542853] (rf2o_laser_odometry) StdoutLine: {'line': b'-- Override CMake install command with custom implementation using symlinks instead of copying resources\n'}
[1.566930] (sllidar_ros2) StdoutLine: {'line': b'-- Found rclcpp: 16.0.16 (/opt/ros/humble/share/rclcpp/cmake)\n'}
[1.567342] (rf2o_laser_odometry) StdoutLine: {'line': b'-- Found rclcpp: 16.0.16 (/opt/ros/humble/share/rclcpp/cmake)\n'}
[1.603144] (-) TimerEvent: {}
[1.697023] (slam_toolbox) StdoutLine: {'line': b'-- Detecting CXX compiler ABI info - done\n'}
[1.703245] (-) TimerEvent: {}
[1.705606] (slam_toolbox) StdoutLine: {'line': b'-- Check for working CXX compiler: /usr/bin/c++ - skipped\n'}
[1.705945] (slam_toolbox) StdoutLine: {'line': b'-- Detecting CXX compile features\n'}
[1.706632] (slam_toolbox) StdoutLine: {'line': b'-- Detecting CXX compile features - done\n'}
[1.708937] (slam_toolbox) StdoutLine: {'line': b'-- Found ament_cmake: 1.3.12 (/opt/ros/humble/share/ament_cmake/cmake)\n'}
[1.779869] (rf2o_laser_odometry) StdoutLine: {'line': b'-- Found rosidl_generator_c: 3.1.7 (/opt/ros/humble/share/rosidl_generator_c/cmake)\n'}
[1.780402] (sllidar_ros2) StdoutLine: {'line': b'-- Found rosidl_generator_c: 3.1.7 (/opt/ros/humble/share/rosidl_generator_c/cmake)\n'}
[1.784714] (rf2o_laser_odometry) StdoutLine: {'line': b'-- Found rosidl_adapter: 3.1.7 (/opt/ros/humble/share/rosidl_adapter/cmake)\n'}
[1.785624] (sllidar_ros2) StdoutLine: {'line': b'-- Found rosidl_adapter: 3.1.7 (/opt/ros/humble/share/rosidl_adapter/cmake)\n'}
[1.794564] (sllidar_ros2) StdoutLine: {'line': b'-- Found rosidl_generator_cpp: 3.1.7 (/opt/ros/humble/share/rosidl_generator_cpp/cmake)\n'}
[1.794730] (rf2o_laser_odometry) StdoutLine: {'line': b'-- Found rosidl_generator_cpp: 3.1.7 (/opt/ros/humble/share/rosidl_generator_cpp/cmake)\n'}
[1.803355] (-) TimerEvent: {}
[1.808263] (rf2o_laser_odometry) StdoutLine: {'line': b'-- Using all available rosidl_typesupport_c: rosidl_typesupport_fastrtps_c;rosidl_typesupport_introspection_c\n'}
[1.808438] (sllidar_ros2) StdoutLine: {'line': b'-- Using all available rosidl_typesupport_c: rosidl_typesupport_fastrtps_c;rosidl_typesupport_introspection_c\n'}
[1.825132] (sllidar_ros2) StdoutLine: {'line': b'-- Using all available rosidl_typesupport_cpp: rosidl_typesupport_fastrtps_cpp;rosidl_typesupport_introspection_cpp\n'}
[1.825683] (rf2o_laser_odometry) StdoutLine: {'line': b'-- Using all available rosidl_typesupport_cpp: rosidl_typesupport_fastrtps_cpp;rosidl_typesupport_introspection_cpp\n'}
[1.873638] (sllidar_ros2) StdoutLine: {'line': b'-- Found rmw_implementation_cmake: 6.1.2 (/opt/ros/humble/share/rmw_implementation_cmake/cmake)\n'}
[1.874480] (rf2o_laser_odometry) StdoutLine: {'line': b'-- Found rmw_implementation_cmake: 6.1.2 (/opt/ros/humble/share/rmw_implementation_cmake/cmake)\n'}
[1.876913] (sllidar_ros2) StdoutLine: {'line': b'-- Found rmw_fastrtps_cpp: 6.2.9 (/opt/ros/humble/share/rmw_fastrtps_cpp/cmake)\n'}
[1.877389] (rf2o_laser_odometry) StdoutLine: {'line': b'-- Found rmw_fastrtps_cpp: 6.2.9 (/opt/ros/humble/share/rmw_fastrtps_cpp/cmake)\n'}
[1.882170] (slam_toolbox) StdoutLine: {'line': b'-- Found Python3: /usr/bin/python3 (found version "3.10.12") found components: Interpreter \n'}
[1.903470] (-) TimerEvent: {}
[1.957109] (slam_toolbox) StdoutLine: {'line': b'-- Override CMake install command with custom implementation using symlinks instead of copying resources\n'}
[1.981431] (slam_toolbox) StdoutLine: {'line': b'-- Found message_filters: 4.3.11 (/opt/ros/humble/share/message_filters/cmake)\n'}
[2.003600] (-) TimerEvent: {}
[2.103987] (-) TimerEvent: {}
[2.204346] (-) TimerEvent: {}
[2.277405] (slam_toolbox) StdoutLine: {'line': b'-- Found rosidl_generator_c: 3.1.7 (/opt/ros/humble/share/rosidl_generator_c/cmake)\n'}
[2.282096] (slam_toolbox) StdoutLine: {'line': b'-- Found rosidl_adapter: 3.1.7 (/opt/ros/humble/share/rosidl_adapter/cmake)\n'}
[2.290660] (slam_toolbox) StdoutLine: {'line': b'-- Found rosidl_generator_cpp: 3.1.7 (/opt/ros/humble/share/rosidl_generator_cpp/cmake)\n'}
[2.304074] (slam_toolbox) StdoutLine: {'line': b'-- Using all available rosidl_typesupport_c: rosidl_typesupport_fastrtps_c;rosidl_typesupport_introspection_c\n'}
[2.304449] (-) TimerEvent: {}
[2.322432] (slam_toolbox) StdoutLine: {'line': b'-- Using all available rosidl_typesupport_cpp: rosidl_typesupport_fastrtps_cpp;rosidl_typesupport_introspection_cpp\n'}
[2.370513] (slam_toolbox) StdoutLine: {'line': b'-- Found rmw_implementation_cmake: 6.1.2 (/opt/ros/humble/share/rmw_implementation_cmake/cmake)\n'}
[2.373299] (slam_toolbox) StdoutLine: {'line': b'-- Found rmw_fastrtps_cpp: 6.2.9 (/opt/ros/humble/share/rmw_fastrtps_cpp/cmake)\n'}
[2.404593] (-) TimerEvent: {}
[2.504960] (-) TimerEvent: {}
[2.605320] (-) TimerEvent: {}
[2.705696] (-) TimerEvent: {}
[2.806109] (-) TimerEvent: {}
[2.906457] (-) TimerEvent: {}
[2.949437] (sllidar_ros2) StdoutLine: {'line': b'-- Found OpenSSL: /usr/lib/x86_64-linux-gnu/libcrypto.so (found version "3.0.2")  \n'}
[2.953838] (rf2o_laser_odometry) StdoutLine: {'line': b'-- Found OpenSSL: /usr/lib/x86_64-linux-gnu/libcrypto.so (found version "3.0.2")  \n'}
[3.006623] (-) TimerEvent: {}
[3.107022] (-) TimerEvent: {}
[3.207412] (-) TimerEvent: {}
[3.307806] (-) TimerEvent: {}
[3.408412] (-) TimerEvent: {}
[3.508766] (-) TimerEvent: {}
[3.609255] (-) TimerEvent: {}
[3.709589] (-) TimerEvent: {}
[3.809962] (-) TimerEvent: {}
[3.910347] (-) TimerEvent: {}
[4.010692] (-) TimerEvent: {}
[4.111054] (-) TimerEvent: {}
[4.171114] (slam_toolbox) StdoutLine: {'line': b'-- Found OpenSSL: /usr/lib/x86_64-linux-gnu/libcrypto.so (found version "3.0.2")  \n'}
[4.211180] (-) TimerEvent: {}
[4.311564] (-) TimerEvent: {}
[4.411961] (-) TimerEvent: {}
[4.449939] (sllidar_ros2) StdoutLine: {'line': b'-- Found FastRTPS: /opt/ros/humble/include  \n'}
[4.512092] (-) TimerEvent: {}
[4.612474] (-) TimerEvent: {}
[4.712872] (-) TimerEvent: {}
[4.813283] (-) TimerEvent: {}
[4.913630] (-) TimerEvent: {}
[5.013998] (-) TimerEvent: {}
[5.114363] (-) TimerEvent: {}
[5.194561] (rf2o_laser_odometry) StdoutLine: {'line': b'-- Found FastRTPS: /opt/ros/humble/include  \n'}
[5.214490] (-) TimerEvent: {}
[5.314836] (-) TimerEvent: {}
[5.415198] (-) TimerEvent: {}
[5.515547] (-) TimerEvent: {}
[5.615957] (-) TimerEvent: {}
[5.716328] (-) TimerEvent: {}
[5.816697] (-) TimerEvent: {}
[5.917085] (-) TimerEvent: {}
[6.017459] (-) TimerEvent: {}
[6.117835] (-) TimerEvent: {}
[6.218221] (-) TimerEvent: {}
[6.318567] (-) TimerEvent: {}
[6.418931] (-) TimerEvent: {}
[6.519307] (-) TimerEvent: {}
[6.619708] (-) TimerEvent: {}
[6.720135] (-) TimerEvent: {}
[6.820511] (-) TimerEvent: {}
[6.920898] (-) TimerEvent: {}
[7.021314] (-) TimerEvent: {}
[7.028193] (slam_toolbox) StdoutLine: {'line': b'-- Found FastRTPS: /opt/ros/humble/include  \n'}
[7.121450] (-) TimerEvent: {}
[7.221832] (-) TimerEvent: {}
[7.322177] (-) TimerEvent: {}
[7.422530] (-) TimerEvent: {}
[7.522985] (-) TimerEvent: {}
[7.623364] (-) TimerEvent: {}
[7.723741] (-) TimerEvent: {}
[7.824163] (-) TimerEvent: {}
[7.924733] (-) TimerEvent: {}
[8.025076] (-) TimerEvent: {}
[8.025400] (sllidar_ros2) StdoutLine: {'line': b"-- Using RMW implementation 'rmw_fastrtps_cpp' as default\n"}
[8.035580] (sllidar_ros2) StdoutLine: {'line': b'-- Looking for pthread.h\n'}
[8.125229] (-) TimerEvent: {}
[8.225635] (-) TimerEvent: {}
[8.326025] (-) TimerEvent: {}
[8.426403] (-) TimerEvent: {}
[8.501374] (sllidar_ros2) StdoutLine: {'line': b'-- Looking for pthread.h - found\n'}
[8.501892] (sllidar_ros2) StdoutLine: {'line': b'-- Performing Test CMAKE_HAVE_LIBC_PTHREAD\n'}
[8.526561] (-) TimerEvent: {}
[8.626971] (-) TimerEvent: {}
[8.697456] (sllidar_ros2) StdoutLine: {'line': b'-- Performing Test CMAKE_HAVE_LIBC_PTHREAD - Success\n'}
[8.698778] (sllidar_ros2) StdoutLine: {'line': b'-- Found Threads: TRUE  \n'}
[8.727096] (-) TimerEvent: {}
[8.760006] (sllidar_ros2) StdoutLine: {'line': b'-- Found sensor_msgs: 4.9.0 (/opt/ros/humble/share/sensor_msgs/cmake)\n'}
[8.794220] (sllidar_ros2) StdoutLine: {'line': b'-- Found std_srvs: 4.9.0 (/opt/ros/humble/share/std_srvs/cmake)\n'}
[8.827233] (-) TimerEvent: {}
[8.887261] (sllidar_ros2) StdoutLine: {'line': b'-- Configuring done\n'}
[8.907570] (sllidar_ros2) StdoutLine: {'line': b'-- Generating done\n'}
[8.913975] (sllidar_ros2) StdoutLine: {'line': b'-- Build files have been written to: /home/ubuntu22/lidar_slam_ws/build/sllidar_ros2\n'}
[8.925087] (sllidar_ros2) CommandEnded: {'returncode': 0}
[8.925920] (sllidar_ros2) JobProgress: {'identifier': 'sllidar_ros2', 'progress': 'build'}
[8.927462] (sllidar_ros2) Command: {'cmd': ['/usr/bin/cmake', '--build', '/home/ubuntu22/lidar_slam_ws/build/sllidar_ros2', '--', '-j16', '-l16'], 'cwd': '/home/ubuntu22/lidar_slam_ws/build/sllidar_ros2', 'env': OrderedDict([('LESSOPEN', '| /usr/bin/lesspipe %s'), ('USER', 'ubuntu22'), ('GIT_ASKPASS', '/home/ubuntu22/.vscode-server/bin/6534f6ba7604bf324f94cc9a590727f39a4af040/extensions/git/dist/askpass.sh'), ('SHLVL', '1'), ('LD_LIBRARY_PATH', '/home/ubuntu22/lidar_slam_ws/install/slam_toolbox/lib:/opt/ros/humble/opt/rviz_ogre_vendor/lib:/opt/ros/humble/lib/x86_64-linux-gnu:/opt/ros/humble/lib'), ('MOTD_SHOWN', 'update-motd'), ('HOME', '/home/ubuntu22'), ('OLDPWD', '/home/ubuntu22/lidar_slam_ws/src'), ('TERM_PROGRAM_VERSION', '1.109.1'), ('VSCODE_IPC_HOOK_CLI', '/run/user/1000/vscode-ipc-53a6b5cd-6825-462a-96b9-b5528e00460b.sock'), ('ROS_PYTHON_VERSION', '3'), ('VSCODE_GIT_ASKPASS_MAIN', '/home/ubuntu22/.vscode-server/bin/6534f6ba7604bf324f94cc9a590727f39a4af040/extensions/git/dist/askpass-main.js'), ('VSCODE_GIT_ASKPASS_NODE', '/home/ubuntu22/.vscode-server/bin/6534f6ba7604bf324f94cc9a590727f39a4af040/node'), ('VSCODE_PYTHON_AUTOACTIVATE_GUARD', '1'), ('DBUS_SESSION_BUS_ADDRESS', 'unix:path=/run/user/1000/bus'), ('COLORTERM', 'truecolor'), ('WSL_DISTRO_NAME', 'Ubuntu-22.04'), ('WAYLAND_DISPLAY', 'wayland-0'), ('COLCON_PREFIX_PATH', '/home/ubuntu22/lidar_slam_ws/install'), ('ROS_DISTRO', 'humble'), ('LOGNAME', 'ubuntu22'), ('NAME', 'ASUSMarcel'), ('WSL_INTEROP', '/run/WSL/436_interop'), ('PULSE_SERVER', 'unix:/mnt/wslg/PulseServer'), ('_', '/usr/bin/colcon'), ('ROS_VERSION', '2'), ('TERM', 'xterm-256color'), ('ROS_LOCALHOST_ONLY', '0'), ('PATH', '/home/ubuntu22/.vscode-server/data/User/globalStorage/github.copilot-chat/debugCommand:/home/ubuntu22/.vscode-server/data/User/globalStorage/github.copilot-chat/copilotCli:/home/ubuntu22/.vscode-server/bin/6534f6ba7604bf324f94cc9a590727f39a4af040/bin/remote-cli:/opt/ros/humble/bin:/usr/local/sbin:/usr/local/bin:/usr/sbin:/usr/bin:/sbin:/bin:/usr/games:/usr/local/games:/usr/lib/wsl/lib:/mnt/c/Program Files/Common Files/Siemens/Automation/Simatic OAM/bin:/mnt/c/Windows/system32:/mnt/c/Windows:/mnt/c/Windows/System32/Wbem:/mnt/c/Windows/System32/WindowsPowerShell/v1.0/:/mnt/c/Windows/System32/OpenSSH/:/mnt/c/Program Files (x86)/NVIDIA Corporation/PhysX/Common:/mnt/c/Program Files/MATLAB/R2025b/bin:/mnt/c/Program Files/NVIDIA Corporation/NVIDIA app/NvDLISR:/mnt/c/WINDOWS/system32:/mnt/c/WINDOWS:/mnt/c/WINDOWS/System32/Wbem:/mnt/c/WINDOWS/System32/WindowsPowerShell/v1.0/:/mnt/c/WINDOWS/System32/OpenSSH/:/mnt/c/Program Files (x86)/Windows Kits/10/Windows Performance Toolkit/:/mnt/c/Program Files/dotnet/:/mnt/c/Program Files/usbipd-win/:/mnt/c/Strawberry/c/bin:/mnt/c/Strawberry/perl/site/bin:/mnt/c/Strawberry/perl/bin:/mnt/c/Users/marce/AppData/Local/Programs/Python/Python313/:/mnt/c/Users/marce/AppData/Local/Programs/Python/Python313/Scripts/:/mnt/c/Users/marce/AppData/Local/Programs/Microsoft VS Code/bin:/mnt/c/Users/marce/AppData/Local/Programs/MiKTeX/miktex/bin/x64/:/snap/bin'), ('XDG_RUNTIME_DIR', '/run/user/1000/'), ('DISPLAY', ':0'), ('LANG', 'C.UTF-8'), ('LS_COLORS', 'rs=0:di=01;34:ln=01;36:mh=00:pi=40;33:so=01;35:do=01;35:bd=40;33;01:cd=40;33;01:or=40;31;01:mi=00:su=37;41:sg=30;43:ca=30;41:tw=30;42:ow=34;42:st=37;44:ex=01;32:*.tar=01;31:*.tgz=01;31:*.arc=01;31:*.arj=01;31:*.taz=01;31:*.lha=01;31:*.lz4=01;31:*.lzh=01;31:*.lzma=01;31:*.tlz=01;31:*.txz=01;31:*.tzo=01;31:*.t7z=01;31:*.zip=01;31:*.z=01;31:*.dz=01;31:*.gz=01;31:*.lrz=01;31:*.lz=01;31:*.lzo=01;31:*.xz=01;31:*.zst=01;31:*.tzst=01;31:*.bz2=01;31:*.bz=01;31:*.tbz=01;31:*.tbz2=01;31:*.tz=01;31:*.deb=01;31:*.rpm=01;31:*.jar=01;31:*.war=01;31:*.ear=01;31:*.sar=01;31:*.rar=01;31:*.alz=01;31:*.ace=01;31:*.zoo=01;31:*.cpio=01;31:*.7z=01;31:*.rz=01;31:*.cab=01;31:*.wim=01;31:*.swm=01;31:*.dwm=01;31:*.esd=01;31:*.jpg=01;35:*.jpeg=01;35:*.mjpg=01;35:*.mjpeg=01;35:*.gif=01;35:*.bmp=01;35:*.pbm=01;35:*.pgm=01;35:*.ppm=01;35:*.tga=01;35:*.xbm=01;35:*.xpm=01;35:*.tif=01;35:*.tiff=01;35:*.png=01;35:*.svg=01;35:*.svgz=01;35:*.mng=01;35:*.pcx=01;35:*.mov=01;35:*.mpg=01;35:*.mpeg=01;35:*.m2v=01;35:*.mkv=01;35:*.webm=01;35:*.webp=01;35:*.ogm=01;35:*.mp4=01;35:*.m4v=01;35:*.mp4v=01;35:*.vob=01;35:*.qt=01;35:*.nuv=01;35:*.wmv=01;35:*.asf=01;35:*.rm=01;35:*.rmvb=01;35:*.flc=01;35:*.avi=01;35:*.fli=01;35:*.flv=01;35:*.gl=01;35:*.dl=01;35:*.xcf=01;35:*.xwd=01;35:*.yuv=01;35:*.cgm=01;35:*.emf=01;35:*.ogv=01;35:*.ogx=01;35:*.aac=00;36:*.au=00;36:*.flac=00;36:*.m4a=00;36:*.mid=00;36:*.midi=00;36:*.mka=00;36:*.mp3=00;36:*.mpc=00;36:*.ogg=00;36:*.ra=00;36:*.wav=00;36:*.oga=00;36:*.opus=00;36:*.spx=00;36:*.xspf=00;36:'), ('VSCODE_GIT_IPC_HANDLE', '/run/user/1000/vscode-git-174e2f3db9.sock'), ('TERM_PROGRAM', 'vscode'), ('AMENT_PREFIX_PATH', '/home/ubuntu22/lidar_slam_ws/install/slam_toolbox:/home/ubuntu22/lidar_slam_ws/install/rf2o_laser_odometry:/opt/ros/humble'), ('SHELL', '/bin/bash'), ('LESSCLOSE', '/usr/bin/lesspipe %s %s'), ('VSCODE_GIT_ASKPASS_EXTRA_ARGS', ''), ('PWD', '/home/ubuntu22/lidar_slam_ws/build/sllidar_ros2'), ('XDG_DATA_DIRS', '/usr/local/share:/usr/share:/var/lib/snapd/desktop'), ('PYTHONPATH', '/home/ubuntu22/lidar_slam_ws/install/slam_toolbox/local/lib/python3.10/dist-packages:/opt/ros/humble/lib/python3.10/site-packages:/opt/ros/humble/local/lib/python3.10/dist-packages'), ('COLCON', '1'), ('WSL2_GUI_APPS_ENABLED', '1'), ('HOSTTYPE', 'x86_64'), ('CMAKE_PREFIX_PATH', '/home/ubuntu22/lidar_slam_ws/install/slam_toolbox:/home/ubuntu22/lidar_slam_ws/install/rf2o_laser_odometry:/opt/ros/humble'), ('WSLENV', 'VSCODE_WSL_EXT_LOCATION/up:VSCODE_SERVER_TAR/up')]), 'shell': False}
[8.928620] (-) TimerEvent: {}
[8.985715] (sllidar_ros2) StdoutLine: {'line': b'[  5%] \x1b[32mBuilding CXX object CMakeFiles/sllidar_node.dir/sdk/src/arch/linux/net_socket.cpp.o\x1b[0m\n'}
[8.985970] (sllidar_ros2) StdoutLine: {'line': b'[ 10%] \x1b[32mBuilding CXX object CMakeFiles/sllidar_node.dir/sdk/src/arch/linux/net_serial.cpp.o\x1b[0m\n'}
[8.986150] (sllidar_ros2) StdoutLine: {'line': b'[ 15%] \x1b[32mBuilding CXX object CMakeFiles/sllidar_node.dir/sdk/src/dataunpacker/unpacker/handler_capsules.cpp.o\x1b[0m\n'}
[8.986263] (sllidar_ros2) StdoutLine: {'line': b'[ 20%] \x1b[32mBuilding CXX object CMakeFiles/sllidar_node.dir/sdk/src/arch/linux/timer.cpp.o\x1b[0m\n'}
[8.986545] (sllidar_ros2) StdoutLine: {'line': b'[ 25%] \x1b[32mBuilding CXX object CMakeFiles/sllidar_node.dir/sdk/src/dataunpacker/unpacker/handler_hqnode.cpp.o\x1b[0m\n'}
[8.986635] (sllidar_ros2) StdoutLine: {'line': b'[ 30%] \x1b[32mBuilding CXX object CMakeFiles/sllidar_node.dir/sdk/src/hal/thread.cpp.o\x1b[0m\n'}
[8.986708] (sllidar_ros2) StdoutLine: {'line': b'[ 35%] \x1b[32mBuilding CXX object CMakeFiles/sllidar_client.dir/src/sllidar_client.cpp.o\x1b[0m\n'}
[8.988854] (sllidar_ros2) StdoutLine: {'line': b'[ 40%] \x1b[32mBuilding CXX object CMakeFiles/sllidar_node.dir/sdk/src/dataunpacker/dataunpacker.cpp.o\x1b[0m\n'}
[8.989189] (sllidar_ros2) StdoutLine: {'line': b'[ 50%] \x1b[32mBuilding CXX object CMakeFiles/sllidar_node.dir/src/sllidar_node.cpp.o\x1b[0m\n'}
[8.989354] (sllidar_ros2) StdoutLine: {'line': b'[ 50%] \x1b[32mBuilding CXX object CMakeFiles/sllidar_node.dir/sdk/src/dataunpacker/unpacker/handler_normalnode.cpp.o\x1b[0m\n'}
[8.991083] (sllidar_ros2) StdoutLine: {'line': b'[ 55%] \x1b[32mBuilding CXX object CMakeFiles/sllidar_node.dir/sdk/src/rplidar_driver.cpp.o\x1b[0m\n'}
[8.991328] (sllidar_ros2) StdoutLine: {'line': b'[ 60%] \x1b[32mBuilding CXX object CMakeFiles/sllidar_node.dir/sdk/src/sl_crc.cpp.o\x1b[0m\n'}
[8.994041] (sllidar_ros2) StdoutLine: {'line': b'[ 65%] \x1b[32mBuilding CXX object CMakeFiles/sllidar_node.dir/sdk/src/sl_lidarprotocol_codec.cpp.o\x1b[0m\n'}
[8.994991] (sllidar_ros2) StdoutLine: {'line': b'[ 70%] \x1b[32mBuilding CXX object CMakeFiles/sllidar_node.dir/sdk/src/sl_async_transceiver.cpp.o\x1b[0m\n'}
[8.996476] (sllidar_ros2) StdoutLine: {'line': b'[ 75%] \x1b[32mBuilding CXX object CMakeFiles/sllidar_node.dir/sdk/src/sl_lidar_driver.cpp.o\x1b[0m\n'}
[8.999246] (sllidar_ros2) StdoutLine: {'line': b'[ 80%] \x1b[32mBuilding CXX object CMakeFiles/sllidar_node.dir/sdk/src/sl_serial_channel.cpp.o\x1b[0m\n'}
[9.032421] (-) TimerEvent: {}
[9.046617] (sllidar_ros2) StderrLine: {'line': b'In file included from \x1b[01m\x1b[K/home/ubuntu22/lidar_slam_ws/src/sllidar_ros2/./sdk/include/sl_lidar_cmd.h:41\x1b[m\x1b[K,\n'}
[9.047752] (sllidar_ros2) StderrLine: {'line': b'                 from \x1b[01m\x1b[K/home/ubuntu22/lidar_slam_ws/src/sllidar_ros2/./sdk/include/sl_crc.h:36\x1b[m\x1b[K,\n'}
[9.048027] (sllidar_ros2) StderrLine: {'line': b'                 from \x1b[01m\x1b[K/home/ubuntu22/lidar_slam_ws/src/sllidar_ros2/sdk/src/sl_crc.cpp:33\x1b[m\x1b[K:\n'}
[9.048391] (sllidar_ros2) StderrLine: {'line': b'\x1b[01m\x1b[K/home/ubuntu22/lidar_slam_ws/src/sllidar_ros2/./sdk/include/sl_lidar_protocol.h:66:16:\x1b[m\x1b[K \x1b[01;35m\x1b[Kwarning: \x1b[m\x1b[KISO C++ forbids zero-size array \xe2\x80\x98\x1b[01m\x1b[Kdata\x1b[m\x1b[K\xe2\x80\x99 [\x1b[01;35m\x1b[K\x1b]8;;https://gcc.gnu.org/onlinedocs/gcc/Warning-Options.html#index-Wpedantic\x07-Wpedantic\x1b]8;;\x07\x1b[m\x1b[K]\n'}
[9.048575] (sllidar_ros2) StderrLine: {'line': b'   66 |     sl_u8 data[\x1b[01;35m\x1b[K0\x1b[m\x1b[K];\n'}
[9.048772] (sllidar_ros2) StderrLine: {'line': b'      |                \x1b[01;35m\x1b[K^\x1b[m\x1b[K\n'}
[9.061561] (sllidar_ros2) StderrLine: {'line': b'In file included from \x1b[01m\x1b[K/home/ubuntu22/lidar_slam_ws/src/sllidar_ros2/./sdk/include/sl_crc.h:36\x1b[m\x1b[K,\n'}
[9.062610] (sllidar_ros2) StderrLine: {'line': b'                 from \x1b[01m\x1b[K/home/ubuntu22/lidar_slam_ws/src/sllidar_ros2/sdk/src/sl_crc.cpp:33\x1b[m\x1b[K:\n'}
[9.062973] (sllidar_ros2) StderrLine: {'line': b'\x1b[01m\x1b[K/home/ubuntu22/lidar_slam_ws/src/sllidar_ros2/./sdk/include/sl_lidar_cmd.h:324:20:\x1b[m\x1b[K \x1b[01;35m\x1b[Kwarning: \x1b[m\x1b[KISO C++ forbids zero-size array \xe2\x80\x98\x1b[01m\x1b[Kpayload\x1b[m\x1b[K\xe2\x80\x99 [\x1b[01;35m\x1b[K\x1b]8;;https://gcc.gnu.org/onlinedocs/gcc/Warning-Options.html#index-Wpedantic\x07-Wpedantic\x1b]8;;\x07\x1b[m\x1b[K]\n'}
[9.063396] (sllidar_ros2) StderrLine: {'line': b'  324 |     sl_u8  payload[\x1b[01;35m\x1b[K0\x1b[m\x1b[K];\n'}
[9.063561] (sllidar_ros2) StderrLine: {'line': b'      |                    \x1b[01;35m\x1b[K^\x1b[m\x1b[K\n'}
[9.130769] (sllidar_ros2) StdoutLine: {'line': b'[ 85%] \x1b[32mBuilding CXX object CMakeFiles/sllidar_node.dir/sdk/src/sl_tcp_channel.cpp.o\x1b[0m\n'}
[9.135132] (-) TimerEvent: {}
[9.235514] (-) TimerEvent: {}
[9.335958] (-) TimerEvent: {}
[9.443047] (-) TimerEvent: {}
[9.458648] (sllidar_ros2) StderrLine: {'line': b'In file included from \x1b[01m\x1b[K/home/ubuntu22/lidar_slam_ws/src/sllidar_ros2/./sdk/include/sl_lidar_cmd.h:41\x1b[m\x1b[K,\n'}
[9.458939] (sllidar_ros2) StderrLine: {'line': b'                 from \x1b[01m\x1b[K/home/ubuntu22/lidar_slam_ws/src/sllidar_ros2/./sdk/include/sl_lidar_driver.h:54\x1b[m\x1b[K,\n'}
[9.459039] (sllidar_ros2) StderrLine: {'line': b'                 from \x1b[01m\x1b[K/home/ubuntu22/lidar_slam_ws/src/sllidar_ros2/sdk/src/sl_serial_channel.cpp:33\x1b[m\x1b[K:\n'}
[9.459123] (sllidar_ros2) StderrLine: {'line': b'\x1b[01m\x1b[K/home/ubuntu22/lidar_slam_ws/src/sllidar_ros2/./sdk/include/sl_lidar_protocol.h:66:16:\x1b[m\x1b[K \x1b[01;35m\x1b[Kwarning: \x1b[m\x1b[KISO C++ forbids zero-size array \xe2\x80\x98\x1b[01m\x1b[Kdata\x1b[m\x1b[K\xe2\x80\x99 [\x1b[01;35m\x1b[K\x1b]8;;https://gcc.gnu.org/onlinedocs/gcc/Warning-Options.html#index-Wpedantic\x07-Wpedantic\x1b]8;;\x07\x1b[m\x1b[K]\n'}
[9.459213] (sllidar_ros2) StderrLine: {'line': b'   66 |     sl_u8 data[\x1b[01;35m\x1b[K0\x1b[m\x1b[K];\n'}
[9.459289] (sllidar_ros2) StderrLine: {'line': b'      |                \x1b[01;35m\x1b[K^\x1b[m\x1b[K\n'}
[9.461486] (sllidar_ros2) StderrLine: {'line': b'In file included from \x1b[01m\x1b[K/home/ubuntu22/lidar_slam_ws/src/sllidar_ros2/./sdk/include/sl_lidar_driver.h:54\x1b[m\x1b[K,\n'}
[9.461889] (sllidar_ros2) StderrLine: {'line': b'                 from \x1b[01m\x1b[K/home/ubuntu22/lidar_slam_ws/src/sllidar_ros2/sdk/src/sl_serial_channel.cpp:33\x1b[m\x1b[K:\n'}
[9.462017] (sllidar_ros2) StderrLine: {'line': b'\x1b[01m\x1b[K/home/ubuntu22/lidar_slam_ws/src/sllidar_ros2/./sdk/include/sl_lidar_cmd.h:324:20:\x1b[m\x1b[K \x1b[01;35m\x1b[Kwarning: \x1b[m\x1b[KISO C++ forbids zero-size array \xe2\x80\x98\x1b[01m\x1b[Kpayload\x1b[m\x1b[K\xe2\x80\x99 [\x1b[01;35m\x1b[K\x1b]8;;https://gcc.gnu.org/onlinedocs/gcc/Warning-Options.html#index-Wpedantic\x07-Wpedantic\x1b]8;;\x07\x1b[m\x1b[K]\n'}
[9.462109] (sllidar_ros2) StderrLine: {'line': b'  324 |     sl_u8  payload[\x1b[01;35m\x1b[K0\x1b[m\x1b[K];\n'}
[9.462186] (sllidar_ros2) StderrLine: {'line': b'      |                    \x1b[01;35m\x1b[K^\x1b[m\x1b[K\n'}
[9.543463] (-) TimerEvent: {}
[9.607085] (sllidar_ros2) StdoutLine: {'line': b'[ 90%] \x1b[32mBuilding CXX object CMakeFiles/sllidar_node.dir/sdk/src/sl_udp_channel.cpp.o\x1b[0m\n'}
[9.643618] (-) TimerEvent: {}
[9.681878] (sllidar_ros2) StderrLine: {'line': b'In file included from \x1b[01m\x1b[K/home/ubuntu22/lidar_slam_ws/src/sllidar_ros2/./sdk/include/rplidar_protocol.h:36\x1b[m\x1b[K,\n'}
[9.682208] (sllidar_ros2) StderrLine: {'line': b'                 from \x1b[01m\x1b[K/home/ubuntu22/lidar_slam_ws/src/sllidar_ros2/./sdk/include/rplidar.h:39\x1b[m\x1b[K,\n'}
[9.682330] (sllidar_ros2) StderrLine: {'line': b'                 from \x1b[01m\x1b[K/home/ubuntu22/lidar_slam_ws/src/sllidar_ros2/./sdk/src/sdkcommon.h:49\x1b[m\x1b[K,\n'}
[9.682418] (sllidar_ros2) StderrLine: {'line': b'                 from \x1b[01m\x1b[K/home/ubuntu22/lidar_slam_ws/src/sllidar_ros2/sdk/src/hal/thread.cpp:35\x1b[m\x1b[K:\n'}
[9.682499] (sllidar_ros2) StderrLine: {'line': b'\x1b[01m\x1b[K/home/ubuntu22/lidar_slam_ws/src/sllidar_ros2/./sdk/include/sl_lidar_protocol.h:66:16:\x1b[m\x1b[K \x1b[01;35m\x1b[Kwarning: \x1b[m\x1b[KISO C++ forbids zero-size array \xe2\x80\x98\x1b[01m\x1b[Kdata\x1b[m\x1b[K\xe2\x80\x99 [\x1b[01;35m\x1b[K\x1b]8;;https://gcc.gnu.org/onlinedocs/gcc/Warning-Options.html#index-Wpedantic\x07-Wpedantic\x1b]8;;\x07\x1b[m\x1b[K]\n'}
[9.682596] (sllidar_ros2) StderrLine: {'line': b'   66 |     sl_u8 data[\x1b[01;35m\x1b[K0\x1b[m\x1b[K];\n'}
[9.682664] (sllidar_ros2) StderrLine: {'line': b'      |                \x1b[01;35m\x1b[K^\x1b[m\x1b[K\n'}
[9.682731] (sllidar_ros2) StderrLine: {'line': b'In file included from \x1b[01m\x1b[K/home/ubuntu22/lidar_slam_ws/src/sllidar_ros2/./sdk/include/rplidar_cmd.h:36\x1b[m\x1b[K,\n'}
[9.682805] (sllidar_ros2) StderrLine: {'line': b'                 from \x1b[01m\x1b[K/home/ubuntu22/lidar_slam_ws/src/sllidar_ros2/./sdk/include/rplidar.h:40\x1b[m\x1b[K,\n'}
[9.682883] (sllidar_ros2) StderrLine: {'line': b'                 from \x1b[01m\x1b[K/home/ubuntu22/lidar_slam_ws/src/sllidar_ros2/./sdk/src/sdkcommon.h:49\x1b[m\x1b[K,\n'}
[9.682978] (sllidar_ros2) StderrLine: {'line': b'                 from \x1b[01m\x1b[K/home/ubuntu22/lidar_slam_ws/src/sllidar_ros2/sdk/src/hal/thread.cpp:35\x1b[m\x1b[K:\n'}
[9.683061] (sllidar_ros2) StderrLine: {'line': b'\x1b[01m\x1b[K/home/ubuntu22/lidar_slam_ws/src/sllidar_ros2/./sdk/include/sl_lidar_cmd.h:324:20:\x1b[m\x1b[K \x1b[01;35m\x1b[Kwarning: \x1b[m\x1b[KISO C++ forbids zero-size array \xe2\x80\x98\x1b[01m\x1b[Kpayload\x1b[m\x1b[K\xe2\x80\x99 [\x1b[01;35m\x1b[K\x1b]8;;https://gcc.gnu.org/onlinedocs/gcc/Warning-Options.html#index-Wpedantic\x07-Wpedantic\x1b]8;;\x07\x1b[m\x1b[K]\n'}
[9.683233] (sllidar_ros2) StderrLine: {'line': b'  324 |     sl_u8  payload[\x1b[01;35m\x1b[K0\x1b[m\x1b[K];\n'}
[9.683330] (sllidar_ros2) StderrLine: {'line': b'      |                    \x1b[01;35m\x1b[K^\x1b[m\x1b[K\n'}
[9.717261] (sllidar_ros2) StderrLine: {'line': b'In file included from \x1b[01m\x1b[K/home/ubuntu22/lidar_slam_ws/src/sllidar_ros2/./sdk/include/rplidar_protocol.h:36\x1b[m\x1b[K,\n'}
[9.717598] (sllidar_ros2) StderrLine: {'line': b'                 from \x1b[01m\x1b[K/home/ubuntu22/lidar_slam_ws/src/sllidar_ros2/./sdk/include/rplidar.h:39\x1b[m\x1b[K,\n'}
[9.717743] (sllidar_ros2) StderrLine: {'line': b'                 from \x1b[01m\x1b[K/home/ubuntu22/lidar_slam_ws/src/sllidar_ros2/./sdk/src/sdkcommon.h:49\x1b[m\x1b[K,\n'}
[9.717830] (sllidar_ros2) StderrLine: {'line': b'                 from \x1b[01m\x1b[K/home/ubuntu22/lidar_slam_ws/src/sllidar_ros2/sdk/src/dataunpacker/unpacker/../dataunnpacker_commondef.h:41\x1b[m\x1b[K,\n'}
[9.717907] (sllidar_ros2) StderrLine: {'line': b'                 from \x1b[01m\x1b[K/home/ubuntu22/lidar_slam_ws/src/sllidar_ros2/sdk/src/dataunpacker/unpacker/handler_hqnode.cpp:39\x1b[m\x1b[K:\n'}
[9.717980] (sllidar_ros2) StderrLine: {'line': b'\x1b[01m\x1b[K/home/ubuntu22/lidar_slam_ws/src/sllidar_ros2/./sdk/include/sl_lidar_protocol.h:66:16:\x1b[m\x1b[K \x1b[01;35m\x1b[Kwarning: \x1b[m\x1b[KISO C++ forbids zero-size array \xe2\x80\x98\x1b[01m\x1b[Kdata\x1b[m\x1b[K\xe2\x80\x99 [\x1b[01;35m\x1b[K\x1b]8;;https://gcc.gnu.org/onlinedocs/gcc/Warning-Options.html#index-Wpedantic\x07-Wpedantic\x1b]8;;\x07\x1b[m\x1b[K]\n'}
[9.720112] (sllidar_ros2) StderrLine: {'line': b'   66 |     sl_u8 data[\x1b[01;35m\x1b[K0\x1b[m\x1b[K];\n'}
[9.720291] (sllidar_ros2) StderrLine: {'line': b'      |                \x1b[01;35m\x1b[K^\x1b[m\x1b[K\n'}
[9.720370] (sllidar_ros2) StderrLine: {'line': b'In file included from \x1b[01m\x1b[K/home/ubuntu22/lidar_slam_ws/src/sllidar_ros2/./sdk/include/rplidar_cmd.h:36\x1b[m\x1b[K,\n'}
[9.720450] (sllidar_ros2) StderrLine: {'line': b'                 from \x1b[01m\x1b[K/home/ubuntu22/lidar_slam_ws/src/sllidar_ros2/./sdk/include/rplidar.h:40\x1b[m\x1b[K,\n'}
[9.720525] (sllidar_ros2) StderrLine: {'line': b'                 from \x1b[01m\x1b[K/home/ubuntu22/lidar_slam_ws/src/sllidar_ros2/./sdk/src/sdkcommon.h:49\x1b[m\x1b[K,\n'}
[9.720589] (sllidar_ros2) StderrLine: {'line': b'                 from \x1b[01m\x1b[K/home/ubuntu22/lidar_slam_ws/src/sllidar_ros2/sdk/src/dataunpacker/unpacker/../dataunnpacker_commondef.h:41\x1b[m\x1b[K,\n'}
[9.720671] (sllidar_ros2) StderrLine: {'line': b'                 from \x1b[01m\x1b[K/home/ubuntu22/lidar_slam_ws/src/sllidar_ros2/sdk/src/dataunpacker/unpacker/handler_hqnode.cpp:39\x1b[m\x1b[K:\n'}
[9.720757] (sllidar_ros2) StderrLine: {'line': b'\x1b[01m\x1b[K/home/ubuntu22/lidar_slam_ws/src/sllidar_ros2/./sdk/include/sl_lidar_cmd.h:324:20:\x1b[m\x1b[K \x1b[01;35m\x1b[Kwarning: \x1b[m\x1b[KISO C++ forbids zero-size array \xe2\x80\x98\x1b[01m\x1b[Kpayload\x1b[m\x1b[K\xe2\x80\x99 [\x1b[01;35m\x1b[K\x1b]8;;https://gcc.gnu.org/onlinedocs/gcc/Warning-Options.html#index-Wpedantic\x07-Wpedantic\x1b]8;;\x07\x1b[m\x1b[K]\n'}
[9.720827] (sllidar_ros2) StderrLine: {'line': b'  324 |     sl_u8  payload[\x1b[01;35m\x1b[K0\x1b[m\x1b[K];\n'}
[9.720895] (sllidar_ros2) StderrLine: {'line': b'      |                    \x1b[01;35m\x1b[K^\x1b[m\x1b[K\n'}
[9.743759] (-) TimerEvent: {}
[9.775976] (sllidar_ros2) StderrLine: {'line': b'In file included from \x1b[01m\x1b[K/home/ubuntu22/lidar_slam_ws/src/sllidar_ros2/./sdk/include/rplidar_protocol.h:36\x1b[m\x1b[K,\n'}
[9.776312] (sllidar_ros2) StderrLine: {'line': b'                 from \x1b[01m\x1b[K/home/ubuntu22/lidar_slam_ws/src/sllidar_ros2/./sdk/include/rplidar.h:39\x1b[m\x1b[K,\n'}
[9.776417] (sllidar_ros2) StderrLine: {'line': b'                 from \x1b[01m\x1b[K/home/ubuntu22/lidar_slam_ws/src/sllidar_ros2/./sdk/src/sdkcommon.h:49\x1b[m\x1b[K,\n'}
[9.776510] (sllidar_ros2) StderrLine: {'line': b'                 from \x1b[01m\x1b[K/home/ubuntu22/lidar_slam_ws/src/sllidar_ros2/sdk/src/dataunpacker/unpacker/../dataunnpacker_commondef.h:41\x1b[m\x1b[K,\n'}
[9.776590] (sllidar_ros2) StderrLine: {'line': b'                 from \x1b[01m\x1b[K/home/ubuntu22/lidar_slam_ws/src/sllidar_ros2/sdk/src/dataunpacker/unpacker/handler_capsules.cpp:39\x1b[m\x1b[K:\n'}
[9.776667] (sllidar_ros2) StderrLine: {'line': b'\x1b[01m\x1b[K/home/ubuntu22/lidar_slam_ws/src/sllidar_ros2/./sdk/include/sl_lidar_protocol.h:66:16:\x1b[m\x1b[K \x1b[01;35m\x1b[Kwarning: \x1b[m\x1b[KISO C++ forbids zero-size array \xe2\x80\x98\x1b[01m\x1b[Kdata\x1b[m\x1b[K\xe2\x80\x99 [\x1b[01;35m\x1b[K\x1b]8;;https://gcc.gnu.org/onlinedocs/gcc/Warning-Options.html#index-Wpedantic\x07-Wpedantic\x1b]8;;\x07\x1b[m\x1b[K]\n'}
[9.776750] (sllidar_ros2) StderrLine: {'line': b'   66 |     sl_u8 data[\x1b[01;35m\x1b[K0\x1b[m\x1b[K];\n'}
[9.776821] (sllidar_ros2) StderrLine: {'line': b'      |                \x1b[01;35m\x1b[K^\x1b[m\x1b[K\n'}
[9.776889] (sllidar_ros2) StderrLine: {'line': b'In file included from \x1b[01m\x1b[K/home/ubuntu22/lidar_slam_ws/src/sllidar_ros2/./sdk/include/rplidar_cmd.h:36\x1b[m\x1b[K,\n'}
[9.777083] (sllidar_ros2) StderrLine: {'line': b'                 from \x1b[01m\x1b[K/home/ubuntu22/lidar_slam_ws/src/sllidar_ros2/./sdk/include/rplidar.h:40\x1b[m\x1b[K,\n'}
[9.777266] (sllidar_ros2) StderrLine: {'line': b'                 from \x1b[01m\x1b[K/home/ubuntu22/lidar_slam_ws/src/sllidar_ros2/./sdk/src/sdkcommon.h:49\x1b[m\x1b[K,\n'}
[9.777382] (sllidar_ros2) StderrLine: {'line': b'                 from \x1b[01m\x1b[K/home/ubuntu22/lidar_slam_ws/src/sllidar_ros2/sdk/src/dataunpacker/unpacker/../dataunnpacker_commondef.h:41\x1b[m\x1b[K,\n'}
[9.777527] (sllidar_ros2) StderrLine: {'line': b'                 from \x1b[01m\x1b[K/home/ubuntu22/lidar_slam_ws/src/sllidar_ros2/sdk/src/dataunpacker/unpacker/handler_capsules.cpp:39\x1b[m\x1b[K:\n'}
[9.777666] (sllidar_ros2) StderrLine: {'line': b'\x1b[01m\x1b[K/home/ubuntu22/lidar_slam_ws/src/sllidar_ros2/./sdk/include/sl_lidar_cmd.h:324:20:\x1b[m\x1b[K \x1b[01;35m\x1b[Kwarning: \x1b[m\x1b[KISO C++ forbids zero-size array \xe2\x80\x98\x1b[01m\x1b[Kpayload\x1b[m\x1b[K\xe2\x80\x99 [\x1b[01;35m\x1b[K\x1b]8;;https://gcc.gnu.org/onlinedocs/gcc/Warning-Options.html#index-Wpedantic\x07-Wpedantic\x1b]8;;\x07\x1b[m\x1b[K]\n'}
[9.777788] (sllidar_ros2) StderrLine: {'line': b'  324 |     sl_u8  payload[\x1b[01;35m\x1b[K0\x1b[m\x1b[K];\n'}
[9.777891] (sllidar_ros2) StderrLine: {'line': b'      |                    \x1b[01;35m\x1b[K^\x1b[m\x1b[K\n'}
[9.779704] (sllidar_ros2) StderrLine: {'line': b'In file included from \x1b[01m\x1b[K/home/ubuntu22/lidar_slam_ws/src/sllidar_ros2/sdk/src/hal/thread.cpp:43\x1b[m\x1b[K:\n'}
[9.780056] (sllidar_ros2) StderrLine: {'line': b'\x1b[01m\x1b[K/home/ubuntu22/lidar_slam_ws/src/sllidar_ros2/./sdk/src/arch/linux/thread.hpp:\x1b[m\x1b[K In static member function \xe2\x80\x98\x1b[01m\x1b[Kstatic rp::hal::Thread rp::hal::Thread::create(thread_proc_t, void*)\x1b[m\x1b[K\xe2\x80\x99:\n'}
[9.784280] (sllidar_ros2) StderrLine: {'line': b'\x1b[01m\x1b[K/home/ubuntu22/lidar_slam_ws/src/sllidar_ros2/./sdk/src/arch/linux/thread.hpp:52:57:\x1b[m\x1b[K \x1b[01;35m\x1b[Kwarning: \x1b[m\x1b[Kcast between incompatible function types from \xe2\x80\x98\x1b[01m\x1b[Kthread_proc_t\x1b[m\x1b[K\xe2\x80\x99 {aka \xe2\x80\x98\x1b[01m\x1b[Klong unsigned int (*)(void*)\x1b[m\x1b[K\xe2\x80\x99} to \xe2\x80\x98\x1b[01m\x1b[Kvoid* (*)(void*)\x1b[m\x1b[K\xe2\x80\x99 [\x1b[01;35m\x1b[K\x1b]8;;https://gcc.gnu.org/onlinedocs/gcc/Warning-Options.html#index-Wcast-function-type\x07-Wcast-function-type\x1b]8;;\x07\x1b[m\x1b[K]\n'}
[9.784582] (sllidar_ros2) StderrLine: {'line': b'   52 |     pthread_create((pthread_t *)&newborn._handle, NULL, \x1b[01;35m\x1b[K(void * (*)(void *))proc\x1b[m\x1b[K, data);\n'}
[9.784706] (sllidar_ros2) StderrLine: {'line': b'      |                                                         \x1b[01;35m\x1b[K^~~~~~~~~~~~~~~~~~~~~~~~\x1b[m\x1b[K\n'}
[9.784819] (sllidar_ros2) StderrLine: {'line': b'\x1b[01m\x1b[K/home/ubuntu22/lidar_slam_ws/src/sllidar_ros2/./sdk/src/arch/linux/thread.hpp:\x1b[m\x1b[K In member function \xe2\x80\x98\x1b[01m\x1b[Ku_result rp::hal::Thread::join(long unsigned int)\x1b[m\x1b[K\xe2\x80\x99:\n'}
[9.784905] (sllidar_ros2) StderrLine: {'line': b'\x1b[01m\x1b[K/home/ubuntu22/lidar_slam_ws/src/sllidar_ros2/./sdk/src/arch/linux/thread.hpp:176:37:\x1b[m\x1b[K \x1b[01;35m\x1b[Kwarning: \x1b[m\x1b[Kunused parameter \xe2\x80\x98\x1b[01m\x1b[Ktimeout\x1b[m\x1b[K\xe2\x80\x99 [\x1b[01;35m\x1b[K\x1b]8;;https://gcc.gnu.org/onlinedocs/gcc/Warning-Options.html#index-Wunused-parameter\x07-Wunused-parameter\x1b]8;;\x07\x1b[m\x1b[K]\n'}
[9.784982] (sllidar_ros2) StderrLine: {'line': b'  176 | u_result Thread::join(\x1b[01;35m\x1b[Kunsigned long timeout\x1b[m\x1b[K)\n'}
[9.785049] (sllidar_ros2) StderrLine: {'line': b'      |                       \x1b[01;35m\x1b[K~~~~~~~~~~~~~~^~~~~~~\x1b[m\x1b[K\n'}
[9.785122] (sllidar_ros2) StderrLine: {'line': b'In file included from \x1b[01m\x1b[K/home/ubuntu22/lidar_slam_ws/src/sllidar_ros2/./sdk/include/rplidar_protocol.h:36\x1b[m\x1b[K,\n'}
[9.785197] (sllidar_ros2) StderrLine: {'line': b'                 from \x1b[01m\x1b[K/home/ubuntu22/lidar_slam_ws/src/sllidar_ros2/./sdk/include/rplidar.h:39\x1b[m\x1b[K,\n'}
[9.785266] (sllidar_ros2) StderrLine: {'line': b'                 from \x1b[01m\x1b[K/home/ubuntu22/lidar_slam_ws/src/sllidar_ros2/./sdk/src/sdkcommon.h:49\x1b[m\x1b[K,\n'}
[9.785338] (sllidar_ros2) StderrLine: {'line': b'                 from \x1b[01m\x1b[K/home/ubuntu22/lidar_slam_ws/src/sllidar_ros2/sdk/src/dataunpacker/dataunnpacker_commondef.h:41\x1b[m\x1b[K,\n'}
[9.785468] (sllidar_ros2) StderrLine: {'line': b'                 from \x1b[01m\x1b[K/home/ubuntu22/lidar_slam_ws/src/sllidar_ros2/sdk/src/dataunpacker/dataunpacker.cpp:39\x1b[m\x1b[K:\n'}
[9.785565] (sllidar_ros2) StderrLine: {'line': b'\x1b[01m\x1b[K/home/ubuntu22/lidar_slam_ws/src/sllidar_ros2/./sdk/include/sl_lidar_protocol.h:66:16:\x1b[m\x1b[K \x1b[01;35m\x1b[Kwarning: \x1b[m\x1b[KISO C++ forbids zero-size array \xe2\x80\x98\x1b[01m\x1b[Kdata\x1b[m\x1b[K\xe2\x80\x99 [\x1b[01;35m\x1b[K\x1b]8;;https://gcc.gnu.org/onlinedocs/gcc/Warning-Options.html#index-Wpedantic\x07-Wpedantic\x1b]8;;\x07\x1b[m\x1b[K]\n'}
[9.785651] (sllidar_ros2) StderrLine: {'line': b'   66 |     sl_u8 data[\x1b[01;35m\x1b[K0\x1b[m\x1b[K];\n'}
[9.785721] (sllidar_ros2) StderrLine: {'line': b'      |                \x1b[01;35m\x1b[K^\x1b[m\x1b[K\n'}
[9.785805] (sllidar_ros2) StderrLine: {'line': b'In file included from \x1b[01m\x1b[K/home/ubuntu22/lidar_slam_ws/src/sllidar_ros2/./sdk/include/rplidar_cmd.h:36\x1b[m\x1b[K,\n'}
[9.785904] (sllidar_ros2) StderrLine: {'line': b'                 from \x1b[01m\x1b[K/home/ubuntu22/lidar_slam_ws/src/sllidar_ros2/./sdk/include/rplidar.h:40\x1b[m\x1b[K,\n'}
[9.785982] (sllidar_ros2) StderrLine: {'line': b'                 from \x1b[01m\x1b[K/home/ubuntu22/lidar_slam_ws/src/sllidar_ros2/./sdk/src/sdkcommon.h:49\x1b[m\x1b[K,\n'}
[9.786075] (sllidar_ros2) StderrLine: {'line': b'                 from \x1b[01m\x1b[K/home/ubuntu22/lidar_slam_ws/src/sllidar_ros2/sdk/src/dataunpacker/dataunnpacker_commondef.h:41\x1b[m\x1b[K,\n'}
[9.786172] (sllidar_ros2) StderrLine: {'line': b'                 from \x1b[01m\x1b[K/home/ubuntu22/lidar_slam_ws/src/sllidar_ros2/sdk/src/dataunpacker/dataunpacker.cpp:39\x1b[m\x1b[K:\n'}
[9.786259] (sllidar_ros2) StderrLine: {'line': b'\x1b[01m\x1b[K/home/ubuntu22/lidar_slam_ws/src/sllidar_ros2/./sdk/include/sl_lidar_cmd.h:324:20:\x1b[m\x1b[K \x1b[01;35m\x1b[Kwarning: \x1b[m\x1b[KISO C++ forbids zero-size array \xe2\x80\x98\x1b[01m\x1b[Kpayload\x1b[m\x1b[K\xe2\x80\x99 [\x1b[01;35m\x1b[K\x1b]8;;https://gcc.gnu.org/onlinedocs/gcc/Warning-Options.html#index-Wpedantic\x07-Wpedantic\x1b]8;;\x07\x1b[m\x1b[K]\n'}
[9.786337] (sllidar_ros2) StderrLine: {'line': b'  324 |     sl_u8  payload[\x1b[01;35m\x1b[K0\x1b[m\x1b[K];\n'}
[9.786420] (sllidar_ros2) StderrLine: {'line': b'      |                    \x1b[01;35m\x1b[K^\x1b[m\x1b[K\n'}
[9.811989] (sllidar_ros2) StderrLine: {'line': b'In file included from \x1b[01m\x1b[K/home/ubuntu22/lidar_slam_ws/src/sllidar_ros2/./sdk/include/rplidar_protocol.h:36\x1b[m\x1b[K,\n'}
[9.812293] (sllidar_ros2) StderrLine: {'line': b'                 from \x1b[01m\x1b[K/home/ubuntu22/lidar_slam_ws/src/sllidar_ros2/./sdk/include/rplidar.h:39\x1b[m\x1b[K,\n'}
[9.812400] (sllidar_ros2) StderrLine: {'line': b'                 from \x1b[01m\x1b[K/home/ubuntu22/lidar_slam_ws/src/sllidar_ros2/sdk/src/sdkcommon.h:49\x1b[m\x1b[K,\n'}
[9.812480] (sllidar_ros2) StderrLine: {'line': b'                 from \x1b[01m\x1b[K/home/ubuntu22/lidar_slam_ws/src/sllidar_ros2/sdk/src/sl_lidarprotocol_codec.cpp:35\x1b[m\x1b[K:\n'}
[9.812576] (sllidar_ros2) StderrLine: {'line': b'\x1b[01m\x1b[K/home/ubuntu22/lidar_slam_ws/src/sllidar_ros2/./sdk/include/sl_lidar_protocol.h:66:16:\x1b[m\x1b[K \x1b[01;35m\x1b[Kwarning: \x1b[m\x1b[KISO C++ forbids zero-size array \xe2\x80\x98\x1b[01m\x1b[Kdata\x1b[m\x1b[K\xe2\x80\x99 [\x1b[01;35m\x1b[K\x1b]8;;https://gcc.gnu.org/onlinedocs/gcc/Warning-Options.html#index-Wpedantic\x07-Wpedantic\x1b]8;;\x07\x1b[m\x1b[K]\n'}
[9.812668] (sllidar_ros2) StderrLine: {'line': b'   66 |     sl_u8 data[\x1b[01;35m\x1b[K0\x1b[m\x1b[K];\n'}
[9.812742] (sllidar_ros2) StderrLine: {'line': b'      |                \x1b[01;35m\x1b[K^\x1b[m\x1b[K\n'}
[9.812812] (sllidar_ros2) StderrLine: {'line': b'In file included from \x1b[01m\x1b[K/home/ubuntu22/lidar_slam_ws/src/sllidar_ros2/./sdk/include/rplidar_cmd.h:36\x1b[m\x1b[K,\n'}
[9.812935] (sllidar_ros2) StderrLine: {'line': b'                 from \x1b[01m\x1b[K/home/ubuntu22/lidar_slam_ws/src/sllidar_ros2/./sdk/include/rplidar.h:40\x1b[m\x1b[K,\n'}
[9.813032] (sllidar_ros2) StderrLine: {'line': b'                 from \x1b[01m\x1b[K/home/ubuntu22/lidar_slam_ws/src/sllidar_ros2/sdk/src/sdkcommon.h:49\x1b[m\x1b[K,\n'}
[9.813108] (sllidar_ros2) StderrLine: {'line': b'                 from \x1b[01m\x1b[K/home/ubuntu22/lidar_slam_ws/src/sllidar_ros2/sdk/src/sl_lidarprotocol_codec.cpp:35\x1b[m\x1b[K:\n'}
[9.813185] (sllidar_ros2) StderrLine: {'line': b'\x1b[01m\x1b[K/home/ubuntu22/lidar_slam_ws/src/sllidar_ros2/./sdk/include/sl_lidar_cmd.h:324:20:\x1b[m\x1b[K \x1b[01;35m\x1b[Kwarning: \x1b[m\x1b[KISO C++ forbids zero-size array \xe2\x80\x98\x1b[01m\x1b[Kpayload\x1b[m\x1b[K\xe2\x80\x99 [\x1b[01;35m\x1b[K\x1b]8;;https://gcc.gnu.org/onlinedocs/gcc/Warning-Options.html#index-Wpedantic\x07-Wpedantic\x1b]8;;\x07\x1b[m\x1b[K]\n'}
[9.813269] (sllidar_ros2) StderrLine: {'line': b'  324 |     sl_u8  payload[\x1b[01;35m\x1b[K0\x1b[m\x1b[K];\n'}
[9.813345] (sllidar_ros2) StderrLine: {'line': b'      |                    \x1b[01;35m\x1b[K^\x1b[m\x1b[K\n'}
[9.838833] (sllidar_ros2) StderrLine: {'line': b'In file included from \x1b[01m\x1b[K/home/ubuntu22/lidar_slam_ws/src/sllidar_ros2/./sdk/include/rplidar_protocol.h:36\x1b[m\x1b[K,\n'}
[9.839240] (sllidar_ros2) StderrLine: {'line': b'                 from \x1b[01m\x1b[K/home/ubuntu22/lidar_slam_ws/src/sllidar_ros2/./sdk/include/rplidar.h:39\x1b[m\x1b[K,\n'}
[9.839382] (sllidar_ros2) StderrLine: {'line': b'                 from \x1b[01m\x1b[K/home/ubuntu22/lidar_slam_ws/src/sllidar_ros2/sdk/src/sdkcommon.h:49\x1b[m\x1b[K,\n'}
[9.839473] (sllidar_ros2) StderrLine: {'line': b'                 from \x1b[01m\x1b[K/home/ubuntu22/lidar_slam_ws/src/sllidar_ros2/sdk/src/rplidar_driver.cpp:33\x1b[m\x1b[K:\n'}
[9.839556] (sllidar_ros2) StderrLine: {'line': b'\x1b[01m\x1b[K/home/ubuntu22/lidar_slam_ws/src/sllidar_ros2/./sdk/include/sl_lidar_protocol.h:66:16:\x1b[m\x1b[K \x1b[01;35m\x1b[Kwarning: \x1b[m\x1b[KISO C++ forbids zero-size array \xe2\x80\x98\x1b[01m\x1b[Kdata\x1b[m\x1b[K\xe2\x80\x99 [\x1b[01;35m\x1b[K\x1b]8;;https://gcc.gnu.org/onlinedocs/gcc/Warning-Options.html#index-Wpedantic\x07-Wpedantic\x1b]8;;\x07\x1b[m\x1b[K]\n'}
[9.839680] (sllidar_ros2) StderrLine: {'line': b'   66 |     sl_u8 data[\x1b[01;35m\x1b[K0\x1b[m\x1b[K];\n'}
[9.839797] (sllidar_ros2) StderrLine: {'line': b'      |                \x1b[01;35m\x1b[K^\x1b[m\x1b[K\n'}
[9.841278] (sllidar_ros2) StderrLine: {'line': b'In file included from \x1b[01m\x1b[K/home/ubuntu22/lidar_slam_ws/src/sllidar_ros2/./sdk/include/rplidar_cmd.h:36\x1b[m\x1b[K,\n'}
[9.841637] (sllidar_ros2) StderrLine: {'line': b'                 from \x1b[01m\x1b[K/home/ubuntu22/lidar_slam_ws/src/sllidar_ros2/./sdk/include/rplidar.h:40\x1b[m\x1b[K,\n'}
[9.841741] (sllidar_ros2) StderrLine: {'line': b'                 from \x1b[01m\x1b[K/home/ubuntu22/lidar_slam_ws/src/sllidar_ros2/sdk/src/sdkcommon.h:49\x1b[m\x1b[K,\n'}
[9.841821] (sllidar_ros2) StderrLine: {'line': b'                 from \x1b[01m\x1b[K/home/ubuntu22/lidar_slam_ws/src/sllidar_ros2/sdk/src/rplidar_driver.cpp:33\x1b[m\x1b[K:\n'}
[9.841899] (sllidar_ros2) StderrLine: {'line': b'\x1b[01m\x1b[K/home/ubuntu22/lidar_slam_ws/src/sllidar_ros2/./sdk/include/sl_lidar_cmd.h:324:20:\x1b[m\x1b[K \x1b[01;35m\x1b[Kwarning: \x1b[m\x1b[KISO C++ forbids zero-size array \xe2\x80\x98\x1b[01m\x1b[Kpayload\x1b[m\x1b[K\xe2\x80\x99 [\x1b[01;35m\x1b[K\x1b]8;;https://gcc.gnu.org/onlinedocs/gcc/Warning-Options.html#index-Wpedantic\x07-Wpedantic\x1b]8;;\x07\x1b[m\x1b[K]\n'}
[9.841987] (sllidar_ros2) StderrLine: {'line': b'  324 |     sl_u8  payload[\x1b[01;35m\x1b[K0\x1b[m\x1b[K];\n'}
[9.842063] (sllidar_ros2) StderrLine: {'line': b'      |                    \x1b[01;35m\x1b[K^\x1b[m\x1b[K\n'}
[9.842205] (sllidar_ros2) StderrLine: {'line': b'In file included from \x1b[01m\x1b[K/home/ubuntu22/lidar_slam_ws/src/sllidar_ros2/./sdk/include/rplidar_protocol.h:36\x1b[m\x1b[K,\n'}
[9.842299] (sllidar_ros2) StderrLine: {'line': b'                 from \x1b[01m\x1b[K/home/ubuntu22/lidar_slam_ws/src/sllidar_ros2/./sdk/include/rplidar.h:39\x1b[m\x1b[K,\n'}
[9.842379] (sllidar_ros2) StderrLine: {'line': b'                 from \x1b[01m\x1b[K/home/ubuntu22/lidar_slam_ws/src/sllidar_ros2/./sdk/src/sdkcommon.h:49\x1b[m\x1b[K,\n'}
[9.842481] (sllidar_ros2) StderrLine: {'line': b'                 from \x1b[01m\x1b[K/home/ubuntu22/lidar_slam_ws/src/sllidar_ros2/sdk/src/arch/linux/net_socket.cpp:10\x1b[m\x1b[K:\n'}
[9.842589] (sllidar_ros2) StderrLine: {'line': b'\x1b[01m\x1b[K/home/ubuntu22/lidar_slam_ws/src/sllidar_ros2/./sdk/include/sl_lidar_protocol.h:66:16:\x1b[m\x1b[K \x1b[01;35m\x1b[Kwarning: \x1b[m\x1b[KISO C++ forbids zero-size array \xe2\x80\x98\x1b[01m\x1b[Kdata\x1b[m\x1b[K\xe2\x80\x99 [\x1b[01;35m\x1b[K\x1b]8;;https://gcc.gnu.org/onlinedocs/gcc/Warning-Options.html#index-Wpedantic\x07-Wpedantic\x1b]8;;\x07\x1b[m\x1b[K]\n'}
[9.842678] (sllidar_ros2) StderrLine: {'line': b'   66 |     sl_u8 data[\x1b[01;35m\x1b[K0\x1b[m\x1b[K];\n'}
[9.842758] (sllidar_ros2) StderrLine: {'line': b'      |                \x1b[01;35m\x1b[K^\x1b[m\x1b[K\n'}
[9.842851] (sllidar_ros2) StderrLine: {'line': b'In file included from \x1b[01m\x1b[K/home/ubuntu22/lidar_slam_ws/src/sllidar_ros2/./sdk/include/rplidar_cmd.h:36\x1b[m\x1b[K,\n'}
[9.842933] (sllidar_ros2) StderrLine: {'line': b'                 from \x1b[01m\x1b[K/home/ubuntu22/lidar_slam_ws/src/sllidar_ros2/./sdk/include/rplidar.h:40\x1b[m\x1b[K,\n'}
[9.843009] (sllidar_ros2) StderrLine: {'line': b'                 from \x1b[01m\x1b[K/home/ubuntu22/lidar_slam_ws/src/sllidar_ros2/./sdk/src/sdkcommon.h:49\x1b[m\x1b[K,\n'}
[9.843094] (sllidar_ros2) StderrLine: {'line': b'                 from \x1b[01m\x1b[K/home/ubuntu22/lidar_slam_ws/src/sllidar_ros2/sdk/src/arch/linux/net_socket.cpp:10\x1b[m\x1b[K:\n'}
[9.843172] (sllidar_ros2) StderrLine: {'line': b'\x1b[01m\x1b[K/home/ubuntu22/lidar_slam_ws/src/sllidar_ros2/./sdk/include/sl_lidar_cmd.h:324:20:\x1b[m\x1b[K \x1b[01;35m\x1b[Kwarning: \x1b[m\x1b[KISO C++ forbids zero-size array \xe2\x80\x98\x1b[01m\x1b[Kpayload\x1b[m\x1b[K\xe2\x80\x99 [\x1b[01;35m\x1b[K\x1b]8;;https://gcc.gnu.org/onlinedocs/gcc/Warning-Options.html#index-Wpedantic\x07-Wpedantic\x1b]8;;\x07\x1b[m\x1b[K]\n'}
[9.843260] (sllidar_ros2) StderrLine: {'line': b'  324 |     sl_u8  payload[\x1b[01;35m\x1b[K0\x1b[m\x1b[K];\n'}
[9.843338] (sllidar_ros2) StderrLine: {'line': b'      |                    \x1b[01;35m\x1b[K^\x1b[m\x1b[K\n'}
[9.843996] (-) TimerEvent: {}
[9.887275] (sllidar_ros2) StderrLine: {'line': b'In file included from \x1b[01m\x1b[K/home/ubuntu22/lidar_slam_ws/src/sllidar_ros2/./sdk/include/sl_lidar_cmd.h:41\x1b[m\x1b[K,\n'}
[9.887639] (sllidar_ros2) StderrLine: {'line': b'                 from \x1b[01m\x1b[K/home/ubuntu22/lidar_slam_ws/src/sllidar_ros2/./sdk/include/sl_lidar_driver.h:54\x1b[m\x1b[K,\n'}
[9.887783] (sllidar_ros2) StderrLine: {'line': b'                 from \x1b[01m\x1b[K/home/ubuntu22/lidar_slam_ws/src/sllidar_ros2/sdk/src/sl_tcp_channel.cpp:33\x1b[m\x1b[K:\n'}
[9.888065] (sllidar_ros2) StderrLine: {'line': b'\x1b[01m\x1b[K/home/ubuntu22/lidar_slam_ws/src/sllidar_ros2/./sdk/include/sl_lidar_protocol.h:66:16:\x1b[m\x1b[K \x1b[01;35m\x1b[Kwarning: \x1b[m\x1b[KISO C++ forbids zero-size array \xe2\x80\x98\x1b[01m\x1b[Kdata\x1b[m\x1b[K\xe2\x80\x99 [\x1b[01;35m\x1b[K\x1b]8;;https://gcc.gnu.org/onlinedocs/gcc/Warning-Options.html#index-Wpedantic\x07-Wpedantic\x1b]8;;\x07\x1b[m\x1b[K]\n'}
[9.888240] (sllidar_ros2) StderrLine: {'line': b'   66 |     sl_u8 data[\x1b[01;35m\x1b[K0\x1b[m\x1b[K];\n'}
[9.888377] (sllidar_ros2) StderrLine: {'line': b'      |                \x1b[01;35m\x1b[K^\x1b[m\x1b[K\n'}
[9.889283] (sllidar_ros2) StderrLine: {'line': b'In file included from \x1b[01m\x1b[K/home/ubuntu22/lidar_slam_ws/src/sllidar_ros2/./sdk/include/sl_lidar_driver.h:54\x1b[m\x1b[K,\n'}
[9.889556] (sllidar_ros2) StderrLine: {'line': b'                 from \x1b[01m\x1b[K/home/ubuntu22/lidar_slam_ws/src/sllidar_ros2/sdk/src/sl_tcp_channel.cpp:33\x1b[m\x1b[K:\n'}
[9.889736] (sllidar_ros2) StderrLine: {'line': b'\x1b[01m\x1b[K/home/ubuntu22/lidar_slam_ws/src/sllidar_ros2/./sdk/include/sl_lidar_cmd.h:324:20:\x1b[m\x1b[K \x1b[01;35m\x1b[Kwarning: \x1b[m\x1b[KISO C++ forbids zero-size array \xe2\x80\x98\x1b[01m\x1b[Kpayload\x1b[m\x1b[K\xe2\x80\x99 [\x1b[01;35m\x1b[K\x1b]8;;https://gcc.gnu.org/onlinedocs/gcc/Warning-Options.html#index-Wpedantic\x07-Wpedantic\x1b]8;;\x07\x1b[m\x1b[K]\n'}
[9.889922] (sllidar_ros2) StderrLine: {'line': b'  324 |     sl_u8  payload[\x1b[01;35m\x1b[K0\x1b[m\x1b[K];\n'}
[9.890078] (sllidar_ros2) StderrLine: {'line': b'      |                    \x1b[01;35m\x1b[K^\x1b[m\x1b[K\n'}
[9.896365] (sllidar_ros2) StderrLine: {'line': b'\x1b[01m\x1b[K/home/ubuntu22/lidar_slam_ws/src/sllidar_ros2/sdk/src/sl_tcp_channel.cpp:\x1b[m\x1b[K In member function \xe2\x80\x98\x1b[01m\x1b[Kvoid sl::TcpChannel::setStatus(_u32)\x1b[m\x1b[K\xe2\x80\x99:\n'}
[9.896719] (sllidar_ros2) StderrLine: {'line': b'\x1b[01m\x1b[K/home/ubuntu22/lidar_slam_ws/src/sllidar_ros2/sdk/src/sl_tcp_channel.cpp:109:29:\x1b[m\x1b[K \x1b[01;35m\x1b[Kwarning: \x1b[m\x1b[Kunused parameter \xe2\x80\x98\x1b[01m\x1b[Kflag\x1b[m\x1b[K\xe2\x80\x99 [\x1b[01;35m\x1b[K\x1b]8;;https://gcc.gnu.org/onlinedocs/gcc/Warning-Options.html#index-Wunused-parameter\x07-Wunused-parameter\x1b]8;;\x07\x1b[m\x1b[K]\n'}
[9.897183] (sllidar_ros2) StderrLine: {'line': b'  109 |         void setStatus(\x1b[01;35m\x1b[K_u32 flag\x1b[m\x1b[K){}\n'}
[9.897361] (sllidar_ros2) StderrLine: {'line': b'      |                        \x1b[01;35m\x1b[K~~~~~^~~~\x1b[m\x1b[K\n'}
[9.944155] (-) TimerEvent: {}
[9.946231] (sllidar_ros2) StderrLine: {'line': b'In file included from \x1b[01m\x1b[K/home/ubuntu22/lidar_slam_ws/src/sllidar_ros2/./sdk/src/arch/linux/arch_linux.h:42\x1b[m\x1b[K,\n'}
[9.946479] (sllidar_ros2) StderrLine: {'line': b'                 from \x1b[01m\x1b[K/home/ubuntu22/lidar_slam_ws/src/sllidar_ros2/./sdk/src/sdkcommon.h:41\x1b[m\x1b[K,\n'}
[9.946593] (sllidar_ros2) StderrLine: {'line': b'                 from \x1b[01m\x1b[K/home/ubuntu22/lidar_slam_ws/src/sllidar_ros2/sdk/src/arch/linux/net_socket.cpp:10\x1b[m\x1b[K:\n'}
[9.946850] (sllidar_ros2) StderrLine: {'line': b'\x1b[01m\x1b[K/home/ubuntu22/lidar_slam_ws/src/sllidar_ros2/sdk/src/arch/linux/net_socket.cpp:\x1b[m\x1b[K In member function \xe2\x80\x98\x1b[01m\x1b[Kvirtual u_result rp::arch::net::DGramSocketImpl::sendTo(const rp::net::SocketAddress*, const void*, size_t)\x1b[m\x1b[K\xe2\x80\x99:\n'}
[9.946989] (sllidar_ros2) StderrLine: {'line': b'\x1b[01m\x1b[K/home/ubuntu22/lidar_slam_ws/src/sllidar_ros2/sdk/src/arch/linux/net_socket.cpp:733:24:\x1b[m\x1b[K \x1b[01;35m\x1b[Kwarning: \x1b[m\x1b[Kcomparison of integer expressions of different signedness: \xe2\x80\x98\x1b[01m\x1b[Kint\x1b[m\x1b[K\xe2\x80\x99 and \xe2\x80\x98\x1b[01m\x1b[Ksize_t\x1b[m\x1b[K\xe2\x80\x99 {aka \xe2\x80\x98\x1b[01m\x1b[Klong unsigned int\x1b[m\x1b[K\xe2\x80\x99} [\x1b[01;35m\x1b[K\x1b]8;;https://gcc.gnu.org/onlinedocs/gcc/Warning-Options.html#index-Wsign-compare\x07-Wsign-compare\x1b]8;;\x07\x1b[m\x1b[K]\n'}
[9.947078] (sllidar_ros2) StderrLine: {'line': b'  733 |             assert(\x1b[01;35m\x1b[Kans == len\x1b[m\x1b[K);\n'}
[9.947155] (sllidar_ros2) StderrLine: {'line': b'      |                    \x1b[01;35m\x1b[K~~~~^~~~~~\x1b[m\x1b[K\n'}
[9.961757] (sllidar_ros2) StderrLine: {'line': b'In file included from \x1b[01m\x1b[K/home/ubuntu22/lidar_slam_ws/src/sllidar_ros2/./sdk/include/rplidar_protocol.h:36\x1b[m\x1b[K,\n'}
[9.962176] (sllidar_ros2) StderrLine: {'line': b'                 from \x1b[01m\x1b[K/home/ubuntu22/lidar_slam_ws/src/sllidar_ros2/./sdk/include/rplidar.h:39\x1b[m\x1b[K,\n'}
[9.962287] (sllidar_ros2) StderrLine: {'line': b'                 from \x1b[01m\x1b[K/home/ubuntu22/lidar_slam_ws/src/sllidar_ros2/./sdk/src/sdkcommon.h:49\x1b[m\x1b[K,\n'}
[9.962361] (sllidar_ros2) StderrLine: {'line': b'                 from \x1b[01m\x1b[K/home/ubuntu22/lidar_slam_ws/src/sllidar_ros2/sdk/src/dataunpacker/unpacker/../dataunnpacker_commondef.h:41\x1b[m\x1b[K,\n'}
[9.962923] (sllidar_ros2) StderrLine: {'line': b'                 from \x1b[01m\x1b[K/home/ubuntu22/lidar_slam_ws/src/sllidar_ros2/sdk/src/dataunpacker/unpacker/handler_normalnode.cpp:39\x1b[m\x1b[K:\n'}
[9.963247] (sllidar_ros2) StderrLine: {'line': b'\x1b[01m\x1b[K/home/ubuntu22/lidar_slam_ws/src/sllidar_ros2/./sdk/include/sl_lidar_protocol.h:66:16:\x1b[m\x1b[K \x1b[01;35m\x1b[Kwarning: \x1b[m\x1b[KISO C++ forbids zero-size array \xe2\x80\x98\x1b[01m\x1b[Kdata\x1b[m\x1b[K\xe2\x80\x99 [\x1b[01;35m\x1b[K\x1b]8;;https://gcc.gnu.org/onlinedocs/gcc/Warning-Options.html#index-Wpedantic\x07-Wpedantic\x1b]8;;\x07\x1b[m\x1b[K]\n'}
[9.963891] (sllidar_ros2) StderrLine: {'line': b'   66 |     sl_u8 data[\x1b[01;35m\x1b[K0\x1b[m\x1b[K];\n'}
[9.964031] (sllidar_ros2) StderrLine: {'line': b'      |                \x1b[01;35m\x1b[K^\x1b[m\x1b[K\n'}
[9.964122] (sllidar_ros2) StderrLine: {'line': b'In file included from \x1b[01m\x1b[K/home/ubuntu22/lidar_slam_ws/src/sllidar_ros2/./sdk/include/rplidar_cmd.h:36\x1b[m\x1b[K,\n'}
[9.964207] (sllidar_ros2) StderrLine: {'line': b'                 from \x1b[01m\x1b[K/home/ubuntu22/lidar_slam_ws/src/sllidar_ros2/./sdk/include/rplidar.h:40\x1b[m\x1b[K,\n'}
[9.964296] (sllidar_ros2) StderrLine: {'line': b'                 from \x1b[01m\x1b[K/home/ubuntu22/lidar_slam_ws/src/sllidar_ros2/./sdk/src/sdkcommon.h:49\x1b[m\x1b[K,\n'}
[9.964374] (sllidar_ros2) StderrLine: {'line': b'                 from \x1b[01m\x1b[K/home/ubuntu22/lidar_slam_ws/src/sllidar_ros2/sdk/src/dataunpacker/unpacker/../dataunnpacker_commondef.h:41\x1b[m\x1b[K,\n'}
[9.964451] (sllidar_ros2) StderrLine: {'line': b'                 from \x1b[01m\x1b[K/home/ubuntu22/lidar_slam_ws/src/sllidar_ros2/sdk/src/dataunpacker/unpacker/handler_normalnode.cpp:39\x1b[m\x1b[K:\n'}
[9.964527] (sllidar_ros2) StderrLine: {'line': b'\x1b[01m\x1b[K/home/ubuntu22/lidar_slam_ws/src/sllidar_ros2/./sdk/include/sl_lidar_cmd.h:324:20:\x1b[m\x1b[K \x1b[01;35m\x1b[Kwarning: \x1b[m\x1b[KISO C++ forbids zero-size array \xe2\x80\x98\x1b[01m\x1b[Kpayload\x1b[m\x1b[K\xe2\x80\x99 [\x1b[01;35m\x1b[K\x1b]8;;https://gcc.gnu.org/onlinedocs/gcc/Warning-Options.html#index-Wpedantic\x07-Wpedantic\x1b]8;;\x07\x1b[m\x1b[K]\n'}
[9.964609] (sllidar_ros2) StderrLine: {'line': b'  324 |     sl_u8  payload[\x1b[01;35m\x1b[K0\x1b[m\x1b[K];\n'}
[9.964741] (sllidar_ros2) StderrLine: {'line': b'      |                    \x1b[01;35m\x1b[K^\x1b[m\x1b[K\n'}
[9.977794] (sllidar_ros2) StderrLine: {'line': b'\x1b[01m\x1b[K/home/ubuntu22/lidar_slam_ws/src/sllidar_ros2/sdk/src/arch/linux/net_serial.cpp:\x1b[m\x1b[K In member function \xe2\x80\x98\x1b[01m\x1b[Kbool rp::arch::net::raw_serial::open(const char*, uint32_t, uint32_t)\x1b[m\x1b[K\xe2\x80\x99:\n'}
[9.978745] (sllidar_ros2) StderrLine: {'line': b'\x1b[01m\x1b[K/home/ubuntu22/lidar_slam_ws/src/sllidar_ros2/sdk/src/arch/linux/net_serial.cpp:97:74:\x1b[m\x1b[K \x1b[01;35m\x1b[Kwarning: \x1b[m\x1b[Kunused parameter \xe2\x80\x98\x1b[01m\x1b[Kflags\x1b[m\x1b[K\xe2\x80\x99 [\x1b[01;35m\x1b[K\x1b]8;;https://gcc.gnu.org/onlinedocs/gcc/Warning-Options.html#index-Wunused-parameter\x07-Wunused-parameter\x1b]8;;\x07\x1b[m\x1b[K]\n'}
[9.978886] (sllidar_ros2) StderrLine: {'line': b'   97 | bool raw_serial::open(const char * portname, uint32_t baudrate, \x1b[01;35m\x1b[Kuint32_t flags\x1b[m\x1b[K)\n'}
[9.978976] (sllidar_ros2) StderrLine: {'line': b'      |                                                                 \x1b[01;35m\x1b[K~~~~~~~~~^~~~~\x1b[m\x1b[K\n'}
[9.979054] (sllidar_ros2) StderrLine: {'line': b'\x1b[01m\x1b[K/home/ubuntu22/lidar_slam_ws/src/sllidar_ros2/sdk/src/arch/linux/net_serial.cpp:\x1b[m\x1b[K In member function \xe2\x80\x98\x1b[01m\x1b[Kvirtual void rp::arch::net::raw_serial::flush(_u32)\x1b[m\x1b[K\xe2\x80\x99:\n'}
[9.979134] (sllidar_ros2) StderrLine: {'line': b'\x1b[01m\x1b[K/home/ubuntu22/lidar_slam_ws/src/sllidar_ros2/sdk/src/arch/linux/net_serial.cpp:281:30:\x1b[m\x1b[K \x1b[01;35m\x1b[Kwarning: \x1b[m\x1b[Kunused parameter \xe2\x80\x98\x1b[01m\x1b[Kflags\x1b[m\x1b[K\xe2\x80\x99 [\x1b[01;35m\x1b[K\x1b]8;;https://gcc.gnu.org/onlinedocs/gcc/Warning-Options.html#index-Wunused-parameter\x07-Wunused-parameter\x1b]8;;\x07\x1b[m\x1b[K]\n'}
[9.979214] (sllidar_ros2) StderrLine: {'line': b'  281 | void raw_serial::flush( \x1b[01;35m\x1b[K_u32 flags\x1b[m\x1b[K)\n'}
[9.979288] (sllidar_ros2) StderrLine: {'line': b'      |                         \x1b[01;35m\x1b[K~~~~~^~~~~\x1b[m\x1b[K\n'}
[9.979360] (sllidar_ros2) StderrLine: {'line': b'\x1b[01m\x1b[K/home/ubuntu22/lidar_slam_ws/src/sllidar_ros2/sdk/src/arch/linux/net_serial.cpp:\x1b[m\x1b[K In member function \xe2\x80\x98\x1b[01m\x1b[Kvirtual int rp::arch::net::raw_serial::waitforsent(_u32, size_t*)\x1b[m\x1b[K\xe2\x80\x99:\n'}
[9.979434] (sllidar_ros2) StderrLine: {'line': b'\x1b[01m\x1b[K/home/ubuntu22/lidar_slam_ws/src/sllidar_ros2/sdk/src/arch/linux/net_serial.cpp:286:34:\x1b[m\x1b[K \x1b[01;35m\x1b[Kwarning: \x1b[m\x1b[Kunused parameter \xe2\x80\x98\x1b[01m\x1b[Ktimeout\x1b[m\x1b[K\xe2\x80\x99 [\x1b[01;35m\x1b[K\x1b]8;;https://gcc.gnu.org/onlinedocs/gcc/Warning-Options.html#index-Wunused-parameter\x07-Wunused-parameter\x1b]8;;\x07\x1b[m\x1b[K]\n'}
[9.979512] (sllidar_ros2) StderrLine: {'line': b'  286 | int raw_serial::waitforsent(\x1b[01;35m\x1b[K_u32 timeout\x1b[m\x1b[K, size_t * returned_size)\n'}
[9.979633] (sllidar_ros2) StderrLine: {'line': b'      |                             \x1b[01;35m\x1b[K~~~~~^~~~~~~\x1b[m\x1b[K\n'}
[9.979721] (sllidar_ros2) StderrLine: {'line': b'\x1b[01m\x1b[K/home/ubuntu22/lidar_slam_ws/src/sllidar_ros2/sdk/src/arch/linux/net_serial.cpp:\x1b[m\x1b[K In member function \xe2\x80\x98\x1b[01m\x1b[Kvirtual int rp::arch::net::raw_serial::waitforrecv(_u32, size_t*)\x1b[m\x1b[K\xe2\x80\x99:\n'}
[9.979798] (sllidar_ros2) StderrLine: {'line': b'\x1b[01m\x1b[K/home/ubuntu22/lidar_slam_ws/src/sllidar_ros2/sdk/src/arch/linux/net_serial.cpp:292:34:\x1b[m\x1b[K \x1b[01;35m\x1b[Kwarning: \x1b[m\x1b[Kunused parameter \xe2\x80\x98\x1b[01m\x1b[Ktimeout\x1b[m\x1b[K\xe2\x80\x99 [\x1b[01;35m\x1b[K\x1b]8;;https://gcc.gnu.org/onlinedocs/gcc/Warning-Options.html#index-Wunused-parameter\x07-Wunused-parameter\x1b]8;;\x07\x1b[m\x1b[K]\n'}
[9.979909] (sllidar_ros2) StderrLine: {'line': b'  292 | int raw_serial::waitforrecv(\x1b[01;35m\x1b[K_u32 timeout\x1b[m\x1b[K, size_t * returned_size)\n'}
[9.980010] (sllidar_ros2) StderrLine: {'line': b'      |                             \x1b[01;35m\x1b[K~~~~~^~~~~~~\x1b[m\x1b[K\n'}
[9.980375] (sllidar_ros2) StderrLine: {'line': b'\x1b[01m\x1b[K/home/ubuntu22/lidar_slam_ws/src/sllidar_ros2/sdk/src/arch/linux/net_serial.cpp:\x1b[m\x1b[K In member function \xe2\x80\x98\x1b[01m\x1b[Kvirtual void rp::arch::net::raw_serial::cancelOperation()\x1b[m\x1b[K\xe2\x80\x99:\n'}
[9.980552] (sllidar_ros2) StderrLine: {'line': b'\x1b[01m\x1b[K/home/ubuntu22/lidar_slam_ws/src/sllidar_ros2/sdk/src/arch/linux/net_serial.cpp:427:5:\x1b[m\x1b[K \x1b[01;35m\x1b[Kwarning: \x1b[m\x1b[Kvalue computed is not used [\x1b[01;35m\x1b[K\x1b]8;;https://gcc.gnu.org/onlinedocs/gcc/Warning-Options.html#index-Wunused-value\x07-Wunused-value\x1b]8;;\x07\x1b[m\x1b[K]\n'}
[9.980637] (sllidar_ros2) StderrLine: {'line': b'  427 |     \x1b[01;35m\x1b[K(int)::write(_selfpipe[1], "x", 1)\x1b[m\x1b[K;\n'}
[9.980718] (sllidar_ros2) StderrLine: {'line': b'      |     \x1b[01;35m\x1b[K^~~~~~~~~~~~~~~~~~~~~~~~~~~~~~~~~~\x1b[m\x1b[K\n'}
[9.993403] (sllidar_ros2) StderrLine: {'line': b'In file included from \x1b[01m\x1b[K/home/ubuntu22/lidar_slam_ws/src/sllidar_ros2/./sdk/include/rplidar_protocol.h:36\x1b[m\x1b[K,\n'}
[9.993734] (sllidar_ros2) StderrLine: {'line': b'                 from \x1b[01m\x1b[K/home/ubuntu22/lidar_slam_ws/src/sllidar_ros2/./sdk/include/rplidar.h:39\x1b[m\x1b[K,\n'}
[9.993880] (sllidar_ros2) StderrLine: {'line': b'                 from \x1b[01m\x1b[K/home/ubuntu22/lidar_slam_ws/src/sllidar_ros2/sdk/src/sdkcommon.h:49\x1b[m\x1b[K,\n'}
[9.994195] (sllidar_ros2) StderrLine: {'line': b'                 from \x1b[01m\x1b[K/home/ubuntu22/lidar_slam_ws/src/sllidar_ros2/sdk/src/sl_lidar_driver.cpp:33\x1b[m\x1b[K:\n'}
[9.994354] (sllidar_ros2) StderrLine: {'line': b'\x1b[01m\x1b[K/home/ubuntu22/lidar_slam_ws/src/sllidar_ros2/./sdk/include/sl_lidar_protocol.h:66:16:\x1b[m\x1b[K \x1b[01;35m\x1b[Kwarning: \x1b[m\x1b[KISO C++ forbids zero-size array \xe2\x80\x98\x1b[01m\x1b[Kdata\x1b[m\x1b[K\xe2\x80\x99 [\x1b[01;35m\x1b[K\x1b]8;;https://gcc.gnu.org/onlinedocs/gcc/Warning-Options.html#index-Wpedantic\x07-Wpedantic\x1b]8;;\x07\x1b[m\x1b[K]\n'}
[9.994519] (sllidar_ros2) StderrLine: {'line': b'   66 |     sl_u8 data[\x1b[01;35m\x1b[K0\x1b[m\x1b[K];\n'}
[9.994801] (sllidar_ros2) StderrLine: {'line': b'      |                \x1b[01;35m\x1b[K^\x1b[m\x1b[K\n'}
[9.994948] (sllidar_ros2) StderrLine: {'line': b'In file included from \x1b[01m\x1b[K/home/ubuntu22/lidar_slam_ws/src/sllidar_ros2/./sdk/include/rplidar_cmd.h:36\x1b[m\x1b[K,\n'}
[9.995065] (sllidar_ros2) StderrLine: {'line': b'                 from \x1b[01m\x1b[K/home/ubuntu22/lidar_slam_ws/src/sllidar_ros2/./sdk/include/rplidar.h:40\x1b[m\x1b[K,\n'}
[9.995167] (sllidar_ros2) StderrLine: {'line': b'                 from \x1b[01m\x1b[K/home/ubuntu22/lidar_slam_ws/src/sllidar_ros2/sdk/src/sdkcommon.h:49\x1b[m\x1b[K,\n'}
[9.995267] (sllidar_ros2) StderrLine: {'line': b'                 from \x1b[01m\x1b[K/home/ubuntu22/lidar_slam_ws/src/sllidar_ros2/sdk/src/sl_lidar_driver.cpp:33\x1b[m\x1b[K:\n'}
[9.995383] (sllidar_ros2) StderrLine: {'line': b'\x1b[01m\x1b[K/home/ubuntu22/lidar_slam_ws/src/sllidar_ros2/./sdk/include/sl_lidar_cmd.h:324:20:\x1b[m\x1b[K \x1b[01;35m\x1b[Kwarning: \x1b[m\x1b[KISO C++ forbids zero-size array \xe2\x80\x98\x1b[01m\x1b[Kpayload\x1b[m\x1b[K\xe2\x80\x99 [\x1b[01;35m\x1b[K\x1b]8;;https://gcc.gnu.org/onlinedocs/gcc/Warning-Options.html#index-Wpedantic\x07-Wpedantic\x1b]8;;\x07\x1b[m\x1b[K]\n'}
[9.995489] (sllidar_ros2) StderrLine: {'line': b'  324 |     sl_u8  payload[\x1b[01;35m\x1b[K0\x1b[m\x1b[K];\n'}
[9.995607] (sllidar_ros2) StderrLine: {'line': b'      |                    \x1b[01;35m\x1b[K^\x1b[m\x1b[K\n'}
[10.044314] (-) TimerEvent: {}
[10.049856] (sllidar_ros2) StderrLine: {'line': b'In file included from \x1b[01m\x1b[K/home/ubuntu22/lidar_slam_ws/src/sllidar_ros2/./sdk/include/rplidar_protocol.h:36\x1b[m\x1b[K,\n'}
[10.050111] (sllidar_ros2) StderrLine: {'line': b'                 from \x1b[01m\x1b[K/home/ubuntu22/lidar_slam_ws/src/sllidar_ros2/./sdk/include/rplidar.h:39\x1b[m\x1b[K,\n'}
[10.050209] (sllidar_ros2) StderrLine: {'line': b'                 from \x1b[01m\x1b[K/home/ubuntu22/lidar_slam_ws/src/sllidar_ros2/sdk/src/sdkcommon.h:49\x1b[m\x1b[K,\n'}
[10.050289] (sllidar_ros2) StderrLine: {'line': b'                 from \x1b[01m\x1b[K/home/ubuntu22/lidar_slam_ws/src/sllidar_ros2/sdk/src/sl_async_transceiver.cpp:35\x1b[m\x1b[K:\n'}
[10.050635] (sllidar_ros2) StderrLine: {'line': b'\x1b[01m\x1b[K/home/ubuntu22/lidar_slam_ws/src/sllidar_ros2/./sdk/include/sl_lidar_protocol.h:66:16:\x1b[m\x1b[K \x1b[01;35m\x1b[Kwarning: \x1b[m\x1b[KISO C++ forbids zero-size array \xe2\x80\x98\x1b[01m\x1b[Kdata\x1b[m\x1b[K\xe2\x80\x99 [\x1b[01;35m\x1b[K\x1b]8;;https://gcc.gnu.org/onlinedocs/gcc/Warning-Options.html#index-Wpedantic\x07-Wpedantic\x1b]8;;\x07\x1b[m\x1b[K]\n'}
[10.050802] (sllidar_ros2) StderrLine: {'line': b'   66 |     sl_u8 data[\x1b[01;35m\x1b[K0\x1b[m\x1b[K];\n'}
[10.050882] (sllidar_ros2) StderrLine: {'line': b'      |                \x1b[01;35m\x1b[K^\x1b[m\x1b[K\n'}
[10.050951] (sllidar_ros2) StderrLine: {'line': b'In file included from \x1b[01m\x1b[K/home/ubuntu22/lidar_slam_ws/src/sllidar_ros2/./sdk/include/rplidar_cmd.h:36\x1b[m\x1b[K,\n'}
[10.051027] (sllidar_ros2) StderrLine: {'line': b'                 from \x1b[01m\x1b[K/home/ubuntu22/lidar_slam_ws/src/sllidar_ros2/./sdk/include/rplidar.h:40\x1b[m\x1b[K,\n'}
[10.051098] (sllidar_ros2) StderrLine: {'line': b'                 from \x1b[01m\x1b[K/home/ubuntu22/lidar_slam_ws/src/sllidar_ros2/sdk/src/sdkcommon.h:49\x1b[m\x1b[K,\n'}
[10.051174] (sllidar_ros2) StderrLine: {'line': b'                 from \x1b[01m\x1b[K/home/ubuntu22/lidar_slam_ws/src/sllidar_ros2/sdk/src/sl_async_transceiver.cpp:35\x1b[m\x1b[K:\n'}
[10.051253] (sllidar_ros2) StderrLine: {'line': b'\x1b[01m\x1b[K/home/ubuntu22/lidar_slam_ws/src/sllidar_ros2/./sdk/include/sl_lidar_cmd.h:324:20:\x1b[m\x1b[K \x1b[01;35m\x1b[Kwarning: \x1b[m\x1b[KISO C++ forbids zero-size array \xe2\x80\x98\x1b[01m\x1b[Kpayload\x1b[m\x1b[K\xe2\x80\x99 [\x1b[01;35m\x1b[K\x1b]8;;https://gcc.gnu.org/onlinedocs/gcc/Warning-Options.html#index-Wpedantic\x07-Wpedantic\x1b]8;;\x07\x1b[m\x1b[K]\n'}
[10.051402] (sllidar_ros2) StderrLine: {'line': b'  324 |     sl_u8  payload[\x1b[01;35m\x1b[K0\x1b[m\x1b[K];\n'}
[10.051511] (sllidar_ros2) StderrLine: {'line': b'      |                    \x1b[01;35m\x1b[K^\x1b[m\x1b[K\n'}
[10.058408] (sllidar_ros2) StderrLine: {'line': b'In file included from \x1b[01m\x1b[K/home/ubuntu22/lidar_slam_ws/src/sllidar_ros2/sdk/src/dataunpacker/unpacker/handler_hqnode.cpp:40\x1b[m\x1b[K:\n'}
[10.058937] (sllidar_ros2) StderrLine: {'line': b'\x1b[01m\x1b[K/home/ubuntu22/lidar_slam_ws/src/sllidar_ros2/sdk/src/dataunpacker/unpacker/../dataunpacker.h:\x1b[m\x1b[K In member function \xe2\x80\x98\x1b[01m\x1b[Kvirtual void sl::internal::LIDARSampleDataListener::onCustomSampleDataDecoded(_u8, _u32, const void*, size_t)\x1b[m\x1b[K\xe2\x80\x99:\n'}
[10.059534] (sllidar_ros2) StderrLine: {'line': b'\x1b[01m\x1b[K/home/ubuntu22/lidar_slam_ws/src/sllidar_ros2/sdk/src/dataunpacker/unpacker/../dataunpacker.h:54:52:\x1b[m\x1b[K \x1b[01;35m\x1b[Kwarning: \x1b[m\x1b[Kunused parameter \xe2\x80\x98\x1b[01m\x1b[KansType\x1b[m\x1b[K\xe2\x80\x99 [\x1b[01;35m\x1b[K\x1b]8;;https://gcc.gnu.org/onlinedocs/gcc/Warning-Options.html#index-Wunused-parameter\x07-Wunused-parameter\x1b]8;;\x07\x1b[m\x1b[K]\n'}
[10.059680] (sllidar_ros2) StderrLine: {'line': b'   54 |         virtual void onCustomSampleDataDecoded(\x1b[01;35m\x1b[K_u8 ansType\x1b[m\x1b[K, _u32 customCode, const void* data, size_t size) {}\n'}
[10.059808] (sllidar_ros2) StderrLine: {'line': b'      |                                                \x1b[01;35m\x1b[K~~~~^~~~~~~\x1b[m\x1b[K\n'}
[10.059959] (sllidar_ros2) StderrLine: {'line': b'\x1b[01m\x1b[K/home/ubuntu22/lidar_slam_ws/src/sllidar_ros2/sdk/src/dataunpacker/unpacker/../dataunpacker.h:54:66:\x1b[m\x1b[K \x1b[01;35m\x1b[Kwarning: \x1b[m\x1b[Kunused parameter \xe2\x80\x98\x1b[01m\x1b[KcustomCode\x1b[m\x1b[K\xe2\x80\x99 [\x1b[01;35m\x1b[K\x1b]8;;https://gcc.gnu.org/onlinedocs/gcc/Warning-Options.html#index-Wunused-parameter\x07-Wunused-parameter\x1b]8;;\x07\x1b[m\x1b[K]\n'}
[10.060106] (sllidar_ros2) StderrLine: {'line': b'   54 |         virtual void onCustomSampleDataDecoded(_u8 ansType, \x1b[01;35m\x1b[K_u32 customCode\x1b[m\x1b[K, const void* data, size_t size) {}\n'}
[10.060203] (sllidar_ros2) StderrLine: {'line': b'      |                                                             \x1b[01;35m\x1b[K~~~~~^~~~~~~~~~\x1b[m\x1b[K\n'}
[10.060285] (sllidar_ros2) StderrLine: {'line': b'\x1b[01m\x1b[K/home/ubuntu22/lidar_slam_ws/src/sllidar_ros2/sdk/src/dataunpacker/unpacker/../dataunpacker.h:54:90:\x1b[m\x1b[K \x1b[01;35m\x1b[Kwarning: \x1b[m\x1b[Kunused parameter \xe2\x80\x98\x1b[01m\x1b[Kdata\x1b[m\x1b[K\xe2\x80\x99 [\x1b[01;35m\x1b[K\x1b]8;;https://gcc.gnu.org/onlinedocs/gcc/Warning-Options.html#index-Wunused-parameter\x07-Wunused-parameter\x1b]8;;\x07\x1b[m\x1b[K]\n'}
[10.060366] (sllidar_ros2) StderrLine: {'line': b'   54 |         virtual void onCustomSampleDataDecoded(_u8 ansType, _u32 customCode, \x1b[01;35m\x1b[Kconst void* data\x1b[m\x1b[K, size_t size) {}\n'}
[10.060437] (sllidar_ros2) StderrLine: {'line': b'      |                                                                              \x1b[01;35m\x1b[K~~~~~~~~~~~~^~~~\x1b[m\x1b[K\n'}
[10.060509] (sllidar_ros2) StderrLine: {'line': b'\x1b[01m\x1b[K/home/ubuntu22/lidar_slam_ws/src/sllidar_ros2/sdk/src/dataunpacker/unpacker/../dataunpacker.h:54:103:\x1b[m\x1b[K \x1b[01;35m\x1b[Kwarning: \x1b[m\x1b[Kunused parameter \xe2\x80\x98\x1b[01m\x1b[Ksize\x1b[m\x1b[K\xe2\x80\x99 [\x1b[01;35m\x1b[K\x1b]8;;https://gcc.gnu.org/onlinedocs/gcc/Warning-Options.html#index-Wunused-parameter\x07-Wunused-parameter\x1b]8;;\x07\x1b[m\x1b[K]\n'}
[10.060593] (sllidar_ros2) StderrLine: {'line': b'   54 |         virtual void onCustomSampleDataDecoded(_u8 ansType, _u32 customCode, const void* data, \x1b[01;35m\x1b[Ksize_t size\x1b[m\x1b[K) {}\n'}
[10.060670] (sllidar_ros2) StderrLine: {'line': b'      |                                                                                                \x1b[01;35m\x1b[K~~~~~~~^~~~\x1b[m\x1b[K\n'}
[10.060747] (sllidar_ros2) StderrLine: {'line': b'\x1b[01m\x1b[K/home/ubuntu22/lidar_slam_ws/src/sllidar_ros2/sdk/src/dataunpacker/unpacker/../dataunpacker.h:\x1b[m\x1b[K In member function \xe2\x80\x98\x1b[01m\x1b[Kvirtual void sl::internal::LIDARSampleDataListener::onDecodingError(int, _u8, const void*, size_t)\x1b[m\x1b[K\xe2\x80\x99:\n'}
[10.060853] (sllidar_ros2) StderrLine: {'line': b'\x1b[01m\x1b[K/home/ubuntu22/lidar_slam_ws/src/sllidar_ros2/sdk/src/dataunpacker/unpacker/../dataunpacker.h:56:42:\x1b[m\x1b[K \x1b[01;35m\x1b[Kwarning: \x1b[m\x1b[Kunused parameter \xe2\x80\x98\x1b[01m\x1b[KerrMsg\x1b[m\x1b[K\xe2\x80\x99 [\x1b[01;35m\x1b[K\x1b]8;;https://gcc.gnu.org/onlinedocs/gcc/Warning-Options.html#index-Wunused-parameter\x07-Wunused-parameter\x1b]8;;\x07\x1b[m\x1b[K]\n'}
[10.060935] (sllidar_ros2) StderrLine: {'line': b'   56 |         virtual void onDecodingError(\x1b[01;35m\x1b[Kint errMsg\x1b[m\x1b[K, _u8 ansType, const void* payload, size_t size) {}\n'}
[10.061024] (sllidar_ros2) StderrLine: {'line': b'      |                                      \x1b[01;35m\x1b[K~~~~^~~~~~\x1b[m\x1b[K\n'}
[10.061092] (sllidar_ros2) StderrLine: {'line': b'\x1b[01m\x1b[K/home/ubuntu22/lidar_slam_ws/src/sllidar_ros2/sdk/src/dataunpacker/unpacker/../dataunpacker.h:56:54:\x1b[m\x1b[K \x1b[01;35m\x1b[Kwarning: \x1b[m\x1b[Kunused parameter \xe2\x80\x98\x1b[01m\x1b[KansType\x1b[m\x1b[K\xe2\x80\x99 [\x1b[01;35m\x1b[K\x1b]8;;https://gcc.gnu.org/onlinedocs/gcc/Warning-Options.html#index-Wunused-parameter\x07-Wunused-parameter\x1b]8;;\x07\x1b[m\x1b[K]\n'}
[10.061167] (sllidar_ros2) StderrLine: {'line': b'   56 |         virtual void onDecodingError(int errMsg, \x1b[01;35m\x1b[K_u8 ansType\x1b[m\x1b[K, const void* payload, size_t size) {}\n'}
[10.061287] (sllidar_ros2) StderrLine: {'line': b'      |                                                  \x1b[01;35m\x1b[K~~~~^~~~~~~\x1b[m\x1b[K\n'}
[10.061389] (sllidar_ros2) StderrLine: {'line': b'\x1b[01m\x1b[K/home/ubuntu22/lidar_slam_ws/src/sllidar_ros2/sdk/src/dataunpacker/unpacker/../dataunpacker.h:56:75:\x1b[m\x1b[K \x1b[01;35m\x1b[Kwarning: \x1b[m\x1b[Kunused parameter \xe2\x80\x98\x1b[01m\x1b[Kpayload\x1b[m\x1b[K\xe2\x80\x99 [\x1b[01;35m\x1b[K\x1b]8;;https://gcc.gnu.org/onlinedocs/gcc/Warning-Options.html#index-Wunused-parameter\x07-Wunused-parameter\x1b]8;;\x07\x1b[m\x1b[K]\n'}
[10.061485] (sllidar_ros2) StderrLine: {'line': b'   56 |         virtual void onDecodingError(int errMsg, _u8 ansType, \x1b[01;35m\x1b[Kconst void* payload\x1b[m\x1b[K, size_t size) {}\n'}
[10.061562] (sllidar_ros2) StderrLine: {'line': b'      |                                                               \x1b[01;35m\x1b[K~~~~~~~~~~~~^~~~~~~\x1b[m\x1b[K\n'}
[10.061645] (sllidar_ros2) StderrLine: {'line': b'\x1b[01m\x1b[K/home/ubuntu22/lidar_slam_ws/src/sllidar_ros2/sdk/src/dataunpacker/unpacker/../dataunpacker.h:56:91:\x1b[m\x1b[K \x1b[01;35m\x1b[Kwarning: \x1b[m\x1b[Kunused parameter \xe2\x80\x98\x1b[01m\x1b[Ksize\x1b[m\x1b[K\xe2\x80\x99 [\x1b[01;35m\x1b[K\x1b]8;;https://gcc.gnu.org/onlinedocs/gcc/Warning-Options.html#index-Wunused-parameter\x07-Wunused-parameter\x1b]8;;\x07\x1b[m\x1b[K]\n'}
[10.061726] (sllidar_ros2) StderrLine: {'line': b'   56 |         virtual void onDecodingError(int errMsg, _u8 ansType, const void* payload, \x1b[01;35m\x1b[Ksize_t size\x1b[m\x1b[K) {}\n'}
[10.061796] (sllidar_ros2) StderrLine: {'line': b'      |                                                                                    \x1b[01;35m\x1b[K~~~~~~~^~~~\x1b[m\x1b[K\n'}
[10.068852] (sllidar_ros2) StderrLine: {'line': b'In file included from \x1b[01m\x1b[K/home/ubuntu22/lidar_slam_ws/src/sllidar_ros2/./sdk/include/sl_lidar_cmd.h:41\x1b[m\x1b[K,\n'}
[10.069315] (sllidar_ros2) StderrLine: {'line': b'                 from \x1b[01m\x1b[K/home/ubuntu22/lidar_slam_ws/src/sllidar_ros2/./sdk/include/sl_lidar_driver.h:54\x1b[m\x1b[K,\n'}
[10.069568] (sllidar_ros2) StderrLine: {'line': b'                 from \x1b[01m\x1b[K/home/ubuntu22/lidar_slam_ws/src/sllidar_ros2/sdk/src/sl_udp_channel.cpp:33\x1b[m\x1b[K:\n'}
[10.069930] (sllidar_ros2) StderrLine: {'line': b'\x1b[01m\x1b[K/home/ubuntu22/lidar_slam_ws/src/sllidar_ros2/./sdk/include/sl_lidar_protocol.h:66:16:\x1b[m\x1b[K \x1b[01;35m\x1b[Kwarning: \x1b[m\x1b[KISO C++ forbids zero-size array \xe2\x80\x98\x1b[01m\x1b[Kdata\x1b[m\x1b[K\xe2\x80\x99 [\x1b[01;35m\x1b[K\x1b]8;;https://gcc.gnu.org/onlinedocs/gcc/Warning-Options.html#index-Wpedantic\x07-Wpedantic\x1b]8;;\x07\x1b[m\x1b[K]\n'}
[10.070202] (sllidar_ros2) StderrLine: {'line': b'   66 |     sl_u8 data[\x1b[01;35m\x1b[K0\x1b[m\x1b[K];\n'}
[10.070415] (sllidar_ros2) StderrLine: {'line': b'      |                \x1b[01;35m\x1b[K^\x1b[m\x1b[K\n'}
[10.070908] (sllidar_ros2) StderrLine: {'line': b'In file included from \x1b[01m\x1b[K/home/ubuntu22/lidar_slam_ws/src/sllidar_ros2/./sdk/include/sl_lidar_driver.h:54\x1b[m\x1b[K,\n'}
[10.071074] (sllidar_ros2) StderrLine: {'line': b'                 from \x1b[01m\x1b[K/home/ubuntu22/lidar_slam_ws/src/sllidar_ros2/sdk/src/sl_udp_channel.cpp:33\x1b[m\x1b[K:\n'}
[10.071164] (sllidar_ros2) StderrLine: {'line': b'\x1b[01m\x1b[K/home/ubuntu22/lidar_slam_ws/src/sllidar_ros2/./sdk/include/sl_lidar_cmd.h:324:20:\x1b[m\x1b[K \x1b[01;35m\x1b[Kwarning: \x1b[m\x1b[KISO C++ forbids zero-size array \xe2\x80\x98\x1b[01m\x1b[Kpayload\x1b[m\x1b[K\xe2\x80\x99 [\x1b[01;35m\x1b[K\x1b]8;;https://gcc.gnu.org/onlinedocs/gcc/Warning-Options.html#index-Wpedantic\x07-Wpedantic\x1b]8;;\x07\x1b[m\x1b[K]\n'}
[10.071246] (sllidar_ros2) StderrLine: {'line': b'  324 |     sl_u8  payload[\x1b[01;35m\x1b[K0\x1b[m\x1b[K];\n'}
[10.071320] (sllidar_ros2) StderrLine: {'line': b'      |                    \x1b[01;35m\x1b[K^\x1b[m\x1b[K\n'}
[10.077866] (sllidar_ros2) StderrLine: {'line': b'\x1b[01m\x1b[K/home/ubuntu22/lidar_slam_ws/src/sllidar_ros2/sdk/src/sl_udp_channel.cpp:\x1b[m\x1b[K In member function \xe2\x80\x98\x1b[01m\x1b[Kvoid sl::UdpChannel::setStatus(_u32)\x1b[m\x1b[K\xe2\x80\x99:\n'}
[10.078237] (sllidar_ros2) StderrLine: {'line': b'\x1b[01m\x1b[K/home/ubuntu22/lidar_slam_ws/src/sllidar_ros2/sdk/src/sl_udp_channel.cpp:112:29:\x1b[m\x1b[K \x1b[01;35m\x1b[Kwarning: \x1b[m\x1b[Kunused parameter \xe2\x80\x98\x1b[01m\x1b[Kflag\x1b[m\x1b[K\xe2\x80\x99 [\x1b[01;35m\x1b[K\x1b]8;;https://gcc.gnu.org/onlinedocs/gcc/Warning-Options.html#index-Wunused-parameter\x07-Wunused-parameter\x1b]8;;\x07\x1b[m\x1b[K]\n'}
[10.078394] (sllidar_ros2) StderrLine: {'line': b'  112 |         void setStatus(\x1b[01;35m\x1b[K_u32 flag\x1b[m\x1b[K){}\n'}
[10.078535] (sllidar_ros2) StderrLine: {'line': b'      |                        \x1b[01;35m\x1b[K~~~~~^~~~\x1b[m\x1b[K\n'}
[10.104665] (sllidar_ros2) StderrLine: {'line': b'\x1b[01m\x1b[K/home/ubuntu22/lidar_slam_ws/src/sllidar_ros2/sdk/src/rplidar_driver.cpp:\x1b[m\x1b[K In member function \xe2\x80\x98\x1b[01m\x1b[Ku_result rp::standalone::rplidar::RPlidarDriver::connect(const char*, _u32, _u32)\x1b[m\x1b[K\xe2\x80\x99:\n'}
[10.105011] (sllidar_ros2) StderrLine: {'line': b'\x1b[01m\x1b[K/home/ubuntu22/lidar_slam_ws/src/sllidar_ros2/sdk/src/rplidar_driver.cpp:67:77:\x1b[m\x1b[K \x1b[01;35m\x1b[Kwarning: \x1b[m\x1b[Kunused parameter \xe2\x80\x98\x1b[01m\x1b[Kflag\x1b[m\x1b[K\xe2\x80\x99 [\x1b[01;35m\x1b[K\x1b]8;;https://gcc.gnu.org/onlinedocs/gcc/Warning-Options.html#index-Wunused-parameter\x07-Wunused-parameter\x1b]8;;\x07\x1b[m\x1b[K]\n'}
[10.105269] (sllidar_ros2) StderrLine: {'line': b'   67 |     u_result RPlidarDriver::connect(const char *path, _u32 portOrBaud, \x1b[01;35m\x1b[K_u32 flag\x1b[m\x1b[K)\n'}
[10.105422] (sllidar_ros2) StderrLine: {'line': b'      |                                                                        \x1b[01;35m\x1b[K~~~~~^~~~\x1b[m\x1b[K\n'}
[10.105765] (sllidar_ros2) StderrLine: {'line': b'\x1b[01m\x1b[K/home/ubuntu22/lidar_slam_ws/src/sllidar_ros2/sdk/src/rplidar_driver.cpp:\x1b[m\x1b[K In member function \xe2\x80\x98\x1b[01m\x1b[Ku_result rp::standalone::rplidar::RPlidarDriver::reset(_u32)\x1b[m\x1b[K\xe2\x80\x99:\n'}
[10.105931] (sllidar_ros2) StderrLine: {'line': b'\x1b[01m\x1b[K/home/ubuntu22/lidar_slam_ws/src/sllidar_ros2/sdk/src/rplidar_driver.cpp:101:40:\x1b[m\x1b[K \x1b[01;35m\x1b[Kwarning: \x1b[m\x1b[Kunused parameter \xe2\x80\x98\x1b[01m\x1b[Ktimeout\x1b[m\x1b[K\xe2\x80\x99 [\x1b[01;35m\x1b[K\x1b]8;;https://gcc.gnu.org/onlinedocs/gcc/Warning-Options.html#index-Wunused-parameter\x07-Wunused-parameter\x1b]8;;\x07\x1b[m\x1b[K]\n'}
[10.106145] (sllidar_ros2) StderrLine: {'line': b'  101 |     u_result RPlidarDriver::reset(\x1b[01;35m\x1b[K_u32 timeout\x1b[m\x1b[K)\n'}
[10.106274] (sllidar_ros2) StderrLine: {'line': b'      |                                   \x1b[01;35m\x1b[K~~~~~^~~~~~~\x1b[m\x1b[K\n'}
[10.106757] (sllidar_ros2) StderrLine: {'line': b'\x1b[01m\x1b[K/home/ubuntu22/lidar_slam_ws/src/sllidar_ros2/sdk/src/rplidar_driver.cpp:\x1b[m\x1b[K In member function \xe2\x80\x98\x1b[01m\x1b[Ku_result rp::standalone::rplidar::RPlidarDriver::getScanDataWithInterval(rplidar_response_measurement_node_t*, size_t&)\x1b[m\x1b[K\xe2\x80\x99:\n'}
[10.107035] (sllidar_ros2) StderrLine: {'line': b'\x1b[01m\x1b[K/home/ubuntu22/lidar_slam_ws/src/sllidar_ros2/sdk/src/rplidar_driver.cpp:180:91:\x1b[m\x1b[K \x1b[01;35m\x1b[Kwarning: \x1b[m\x1b[Kunused parameter \xe2\x80\x98\x1b[01m\x1b[Knodebuffer\x1b[m\x1b[K\xe2\x80\x99 [\x1b[01;35m\x1b[K\x1b]8;;https://gcc.gnu.org/onlinedocs/gcc/Warning-Options.html#index-Wunused-parameter\x07-Wunused-parameter\x1b]8;;\x07\x1b[m\x1b[K]\n'}
[10.107169] (sllidar_ros2) StderrLine: {'line': b'  180 |     u_result RPlidarDriver::getScanDataWithInterval(\x1b[01;35m\x1b[Krplidar_response_measurement_node_t * nodebuffer\x1b[m\x1b[K, size_t & count)\n'}
[10.107257] (sllidar_ros2) StderrLine: {'line': b'      |                                                     \x1b[01;35m\x1b[K~~~~~~~~~~~~~~~~~~~~~~~~~~~~~~~~~~~~~~^~~~~~~~~~\x1b[m\x1b[K\n'}
[10.107334] (sllidar_ros2) StderrLine: {'line': b'\x1b[01m\x1b[K/home/ubuntu22/lidar_slam_ws/src/sllidar_ros2/sdk/src/rplidar_driver.cpp:180:112:\x1b[m\x1b[K \x1b[01;35m\x1b[Kwarning: \x1b[m\x1b[Kunused parameter \xe2\x80\x98\x1b[01m\x1b[Kcount\x1b[m\x1b[K\xe2\x80\x99 [\x1b[01;35m\x1b[K\x1b]8;;https://gcc.gnu.org/onlinedocs/gcc/Warning-Options.html#index-Wunused-parameter\x07-Wunused-parameter\x1b]8;;\x07\x1b[m\x1b[K]\n'}
[10.107414] (sllidar_ros2) StderrLine: {'line': b'  180 |     u_result RPlidarDriver::getScanDataWithInterval(rplidar_response_measurement_node_t * nodebuffer, \x1b[01;35m\x1b[Ksize_t & count\x1b[m\x1b[K)\n'}
[10.107487] (sllidar_ros2) StderrLine: {'line': b'      |                                                                                                       \x1b[01;35m\x1b[K~~~~~~~~~^~~~~\x1b[m\x1b[K\n'}
[10.120789] (sllidar_ros2) StderrLine: {'line': b'In file included from \x1b[01m\x1b[K/home/ubuntu22/lidar_slam_ws/src/sllidar_ros2/sdk/src/dataunpacker/unpacker/handler_capsules.cpp:40\x1b[m\x1b[K:\n'}
[10.121382] (sllidar_ros2) StderrLine: {'line': b'\x1b[01m\x1b[K/home/ubuntu22/lidar_slam_ws/src/sllidar_ros2/sdk/src/dataunpacker/unpacker/../dataunpacker.h:\x1b[m\x1b[K In member function \xe2\x80\x98\x1b[01m\x1b[Kvirtual void sl::internal::LIDARSampleDataListener::onCustomSampleDataDecoded(_u8, _u32, const void*, size_t)\x1b[m\x1b[K\xe2\x80\x99:\n'}
[10.121618] (sllidar_ros2) StderrLine: {'line': b'\x1b[01m\x1b[K/home/ubuntu22/lidar_slam_ws/src/sllidar_ros2/sdk/src/dataunpacker/unpacker/../dataunpacker.h:54:52:\x1b[m\x1b[K \x1b[01;35m\x1b[Kwarning: \x1b[m\x1b[Kunused parameter \xe2\x80\x98\x1b[01m\x1b[KansType\x1b[m\x1b[K\xe2\x80\x99 [\x1b[01;35m\x1b[K\x1b]8;;https://gcc.gnu.org/onlinedocs/gcc/Warning-Options.html#index-Wunused-parameter\x07-Wunused-parameter\x1b]8;;\x07\x1b[m\x1b[K]\n'}
[10.121756] (sllidar_ros2) StderrLine: {'line': b'   54 |         virtual void onCustomSampleDataDecoded(\x1b[01;35m\x1b[K_u8 ansType\x1b[m\x1b[K, _u32 customCode, const void* data, size_t size) {}\n'}
[10.121842] (sllidar_ros2) StderrLine: {'line': b'      |                                                \x1b[01;35m\x1b[K~~~~^~~~~~~\x1b[m\x1b[K\n'}
[10.121920] (sllidar_ros2) StderrLine: {'line': b'\x1b[01m\x1b[K/home/ubuntu22/lidar_slam_ws/src/sllidar_ros2/sdk/src/dataunpacker/unpacker/../dataunpacker.h:54:66:\x1b[m\x1b[K \x1b[01;35m\x1b[Kwarning: \x1b[m\x1b[Kunused parameter \xe2\x80\x98\x1b[01m\x1b[KcustomCode\x1b[m\x1b[K\xe2\x80\x99 [\x1b[01;35m\x1b[K\x1b]8;;https://gcc.gnu.org/onlinedocs/gcc/Warning-Options.html#index-Wunused-parameter\x07-Wunused-parameter\x1b]8;;\x07\x1b[m\x1b[K]\n'}
[10.122058] (sllidar_ros2) StderrLine: {'line': b'   54 |         virtual void onCustomSampleDataDecoded(_u8 ansType, \x1b[01;35m\x1b[K_u32 customCode\x1b[m\x1b[K, const void* data, size_t size) {}\n'}
[10.122166] (sllidar_ros2) StderrLine: {'line': b'      |                                                             \x1b[01;35m\x1b[K~~~~~^~~~~~~~~~\x1b[m\x1b[K\n'}
[10.122250] (sllidar_ros2) StderrLine: {'line': b'\x1b[01m\x1b[K/home/ubuntu22/lidar_slam_ws/src/sllidar_ros2/sdk/src/dataunpacker/unpacker/../dataunpacker.h:54:90:\x1b[m\x1b[K \x1b[01;35m\x1b[Kwarning: \x1b[m\x1b[Kunused parameter \xe2\x80\x98\x1b[01m\x1b[Kdata\x1b[m\x1b[K\xe2\x80\x99 [\x1b[01;35m\x1b[K\x1b]8;;https://gcc.gnu.org/onlinedocs/gcc/Warning-Options.html#index-Wunused-parameter\x07-Wunused-parameter\x1b]8;;\x07\x1b[m\x1b[K]\n'}
[10.122351] (sllidar_ros2) StderrLine: {'line': b'   54 |         virtual void onCustomSampleDataDecoded(_u8 ansType, _u32 customCode, \x1b[01;35m\x1b[Kconst void* data\x1b[m\x1b[K, size_t size) {}\n'}
[10.122432] (sllidar_ros2) StderrLine: {'line': b'      |                                                                              \x1b[01;35m\x1b[K~~~~~~~~~~~~^~~~\x1b[m\x1b[K\n'}
[10.122512] (sllidar_ros2) StderrLine: {'line': b'\x1b[01m\x1b[K/home/ubuntu22/lidar_slam_ws/src/sllidar_ros2/sdk/src/dataunpacker/unpacker/../dataunpacker.h:54:103:\x1b[m\x1b[K \x1b[01;35m\x1b[Kwarning: \x1b[m\x1b[Kunused parameter \xe2\x80\x98\x1b[01m\x1b[Ksize\x1b[m\x1b[K\xe2\x80\x99 [\x1b[01;35m\x1b[K\x1b]8;;https://gcc.gnu.org/onlinedocs/gcc/Warning-Options.html#index-Wunused-parameter\x07-Wunused-parameter\x1b]8;;\x07\x1b[m\x1b[K]\n'}
[10.122592] (sllidar_ros2) StderrLine: {'line': b'   54 |         virtual void onCustomSampleDataDecoded(_u8 ansType, _u32 customCode, const void* data, \x1b[01;35m\x1b[Ksize_t size\x1b[m\x1b[K) {}\n'}
[10.122669] (sllidar_ros2) StderrLine: {'line': b'      |                                                                                                \x1b[01;35m\x1b[K~~~~~~~^~~~\x1b[m\x1b[K\n'}
[10.122736] (sllidar_ros2) StderrLine: {'line': b'\x1b[01m\x1b[K/home/ubuntu22/lidar_slam_ws/src/sllidar_ros2/sdk/src/dataunpacker/unpacker/../dataunpacker.h:\x1b[m\x1b[K In member function \xe2\x80\x98\x1b[01m\x1b[Kvirtual void sl::internal::LIDARSampleDataListener::onDecodingError(int, _u8, const void*, size_t)\x1b[m\x1b[K\xe2\x80\x99:\n'}
[10.122826] (sllidar_ros2) StderrLine: {'line': b'\x1b[01m\x1b[K/home/ubuntu22/lidar_slam_ws/src/sllidar_ros2/sdk/src/dataunpacker/unpacker/../dataunpacker.h:56:42:\x1b[m\x1b[K \x1b[01;35m\x1b[Kwarning: \x1b[m\x1b[Kunused parameter \xe2\x80\x98\x1b[01m\x1b[KerrMsg\x1b[m\x1b[K\xe2\x80\x99 [\x1b[01;35m\x1b[K\x1b]8;;https://gcc.gnu.org/onlinedocs/gcc/Warning-Options.html#index-Wunused-parameter\x07-Wunused-parameter\x1b]8;;\x07\x1b[m\x1b[K]\n'}
[10.122923] (sllidar_ros2) StderrLine: {'line': b'   56 |         virtual void onDecodingError(\x1b[01;35m\x1b[Kint errMsg\x1b[m\x1b[K, _u8 ansType, const void* payload, size_t size) {}\n'}
[10.123002] (sllidar_ros2) StderrLine: {'line': b'      |                                      \x1b[01;35m\x1b[K~~~~^~~~~~\x1b[m\x1b[K\n'}
[10.123077] (sllidar_ros2) StderrLine: {'line': b'\x1b[01m\x1b[K/home/ubuntu22/lidar_slam_ws/src/sllidar_ros2/sdk/src/dataunpacker/unpacker/../dataunpacker.h:56:54:\x1b[m\x1b[K \x1b[01;35m\x1b[Kwarning: \x1b[m\x1b[Kunused parameter \xe2\x80\x98\x1b[01m\x1b[KansType\x1b[m\x1b[K\xe2\x80\x99 [\x1b[01;35m\x1b[K\x1b]8;;https://gcc.gnu.org/onlinedocs/gcc/Warning-Options.html#index-Wunused-parameter\x07-Wunused-parameter\x1b]8;;\x07\x1b[m\x1b[K]\n'}
[10.123155] (sllidar_ros2) StderrLine: {'line': b'   56 |         virtual void onDecodingError(int errMsg, \x1b[01;35m\x1b[K_u8 ansType\x1b[m\x1b[K, const void* payload, size_t size) {}\n'}
[10.123259] (sllidar_ros2) StderrLine: {'line': b'      |                                                  \x1b[01;35m\x1b[K~~~~^~~~~~~\x1b[m\x1b[K\n'}
[10.123497] (sllidar_ros2) StderrLine: {'line': b'\x1b[01m\x1b[K/home/ubuntu22/lidar_slam_ws/src/sllidar_ros2/sdk/src/dataunpacker/unpacker/../dataunpacker.h:56:75:\x1b[m\x1b[K \x1b[01;35m\x1b[Kwarning: \x1b[m\x1b[Kunused parameter \xe2\x80\x98\x1b[01m\x1b[Kpayload\x1b[m\x1b[K\xe2\x80\x99 [\x1b[01;35m\x1b[K\x1b]8;;https://gcc.gnu.org/onlinedocs/gcc/Warning-Options.html#index-Wunused-parameter\x07-Wunused-parameter\x1b]8;;\x07\x1b[m\x1b[K]\n'}
[10.123660] (sllidar_ros2) StderrLine: {'line': b'   56 |         virtual void onDecodingError(int errMsg, _u8 ansType, \x1b[01;35m\x1b[Kconst void* payload\x1b[m\x1b[K, size_t size) {}\n'}
[10.123748] (sllidar_ros2) StderrLine: {'line': b'      |                                                               \x1b[01;35m\x1b[K~~~~~~~~~~~~^~~~~~~\x1b[m\x1b[K\n'}
[10.123840] (sllidar_ros2) StderrLine: {'line': b'\x1b[01m\x1b[K/home/ubuntu22/lidar_slam_ws/src/sllidar_ros2/sdk/src/dataunpacker/unpacker/../dataunpacker.h:56:91:\x1b[m\x1b[K \x1b[01;35m\x1b[Kwarning: \x1b[m\x1b[Kunused parameter \xe2\x80\x98\x1b[01m\x1b[Ksize\x1b[m\x1b[K\xe2\x80\x99 [\x1b[01;35m\x1b[K\x1b]8;;https://gcc.gnu.org/onlinedocs/gcc/Warning-Options.html#index-Wunused-parameter\x07-Wunused-parameter\x1b]8;;\x07\x1b[m\x1b[K]\n'}
[10.124057] (sllidar_ros2) StderrLine: {'line': b'   56 |         virtual void onDecodingError(int errMsg, _u8 ansType, const void* payload, \x1b[01;35m\x1b[Ksize_t size\x1b[m\x1b[K) {}\n'}
[10.124151] (sllidar_ros2) StderrLine: {'line': b'      |                                                                                    \x1b[01;35m\x1b[K~~~~~~~^~~~\x1b[m\x1b[K\n'}
[10.144435] (-) TimerEvent: {}
[10.144871] (sllidar_ros2) StderrLine: {'line': b'\x1b[01m\x1b[K/home/ubuntu22/lidar_slam_ws/src/sllidar_ros2/sdk/src/dataunpacker/unpacker/handler_capsules.cpp:\x1b[m\x1b[K In member function \xe2\x80\x98\x1b[01m\x1b[Kvoid sl::internal::unpacker::UnpackerHandler_DenseCapsuleNode::_onScanNodeDenseCapsuleData(rplidar_response_dense_capsule_measurement_nodes_t&, sl::internal::LIDARSampleDataUnpackerInner*)\x1b[m\x1b[K\xe2\x80\x99:\n'}
[10.145164] (sllidar_ros2) StderrLine: {'line': b'\x1b[01m\x1b[K/home/ubuntu22/lidar_slam_ws/src/sllidar_ros2/sdk/src/dataunpacker/unpacker/handler_capsules.cpp:763:30:\x1b[m\x1b[K \x1b[01;35m\x1b[Kwarning: \x1b[m\x1b[Ktype qualifiers ignored on cast result type [\x1b[01;35m\x1b[K\x1b]8;;https://gcc.gnu.org/onlinedocs/gcc/Warning-Options.html#index-Wignored-qualifiers\x07-Wignored-qualifiers\x1b]8;;\x07\x1b[m\x1b[K]\n'}
[10.145286] (sllidar_ros2) StderrLine: {'line': b'  763 |             const int dist = \x1b[01;35m\x1b[Kstatic_cast<const int>(_cached_previous_dense_capsuledata.cabins[pos].distance)\x1b[m\x1b[K;\n'}
[10.145367] (sllidar_ros2) StderrLine: {'line': b'      |                              \x1b[01;35m\x1b[K^~~~~~~~~~~~~~~~~~~~~~~~~~~~~~~~~~~~~~~~~~~~~~~~~~~~~~~~~~~~~~~~~~~~~~~~~~~~~~~\x1b[m\x1b[K\n'}
[10.147363] (sllidar_ros2) StderrLine: {'line': b'In file included from \x1b[01m\x1b[K/home/ubuntu22/lidar_slam_ws/src/sllidar_ros2/sdk/src/dataunpacker/dataunpacker.cpp:40\x1b[m\x1b[K:\n'}
[10.147663] (sllidar_ros2) StderrLine: {'line': b'\x1b[01m\x1b[K/home/ubuntu22/lidar_slam_ws/src/sllidar_ros2/sdk/src/dataunpacker/dataunpacker.h:\x1b[m\x1b[K In member function \xe2\x80\x98\x1b[01m\x1b[Kvirtual void sl::internal::LIDARSampleDataListener::onCustomSampleDataDecoded(_u8, _u32, const void*, size_t)\x1b[m\x1b[K\xe2\x80\x99:\n'}
[10.148175] (sllidar_ros2) StderrLine: {'line': b'\x1b[01m\x1b[K/home/ubuntu22/lidar_slam_ws/src/sllidar_ros2/sdk/src/dataunpacker/dataunpacker.h:54:52:\x1b[m\x1b[K \x1b[01;35m\x1b[Kwarning: \x1b[m\x1b[Kunused parameter \xe2\x80\x98\x1b[01m\x1b[KansType\x1b[m\x1b[K\xe2\x80\x99 [\x1b[01;35m\x1b[K\x1b]8;;https://gcc.gnu.org/onlinedocs/gcc/Warning-Options.html#index-Wunused-parameter\x07-Wunused-parameter\x1b]8;;\x07\x1b[m\x1b[K]\n'}
[10.148429] (sllidar_ros2) StderrLine: {'line': b'   54 |         virtual void onCustomSampleDataDecoded(\x1b[01;35m\x1b[K_u8 ansType\x1b[m\x1b[K, _u32 customCode, const void* data, size_t size) {}\n'}
[10.148576] (sllidar_ros2) StderrLine: {'line': b'      |                                                \x1b[01;35m\x1b[K~~~~^~~~~~~\x1b[m\x1b[K\n'}
[10.148727] (sllidar_ros2) StderrLine: {'line': b'\x1b[01m\x1b[K/home/ubuntu22/lidar_slam_ws/src/sllidar_ros2/sdk/src/dataunpacker/dataunpacker.h:54:66:\x1b[m\x1b[K \x1b[01;35m\x1b[Kwarning: \x1b[m\x1b[Kunused parameter \xe2\x80\x98\x1b[01m\x1b[KcustomCode\x1b[m\x1b[K\xe2\x80\x99 [\x1b[01;35m\x1b[K\x1b]8;;https://gcc.gnu.org/onlinedocs/gcc/Warning-Options.html#index-Wunused-parameter\x07-Wunused-parameter\x1b]8;;\x07\x1b[m\x1b[K]\n'}
[10.148881] (sllidar_ros2) StderrLine: {'line': b'   54 |         virtual void onCustomSampleDataDecoded(_u8 ansType, \x1b[01;35m\x1b[K_u32 customCode\x1b[m\x1b[K, const void* data, size_t size) {}\n'}
[10.149080] (sllidar_ros2) StderrLine: {'line': b'      |                                                             \x1b[01;35m\x1b[K~~~~~^~~~~~~~~~\x1b[m\x1b[K\n'}
[10.149257] (sllidar_ros2) StderrLine: {'line': b'\x1b[01m\x1b[K/home/ubuntu22/lidar_slam_ws/src/sllidar_ros2/sdk/src/dataunpacker/dataunpacker.h:54:90:\x1b[m\x1b[K \x1b[01;35m\x1b[Kwarning: \x1b[m\x1b[Kunused parameter \xe2\x80\x98\x1b[01m\x1b[Kdata\x1b[m\x1b[K\xe2\x80\x99 [\x1b[01;35m\x1b[K\x1b]8;;https://gcc.gnu.org/onlinedocs/gcc/Warning-Options.html#index-Wunused-parameter\x07-Wunused-parameter\x1b]8;;\x07\x1b[m\x1b[K]\n'}
[10.149401] (sllidar_ros2) StderrLine: {'line': b'   54 |         virtual void onCustomSampleDataDecoded(_u8 ansType, _u32 customCode, \x1b[01;35m\x1b[Kconst void* data\x1b[m\x1b[K, size_t size) {}\n'}
[10.149540] (sllidar_ros2) StderrLine: {'line': b'      |                                                                              \x1b[01;35m\x1b[K~~~~~~~~~~~~^~~~\x1b[m\x1b[K\n'}
[10.149680] (sllidar_ros2) StderrLine: {'line': b'\x1b[01m\x1b[K/home/ubuntu22/lidar_slam_ws/src/sllidar_ros2/sdk/src/dataunpacker/dataunpacker.h:54:103:\x1b[m\x1b[K \x1b[01;35m\x1b[Kwarning: \x1b[m\x1b[Kunused parameter \xe2\x80\x98\x1b[01m\x1b[Ksize\x1b[m\x1b[K\xe2\x80\x99 [\x1b[01;35m\x1b[K\x1b]8;;https://gcc.gnu.org/onlinedocs/gcc/Warning-Options.html#index-Wunused-parameter\x07-Wunused-parameter\x1b]8;;\x07\x1b[m\x1b[K]\n'}
[10.149820] (sllidar_ros2) StderrLine: {'line': b'   54 |         virtual void onCustomSampleDataDecoded(_u8 ansType, _u32 customCode, const void* data, \x1b[01;35m\x1b[Ksize_t size\x1b[m\x1b[K) {}\n'}
[10.149972] (sllidar_ros2) StderrLine: {'line': b'      |                                                                                                \x1b[01;35m\x1b[K~~~~~~~^~~~\x1b[m\x1b[K\n'}
[10.150124] (sllidar_ros2) StderrLine: {'line': b'\x1b[01m\x1b[K/home/ubuntu22/lidar_slam_ws/src/sllidar_ros2/sdk/src/dataunpacker/dataunpacker.h:\x1b[m\x1b[K In member function \xe2\x80\x98\x1b[01m\x1b[Kvirtual void sl::internal::LIDARSampleDataListener::onDecodingError(int, _u8, const void*, size_t)\x1b[m\x1b[K\xe2\x80\x99:\n'}
[10.150253] (sllidar_ros2) StderrLine: {'line': b'\x1b[01m\x1b[K/home/ubuntu22/lidar_slam_ws/src/sllidar_ros2/sdk/src/dataunpacker/dataunpacker.h:56:42:\x1b[m\x1b[K \x1b[01;35m\x1b[Kwarning: \x1b[m\x1b[Kunused parameter \xe2\x80\x98\x1b[01m\x1b[KerrMsg\x1b[m\x1b[K\xe2\x80\x99 [\x1b[01;35m\x1b[K\x1b]8;;https://gcc.gnu.org/onlinedocs/gcc/Warning-Options.html#index-Wunused-parameter\x07-Wunused-parameter\x1b]8;;\x07\x1b[m\x1b[K]\n'}
[10.150379] (sllidar_ros2) StderrLine: {'line': b'   56 |         virtual void onDecodingError(\x1b[01;35m\x1b[Kint errMsg\x1b[m\x1b[K, _u8 ansType, const void* payload, size_t size) {}\n'}
[10.150509] (sllidar_ros2) StderrLine: {'line': b'      |                                      \x1b[01;35m\x1b[K~~~~^~~~~~\x1b[m\x1b[K\n'}
[10.150637] (sllidar_ros2) StderrLine: {'line': b'\x1b[01m\x1b[K/home/ubuntu22/lidar_slam_ws/src/sllidar_ros2/sdk/src/dataunpacker/dataunpacker.h:56:54:\x1b[m\x1b[K \x1b[01;35m\x1b[Kwarning: \x1b[m\x1b[Kunused parameter \xe2\x80\x98\x1b[01m\x1b[KansType\x1b[m\x1b[K\xe2\x80\x99 [\x1b[01;35m\x1b[K\x1b]8;;https://gcc.gnu.org/onlinedocs/gcc/Warning-Options.html#index-Wunused-parameter\x07-Wunused-parameter\x1b]8;;\x07\x1b[m\x1b[K]\n'}
[10.150756] (sllidar_ros2) StderrLine: {'line': b'   56 |         virtual void onDecodingError(int errMsg, \x1b[01;35m\x1b[K_u8 ansType\x1b[m\x1b[K, const void* payload, size_t size) {}\n'}
[10.150911] (sllidar_ros2) StderrLine: {'line': b'      |                                                  \x1b[01;35m\x1b[K~~~~^~~~~~~\x1b[m\x1b[K\n'}
[10.151109] (sllidar_ros2) StderrLine: {'line': b'\x1b[01m\x1b[K/home/ubuntu22/lidar_slam_ws/src/sllidar_ros2/sdk/src/dataunpacker/dataunpacker.h:56:75:\x1b[m\x1b[K \x1b[01;35m\x1b[Kwarning: \x1b[m\x1b[Kunused parameter \xe2\x80\x98\x1b[01m\x1b[Kpayload\x1b[m\x1b[K\xe2\x80\x99 [\x1b[01;35m\x1b[K\x1b]8;;https://gcc.gnu.org/onlinedocs/gcc/Warning-Options.html#index-Wunused-parameter\x07-Wunused-parameter\x1b]8;;\x07\x1b[m\x1b[K]\n'}
[10.151295] (sllidar_ros2) StderrLine: {'line': b'   56 |         virtual void onDecodingError(int errMsg, _u8 ansType, \x1b[01;35m\x1b[Kconst void* payload\x1b[m\x1b[K, size_t size) {}\n'}
[10.151414] (sllidar_ros2) StderrLine: {'line': b'      |                                                               \x1b[01;35m\x1b[K~~~~~~~~~~~~^~~~~~~\x1b[m\x1b[K\n'}
[10.152395] (sllidar_ros2) StderrLine: {'line': b'\x1b[01m\x1b[K/home/ubuntu22/lidar_slam_ws/src/sllidar_ros2/sdk/src/dataunpacker/dataunpacker.h:56:91:\x1b[m\x1b[K \x1b[01;35m\x1b[Kwarning: \x1b[m\x1b[Kunused parameter \xe2\x80\x98\x1b[01m\x1b[Ksize\x1b[m\x1b[K\xe2\x80\x99 [\x1b[01;35m\x1b[K\x1b]8;;https://gcc.gnu.org/onlinedocs/gcc/Warning-Options.html#index-Wunused-parameter\x07-Wunused-parameter\x1b]8;;\x07\x1b[m\x1b[K]\n'}
[10.152640] (sllidar_ros2) StderrLine: {'line': b'   56 |         virtual void onDecodingError(int errMsg, _u8 ansType, const void* payload, \x1b[01;35m\x1b[Ksize_t size\x1b[m\x1b[K) {}\n'}
[10.152834] (sllidar_ros2) StderrLine: {'line': b'      |                                                                                    \x1b[01;35m\x1b[K~~~~~~~^~~~\x1b[m\x1b[K\n'}
[10.165901] (sllidar_ros2) StderrLine: {'line': b'In file included from \x1b[01m\x1b[K/home/ubuntu22/lidar_slam_ws/src/sllidar_ros2/sdk/src/sl_lidarprotocol_codec.cpp:49\x1b[m\x1b[K:\n'}
[10.166242] (sllidar_ros2) StderrLine: {'line': b'\x1b[01m\x1b[K/home/ubuntu22/lidar_slam_ws/src/sllidar_ros2/sdk/src/sl_async_transceiver.h:\x1b[m\x1b[K In member function \xe2\x80\x98\x1b[01m\x1b[Kvirtual void sl::internal::IAsyncProtocolCodec::onChannelError(u_result)\x1b[m\x1b[K\xe2\x80\x99:\n'}
[10.166574] (sllidar_ros2) StderrLine: {'line': b'\x1b[01m\x1b[K/home/ubuntu22/lidar_slam_ws/src/sllidar_ros2/sdk/src/sl_async_transceiver.h:90:48:\x1b[m\x1b[K \x1b[01;35m\x1b[Kwarning: \x1b[m\x1b[Kunused parameter \xe2\x80\x98\x1b[01m\x1b[KerrCode\x1b[m\x1b[K\xe2\x80\x99 [\x1b[01;35m\x1b[K\x1b]8;;https://gcc.gnu.org/onlinedocs/gcc/Warning-Options.html#index-Wunused-parameter\x07-Wunused-parameter\x1b]8;;\x07\x1b[m\x1b[K]\n'}
[10.166751] (sllidar_ros2) StderrLine: {'line': b'   90 |         virtual void   onChannelError(\x1b[01;35m\x1b[Ku_result errCode\x1b[m\x1b[K) {}\n'}
[10.166881] (sllidar_ros2) StderrLine: {'line': b'      |                                       \x1b[01;35m\x1b[K~~~~~~~~~^~~~~~~\x1b[m\x1b[K\n'}
[10.241861] (sllidar_ros2) StderrLine: {'line': b'In file included from \x1b[01m\x1b[K/home/ubuntu22/lidar_slam_ws/src/sllidar_ros2/sdk/src/sl_async_transceiver.cpp:44\x1b[m\x1b[K:\n'}
[10.242138] (sllidar_ros2) StderrLine: {'line': b'\x1b[01m\x1b[K/home/ubuntu22/lidar_slam_ws/src/sllidar_ros2/sdk/src/sl_async_transceiver.h:\x1b[m\x1b[K In member function \xe2\x80\x98\x1b[01m\x1b[Kvirtual void sl::internal::IAsyncProtocolCodec::onChannelError(u_result)\x1b[m\x1b[K\xe2\x80\x99:\n'}
[10.242246] (sllidar_ros2) StderrLine: {'line': b'\x1b[01m\x1b[K/home/ubuntu22/lidar_slam_ws/src/sllidar_ros2/sdk/src/sl_async_transceiver.h:90:48:\x1b[m\x1b[K \x1b[01;35m\x1b[Kwarning: \x1b[m\x1b[Kunused parameter \xe2\x80\x98\x1b[01m\x1b[KerrCode\x1b[m\x1b[K\xe2\x80\x99 [\x1b[01;35m\x1b[K\x1b]8;;https://gcc.gnu.org/onlinedocs/gcc/Warning-Options.html#index-Wunused-parameter\x07-Wunused-parameter\x1b]8;;\x07\x1b[m\x1b[K]\n'}
[10.242334] (sllidar_ros2) StderrLine: {'line': b'   90 |         virtual void   onChannelError(\x1b[01;35m\x1b[Ku_result errCode\x1b[m\x1b[K) {}\n'}
[10.242412] (sllidar_ros2) StderrLine: {'line': b'      |                                       \x1b[01;35m\x1b[K~~~~~~~~~^~~~~~~\x1b[m\x1b[K\n'}
[10.244577] (-) TimerEvent: {}
[10.292525] (sllidar_ros2) StderrLine: {'line': b'In file included from \x1b[01m\x1b[K/home/ubuntu22/lidar_slam_ws/src/sllidar_ros2/sdk/src/dataunpacker/unpacker/handler_normalnode.cpp:40\x1b[m\x1b[K:\n'}
[10.292864] (sllidar_ros2) StderrLine: {'line': b'\x1b[01m\x1b[K/home/ubuntu22/lidar_slam_ws/src/sllidar_ros2/sdk/src/dataunpacker/unpacker/../dataunpacker.h:\x1b[m\x1b[K In member function \xe2\x80\x98\x1b[01m\x1b[Kvirtual void sl::internal::LIDARSampleDataListener::onCustomSampleDataDecoded(_u8, _u32, const void*, size_t)\x1b[m\x1b[K\xe2\x80\x99:\n'}
[10.292936] (sllidar_ros2) StderrLine: {'line': b'\x1b[01m\x1b[K/home/ubuntu22/lidar_slam_ws/src/sllidar_ros2/sdk/src/dataunpacker/unpacker/../dataunpacker.h:54:52:\x1b[m\x1b[K \x1b[01;35m\x1b[Kwarning: \x1b[m\x1b[Kunused parameter \xe2\x80\x98\x1b[01m\x1b[KansType\x1b[m\x1b[K\xe2\x80\x99 [\x1b[01;35m\x1b[K\x1b]8;;https://gcc.gnu.org/onlinedocs/gcc/Warning-Options.html#index-Wunused-parameter\x07-Wunused-parameter\x1b]8;;\x07\x1b[m\x1b[K]\n'}
[10.292987] (sllidar_ros2) StderrLine: {'line': b'   54 |         virtual void onCustomSampleDataDecoded(\x1b[01;35m\x1b[K_u8 ansType\x1b[m\x1b[K, _u32 customCode, const void* data, size_t size) {}\n'}
[10.293033] (sllidar_ros2) StderrLine: {'line': b'      |                                                \x1b[01;35m\x1b[K~~~~^~~~~~~\x1b[m\x1b[K\n'}
[10.293074] (sllidar_ros2) StderrLine: {'line': b'\x1b[01m\x1b[K/home/ubuntu22/lidar_slam_ws/src/sllidar_ros2/sdk/src/dataunpacker/unpacker/../dataunpacker.h:54:66:\x1b[m\x1b[K \x1b[01;35m\x1b[Kwarning: \x1b[m\x1b[Kunused parameter \xe2\x80\x98\x1b[01m\x1b[KcustomCode\x1b[m\x1b[K\xe2\x80\x99 [\x1b[01;35m\x1b[K\x1b]8;;https://gcc.gnu.org/onlinedocs/gcc/Warning-Options.html#index-Wunused-parameter\x07-Wunused-parameter\x1b]8;;\x07\x1b[m\x1b[K]\n'}
[10.293140] (sllidar_ros2) StderrLine: {'line': b'   54 |         virtual void onCustomSampleDataDecoded(_u8 ansType, \x1b[01;35m\x1b[K_u32 customCode\x1b[m\x1b[K, const void* data, size_t size) {}\n'}
[10.293204] (sllidar_ros2) StderrLine: {'line': b'      |                                                             \x1b[01;35m\x1b[K~~~~~^~~~~~~~~~\x1b[m\x1b[K\n'}
[10.293248] (sllidar_ros2) StderrLine: {'line': b'\x1b[01m\x1b[K/home/ubuntu22/lidar_slam_ws/src/sllidar_ros2/sdk/src/dataunpacker/unpacker/../dataunpacker.h:54:90:\x1b[m\x1b[K \x1b[01;35m\x1b[Kwarning: \x1b[m\x1b[Kunused parameter \xe2\x80\x98\x1b[01m\x1b[Kdata\x1b[m\x1b[K\xe2\x80\x99 [\x1b[01;35m\x1b[K\x1b]8;;https://gcc.gnu.org/onlinedocs/gcc/Warning-Options.html#index-Wunused-parameter\x07-Wunused-parameter\x1b]8;;\x07\x1b[m\x1b[K]\n'}
[10.293317] (sllidar_ros2) StderrLine: {'line': b'   54 |         virtual void onCustomSampleDataDecoded(_u8 ansType, _u32 customCode, \x1b[01;35m\x1b[Kconst void* data\x1b[m\x1b[K, size_t size) {}\n'}
[10.293393] (sllidar_ros2) StderrLine: {'line': b'      |                                                                              \x1b[01;35m\x1b[K~~~~~~~~~~~~^~~~\x1b[m\x1b[K\n'}
[10.293472] (sllidar_ros2) StderrLine: {'line': b'\x1b[01m\x1b[K/home/ubuntu22/lidar_slam_ws/src/sllidar_ros2/sdk/src/dataunpacker/unpacker/../dataunpacker.h:54:103:\x1b[m\x1b[K \x1b[01;35m\x1b[Kwarning: \x1b[m\x1b[Kunused parameter \xe2\x80\x98\x1b[01m\x1b[Ksize\x1b[m\x1b[K\xe2\x80\x99 [\x1b[01;35m\x1b[K\x1b]8;;https://gcc.gnu.org/onlinedocs/gcc/Warning-Options.html#index-Wunused-parameter\x07-Wunused-parameter\x1b]8;;\x07\x1b[m\x1b[K]\n'}
[10.293564] (sllidar_ros2) StderrLine: {'line': b'   54 |         virtual void onCustomSampleDataDecoded(_u8 ansType, _u32 customCode, const void* data, \x1b[01;35m\x1b[Ksize_t size\x1b[m\x1b[K) {}\n'}
[10.293648] (sllidar_ros2) StderrLine: {'line': b'      |                                                                                                \x1b[01;35m\x1b[K~~~~~~~^~~~\x1b[m\x1b[K\n'}
[10.293726] (sllidar_ros2) StderrLine: {'line': b'\x1b[01m\x1b[K/home/ubuntu22/lidar_slam_ws/src/sllidar_ros2/sdk/src/dataunpacker/unpacker/../dataunpacker.h:\x1b[m\x1b[K In member function \xe2\x80\x98\x1b[01m\x1b[Kvirtual void sl::internal::LIDARSampleDataListener::onDecodingError(int, _u8, const void*, size_t)\x1b[m\x1b[K\xe2\x80\x99:\n'}
[10.293805] (sllidar_ros2) StderrLine: {'line': b'\x1b[01m\x1b[K/home/ubuntu22/lidar_slam_ws/src/sllidar_ros2/sdk/src/dataunpacker/unpacker/../dataunpacker.h:56:42:\x1b[m\x1b[K \x1b[01;35m\x1b[Kwarning: \x1b[m\x1b[Kunused parameter \xe2\x80\x98\x1b[01m\x1b[KerrMsg\x1b[m\x1b[K\xe2\x80\x99 [\x1b[01;35m\x1b[K\x1b]8;;https://gcc.gnu.org/onlinedocs/gcc/Warning-Options.html#index-Wunused-parameter\x07-Wunused-parameter\x1b]8;;\x07\x1b[m\x1b[K]\n'}
[10.293883] (sllidar_ros2) StderrLine: {'line': b'   56 |         virtual void onDecodingError(\x1b[01;35m\x1b[Kint errMsg\x1b[m\x1b[K, _u8 ansType, const void* payload, size_t size) {}\n'}
[10.293953] (sllidar_ros2) StderrLine: {'line': b'      |                                      \x1b[01;35m\x1b[K~~~~^~~~~~\x1b[m\x1b[K\n'}
[10.294018] (sllidar_ros2) StderrLine: {'line': b'\x1b[01m\x1b[K/home/ubuntu22/lidar_slam_ws/src/sllidar_ros2/sdk/src/dataunpacker/unpacker/../dataunpacker.h:56:54:\x1b[m\x1b[K \x1b[01;35m\x1b[Kwarning: \x1b[m\x1b[Kunused parameter \xe2\x80\x98\x1b[01m\x1b[KansType\x1b[m\x1b[K\xe2\x80\x99 [\x1b[01;35m\x1b[K\x1b]8;;https://gcc.gnu.org/onlinedocs/gcc/Warning-Options.html#index-Wunused-parameter\x07-Wunused-parameter\x1b]8;;\x07\x1b[m\x1b[K]\n'}
[10.294089] (sllidar_ros2) StderrLine: {'line': b'   56 |         virtual void onDecodingError(int errMsg, \x1b[01;35m\x1b[K_u8 ansType\x1b[m\x1b[K, const void* payload, size_t size) {}\n'}
[10.294156] (sllidar_ros2) StderrLine: {'line': b'      |                                                  \x1b[01;35m\x1b[K~~~~^~~~~~~\x1b[m\x1b[K\n'}
[10.294224] (sllidar_ros2) StderrLine: {'line': b'\x1b[01m\x1b[K/home/ubuntu22/lidar_slam_ws/src/sllidar_ros2/sdk/src/dataunpacker/unpacker/../dataunpacker.h:56:75:\x1b[m\x1b[K \x1b[01;35m\x1b[Kwarning: \x1b[m\x1b[Kunused parameter \xe2\x80\x98\x1b[01m\x1b[Kpayload\x1b[m\x1b[K\xe2\x80\x99 [\x1b[01;35m\x1b[K\x1b]8;;https://gcc.gnu.org/onlinedocs/gcc/Warning-Options.html#index-Wunused-parameter\x07-Wunused-parameter\x1b]8;;\x07\x1b[m\x1b[K]\n'}
[10.294329] (sllidar_ros2) StderrLine: {'line': b'   56 |         virtual void onDecodingError(int errMsg, _u8 ansType, \x1b[01;35m\x1b[Kconst void* payload\x1b[m\x1b[K, size_t size) {}\n'}
[10.294463] (sllidar_ros2) StderrLine: {'line': b'      |                                                               \x1b[01;35m\x1b[K~~~~~~~~~~~~^~~~~~~\x1b[m\x1b[K\n'}
[10.294541] (sllidar_ros2) StderrLine: {'line': b'\x1b[01m\x1b[K/home/ubuntu22/lidar_slam_ws/src/sllidar_ros2/sdk/src/dataunpacker/unpacker/../dataunpacker.h:56:91:\x1b[m\x1b[K \x1b[01;35m\x1b[Kwarning: \x1b[m\x1b[Kunused parameter \xe2\x80\x98\x1b[01m\x1b[Ksize\x1b[m\x1b[K\xe2\x80\x99 [\x1b[01;35m\x1b[K\x1b]8;;https://gcc.gnu.org/onlinedocs/gcc/Warning-Options.html#index-Wunused-parameter\x07-Wunused-parameter\x1b]8;;\x07\x1b[m\x1b[K]\n'}
[10.294623] (sllidar_ros2) StderrLine: {'line': b'   56 |         virtual void onDecodingError(int errMsg, _u8 ansType, const void* payload, \x1b[01;35m\x1b[Ksize_t size\x1b[m\x1b[K) {}\n'}
[10.294694] (sllidar_ros2) StderrLine: {'line': b'      |                                                                                    \x1b[01;35m\x1b[K~~~~~~~^~~~\x1b[m\x1b[K\n'}
[10.344724] (-) TimerEvent: {}
[10.375971] (sllidar_ros2) StderrLine: {'line': b'In file included from \x1b[01m\x1b[K/home/ubuntu22/lidar_slam_ws/src/sllidar_ros2/sdk/src/sl_lidar_driver.cpp:50\x1b[m\x1b[K:\n'}
[10.376261] (sllidar_ros2) StderrLine: {'line': b'\x1b[01m\x1b[K/home/ubuntu22/lidar_slam_ws/src/sllidar_ros2/sdk/src/dataunpacker/dataunpacker.h:\x1b[m\x1b[K In member function \xe2\x80\x98\x1b[01m\x1b[Kvirtual void sl::internal::LIDARSampleDataListener::onCustomSampleDataDecoded(_u8, _u32, const void*, size_t)\x1b[m\x1b[K\xe2\x80\x99:\n'}
[10.376595] (sllidar_ros2) StderrLine: {'line': b'\x1b[01m\x1b[K/home/ubuntu22/lidar_slam_ws/src/sllidar_ros2/sdk/src/dataunpacker/dataunpacker.h:54:52:\x1b[m\x1b[K \x1b[01;35m\x1b[Kwarning: \x1b[m\x1b[Kunused parameter \xe2\x80\x98\x1b[01m\x1b[KansType\x1b[m\x1b[K\xe2\x80\x99 [\x1b[01;35m\x1b[K\x1b]8;;https://gcc.gnu.org/onlinedocs/gcc/Warning-Options.html#index-Wunused-parameter\x07-Wunused-parameter\x1b]8;;\x07\x1b[m\x1b[K]\n'}
[10.376678] (sllidar_ros2) StderrLine: {'line': b'   54 |         virtual void onCustomSampleDataDecoded(\x1b[01;35m\x1b[K_u8 ansType\x1b[m\x1b[K, _u32 customCode, const void* data, size_t size) {}\n'}
[10.376737] (sllidar_ros2) StderrLine: {'line': b'      |                                                \x1b[01;35m\x1b[K~~~~^~~~~~~\x1b[m\x1b[K\n'}
[10.376781] (sllidar_ros2) StderrLine: {'line': b'\x1b[01m\x1b[K/home/ubuntu22/lidar_slam_ws/src/sllidar_ros2/sdk/src/dataunpacker/dataunpacker.h:54:66:\x1b[m\x1b[K \x1b[01;35m\x1b[Kwarning: \x1b[m\x1b[Kunused parameter \xe2\x80\x98\x1b[01m\x1b[KcustomCode\x1b[m\x1b[K\xe2\x80\x99 [\x1b[01;35m\x1b[K\x1b]8;;https://gcc.gnu.org/onlinedocs/gcc/Warning-Options.html#index-Wunused-parameter\x07-Wunused-parameter\x1b]8;;\x07\x1b[m\x1b[K]\n'}
[10.376838] (sllidar_ros2) StderrLine: {'line': b'   54 |         virtual void onCustomSampleDataDecoded(_u8 ansType, \x1b[01;35m\x1b[K_u32 customCode\x1b[m\x1b[K, const void* data, size_t size) {}\n'}
[10.376879] (sllidar_ros2) StderrLine: {'line': b'      |                                                             \x1b[01;35m\x1b[K~~~~~^~~~~~~~~~\x1b[m\x1b[K\n'}
[10.376919] (sllidar_ros2) StderrLine: {'line': b'\x1b[01m\x1b[K/home/ubuntu22/lidar_slam_ws/src/sllidar_ros2/sdk/src/dataunpacker/dataunpacker.h:54:90:\x1b[m\x1b[K \x1b[01;35m\x1b[Kwarning: \x1b[m\x1b[Kunused parameter \xe2\x80\x98\x1b[01m\x1b[Kdata\x1b[m\x1b[K\xe2\x80\x99 [\x1b[01;35m\x1b[K\x1b]8;;https://gcc.gnu.org/onlinedocs/gcc/Warning-Options.html#index-Wunused-parameter\x07-Wunused-parameter\x1b]8;;\x07\x1b[m\x1b[K]\n'}
[10.376964] (sllidar_ros2) StderrLine: {'line': b'   54 |         virtual void onCustomSampleDataDecoded(_u8 ansType, _u32 customCode, \x1b[01;35m\x1b[Kconst void* data\x1b[m\x1b[K, size_t size) {}\n'}
[10.377004] (sllidar_ros2) StderrLine: {'line': b'      |                                                                              \x1b[01;35m\x1b[K~~~~~~~~~~~~^~~~\x1b[m\x1b[K\n'}
[10.377046] (sllidar_ros2) StderrLine: {'line': b'\x1b[01m\x1b[K/home/ubuntu22/lidar_slam_ws/src/sllidar_ros2/sdk/src/dataunpacker/dataunpacker.h:54:103:\x1b[m\x1b[K \x1b[01;35m\x1b[Kwarning: \x1b[m\x1b[Kunused parameter \xe2\x80\x98\x1b[01m\x1b[Ksize\x1b[m\x1b[K\xe2\x80\x99 [\x1b[01;35m\x1b[K\x1b]8;;https://gcc.gnu.org/onlinedocs/gcc/Warning-Options.html#index-Wunused-parameter\x07-Wunused-parameter\x1b]8;;\x07\x1b[m\x1b[K]\n'}
[10.377087] (sllidar_ros2) StderrLine: {'line': b'   54 |         virtual void onCustomSampleDataDecoded(_u8 ansType, _u32 customCode, const void* data, \x1b[01;35m\x1b[Ksize_t size\x1b[m\x1b[K) {}\n'}
[10.377137] (sllidar_ros2) StderrLine: {'line': b'      |                                                                                                \x1b[01;35m\x1b[K~~~~~~~^~~~\x1b[m\x1b[K\n'}
[10.377181] (sllidar_ros2) StderrLine: {'line': b'\x1b[01m\x1b[K/home/ubuntu22/lidar_slam_ws/src/sllidar_ros2/sdk/src/dataunpacker/dataunpacker.h:\x1b[m\x1b[K In member function \xe2\x80\x98\x1b[01m\x1b[Kvirtual void sl::internal::LIDARSampleDataListener::onDecodingError(int, _u8, const void*, size_t)\x1b[m\x1b[K\xe2\x80\x99:\n'}
[10.377261] (sllidar_ros2) StderrLine: {'line': b'\x1b[01m\x1b[K/home/ubuntu22/lidar_slam_ws/src/sllidar_ros2/sdk/src/dataunpacker/dataunpacker.h:56:42:\x1b[m\x1b[K \x1b[01;35m\x1b[Kwarning: \x1b[m\x1b[Kunused parameter \xe2\x80\x98\x1b[01m\x1b[KerrMsg\x1b[m\x1b[K\xe2\x80\x99 [\x1b[01;35m\x1b[K\x1b]8;;https://gcc.gnu.org/onlinedocs/gcc/Warning-Options.html#index-Wunused-parameter\x07-Wunused-parameter\x1b]8;;\x07\x1b[m\x1b[K]\n'}
[10.377308] (sllidar_ros2) StderrLine: {'line': b'   56 |         virtual void onDecodingError(\x1b[01;35m\x1b[Kint errMsg\x1b[m\x1b[K, _u8 ansType, const void* payload, size_t size) {}\n'}
[10.377352] (sllidar_ros2) StderrLine: {'line': b'      |                                      \x1b[01;35m\x1b[K~~~~^~~~~~\x1b[m\x1b[K\n'}
[10.377394] (sllidar_ros2) StderrLine: {'line': b'\x1b[01m\x1b[K/home/ubuntu22/lidar_slam_ws/src/sllidar_ros2/sdk/src/dataunpacker/dataunpacker.h:56:54:\x1b[m\x1b[K \x1b[01;35m\x1b[Kwarning: \x1b[m\x1b[Kunused parameter \xe2\x80\x98\x1b[01m\x1b[KansType\x1b[m\x1b[K\xe2\x80\x99 [\x1b[01;35m\x1b[K\x1b]8;;https://gcc.gnu.org/onlinedocs/gcc/Warning-Options.html#index-Wunused-parameter\x07-Wunused-parameter\x1b]8;;\x07\x1b[m\x1b[K]\n'}
[10.377442] (sllidar_ros2) StderrLine: {'line': b'   56 |         virtual void onDecodingError(int errMsg, \x1b[01;35m\x1b[K_u8 ansType\x1b[m\x1b[K, const void* payload, size_t size) {}\n'}
[10.377499] (sllidar_ros2) StderrLine: {'line': b'      |                                                  \x1b[01;35m\x1b[K~~~~^~~~~~~\x1b[m\x1b[K\n'}
[10.377563] (sllidar_ros2) StderrLine: {'line': b'\x1b[01m\x1b[K/home/ubuntu22/lidar_slam_ws/src/sllidar_ros2/sdk/src/dataunpacker/dataunpacker.h:56:75:\x1b[m\x1b[K \x1b[01;35m\x1b[Kwarning: \x1b[m\x1b[Kunused parameter \xe2\x80\x98\x1b[01m\x1b[Kpayload\x1b[m\x1b[K\xe2\x80\x99 [\x1b[01;35m\x1b[K\x1b]8;;https://gcc.gnu.org/onlinedocs/gcc/Warning-Options.html#index-Wunused-parameter\x07-Wunused-parameter\x1b]8;;\x07\x1b[m\x1b[K]\n'}
[10.377634] (sllidar_ros2) StderrLine: {'line': b'   56 |         virtual void onDecodingError(int errMsg, _u8 ansType, \x1b[01;35m\x1b[Kconst void* payload\x1b[m\x1b[K, size_t size) {}\n'}
[10.377705] (sllidar_ros2) StderrLine: {'line': b'      |                                                               \x1b[01;35m\x1b[K~~~~~~~~~~~~^~~~~~~\x1b[m\x1b[K\n'}
[10.377771] (sllidar_ros2) StderrLine: {'line': b'\x1b[01m\x1b[K/home/ubuntu22/lidar_slam_ws/src/sllidar_ros2/sdk/src/dataunpacker/dataunpacker.h:56:91:\x1b[m\x1b[K \x1b[01;35m\x1b[Kwarning: \x1b[m\x1b[Kunused parameter \xe2\x80\x98\x1b[01m\x1b[Ksize\x1b[m\x1b[K\xe2\x80\x99 [\x1b[01;35m\x1b[K\x1b]8;;https://gcc.gnu.org/onlinedocs/gcc/Warning-Options.html#index-Wunused-parameter\x07-Wunused-parameter\x1b]8;;\x07\x1b[m\x1b[K]\n'}
[10.377842] (sllidar_ros2) StderrLine: {'line': b'   56 |         virtual void onDecodingError(int errMsg, _u8 ansType, const void* payload, \x1b[01;35m\x1b[Ksize_t size\x1b[m\x1b[K) {}\n'}
[10.377886] (sllidar_ros2) StderrLine: {'line': b'      |                                                                                    \x1b[01;35m\x1b[K~~~~~~~^~~~\x1b[m\x1b[K\n'}
[10.389773] (sllidar_ros2) StderrLine: {'line': b'In file included from \x1b[01m\x1b[K/home/ubuntu22/lidar_slam_ws/src/sllidar_ros2/sdk/src/sl_lidar_driver.cpp:51\x1b[m\x1b[K:\n'}
[10.390044] (sllidar_ros2) StderrLine: {'line': b'\x1b[01m\x1b[K/home/ubuntu22/lidar_slam_ws/src/sllidar_ros2/sdk/src/sl_async_transceiver.h:\x1b[m\x1b[K In member function \xe2\x80\x98\x1b[01m\x1b[Kvirtual void sl::internal::IAsyncProtocolCodec::onChannelError(u_result)\x1b[m\x1b[K\xe2\x80\x99:\n'}
[10.390162] (sllidar_ros2) StderrLine: {'line': b'\x1b[01m\x1b[K/home/ubuntu22/lidar_slam_ws/src/sllidar_ros2/sdk/src/sl_async_transceiver.h:90:48:\x1b[m\x1b[K \x1b[01;35m\x1b[Kwarning: \x1b[m\x1b[Kunused parameter \xe2\x80\x98\x1b[01m\x1b[KerrCode\x1b[m\x1b[K\xe2\x80\x99 [\x1b[01;35m\x1b[K\x1b]8;;https://gcc.gnu.org/onlinedocs/gcc/Warning-Options.html#index-Wunused-parameter\x07-Wunused-parameter\x1b]8;;\x07\x1b[m\x1b[K]\n'}
[10.390252] (sllidar_ros2) StderrLine: {'line': b'   90 |         virtual void   onChannelError(\x1b[01;35m\x1b[Ku_result errCode\x1b[m\x1b[K) {}\n'}
[10.390332] (sllidar_ros2) StderrLine: {'line': b'      |                                       \x1b[01;35m\x1b[K~~~~~~~~~^~~~~~~\x1b[m\x1b[K\n'}
[10.417454] (sllidar_ros2) StderrLine: {'line': b'\x1b[01m\x1b[K/home/ubuntu22/lidar_slam_ws/src/sllidar_ros2/sdk/src/sl_lidar_driver.cpp:\x1b[m\x1b[K In member function \xe2\x80\x98\x1b[01m\x1b[Kvirtual sl_result sl::SlamtecLidarDriver::reset(sl_u32)\x1b[m\x1b[K\xe2\x80\x99:\n'}
[10.417849] (sllidar_ros2) StderrLine: {'line': b'\x1b[01m\x1b[K/home/ubuntu22/lidar_slam_ws/src/sllidar_ros2/sdk/src/sl_lidar_driver.cpp:511:32:\x1b[m\x1b[K \x1b[01;35m\x1b[Kwarning: \x1b[m\x1b[Kunused parameter \xe2\x80\x98\x1b[01m\x1b[KtimeoutInMs\x1b[m\x1b[K\xe2\x80\x99 [\x1b[01;35m\x1b[K\x1b]8;;https://gcc.gnu.org/onlinedocs/gcc/Warning-Options.html#index-Wunused-parameter\x07-Wunused-parameter\x1b]8;;\x07\x1b[m\x1b[K]\n'}
[10.418036] (sllidar_ros2) StderrLine: {'line': b'  511 |         sl_result reset(\x1b[01;35m\x1b[Ksl_u32 timeoutInMs = DEFAULT_TIMEOUT\x1b[m\x1b[K)\n'}
[10.418181] (sllidar_ros2) StderrLine: {'line': b'      |                         \x1b[01;35m\x1b[K~~~~~~~^~~~~~~~~~~~~~~~~~~~~~~~~~~~~\x1b[m\x1b[K\n'}
[10.421433] (sllidar_ros2) StderrLine: {'line': b'\x1b[01m\x1b[K/home/ubuntu22/lidar_slam_ws/src/sllidar_ros2/sdk/src/sl_lidar_driver.cpp:\x1b[m\x1b[K In member function \xe2\x80\x98\x1b[01m\x1b[Kvirtual sl_result sl::SlamtecLidarDriver::startScan(bool, bool, sl_u32, sl::LidarScanMode*)\x1b[m\x1b[K\xe2\x80\x99:\n'}
[10.421610] (sllidar_ros2) StderrLine: {'line': b'\x1b[01m\x1b[K/home/ubuntu22/lidar_slam_ws/src/sllidar_ros2/sdk/src/sl_lidar_driver.cpp:586:69:\x1b[m\x1b[K \x1b[01;35m\x1b[Kwarning: \x1b[m\x1b[Kunused parameter \xe2\x80\x98\x1b[01m\x1b[Koptions\x1b[m\x1b[K\xe2\x80\x99 [\x1b[01;35m\x1b[K\x1b]8;;https://gcc.gnu.org/onlinedocs/gcc/Warning-Options.html#index-Wunused-parameter\x07-Wunused-parameter\x1b]8;;\x07\x1b[m\x1b[K]\n'}
[10.421677] (sllidar_ros2) StderrLine: {'line': b'  586 |         sl_result startScan(bool force, bool useTypicalScan, \x1b[01;35m\x1b[Ksl_u32 options = 0\x1b[m\x1b[K, LidarScanMode* outUsedScanMode = nullptr)\n'}
[10.421729] (sllidar_ros2) StderrLine: {'line': b'      |                                                              \x1b[01;35m\x1b[K~~~~~~~^~~~~~~~~~~\x1b[m\x1b[K\n'}
[10.424095] (sllidar_ros2) StderrLine: {'line': b'\x1b[01m\x1b[K/home/ubuntu22/lidar_slam_ws/src/sllidar_ros2/sdk/src/sl_lidar_driver.cpp:\x1b[m\x1b[K In member function \xe2\x80\x98\x1b[01m\x1b[Kvirtual sl_result sl::SlamtecLidarDriver::stop(sl_u32)\x1b[m\x1b[K\xe2\x80\x99:\n'}
[10.424261] (sllidar_ros2) StderrLine: {'line': b'\x1b[01m\x1b[K/home/ubuntu22/lidar_slam_ws/src/sllidar_ros2/sdk/src/sl_lidar_driver.cpp:763:31:\x1b[m\x1b[K \x1b[01;35m\x1b[Kwarning: \x1b[m\x1b[Kunused parameter \xe2\x80\x98\x1b[01m\x1b[Ktimeout\x1b[m\x1b[K\xe2\x80\x99 [\x1b[01;35m\x1b[K\x1b]8;;https://gcc.gnu.org/onlinedocs/gcc/Warning-Options.html#index-Wunused-parameter\x07-Wunused-parameter\x1b]8;;\x07\x1b[m\x1b[K]\n'}
[10.424322] (sllidar_ros2) StderrLine: {'line': b'  763 |         sl_result stop(\x1b[01;35m\x1b[Ksl_u32 timeout = DEFAULT_TIMEOUT\x1b[m\x1b[K)\n'}
[10.424368] (sllidar_ros2) StderrLine: {'line': b'      |                        \x1b[01;35m\x1b[K~~~~~~~^~~~~~~~~~~~~~~~~~~~~~~~~\x1b[m\x1b[K\n'}
[10.426949] (sllidar_ros2) StderrLine: {'line': b'\x1b[01m\x1b[K/home/ubuntu22/lidar_slam_ws/src/sllidar_ros2/sdk/src/sl_lidar_driver.cpp:\x1b[m\x1b[K In member function \xe2\x80\x98\x1b[01m\x1b[Kvirtual sl_result sl::SlamtecLidarDriver::getFrequency(const sl::LidarScanMode&, const sl_lidar_response_measurement_node_hq_t*, size_t, float&)\x1b[m\x1b[K\xe2\x80\x99:\n'}
[10.427088] (sllidar_ros2) StderrLine: {'line': b'\x1b[01m\x1b[K/home/ubuntu22/lidar_slam_ws/src/sllidar_ros2/sdk/src/sl_lidar_driver.cpp:880:110:\x1b[m\x1b[K \x1b[01;35m\x1b[Kwarning: \x1b[m\x1b[Kunused parameter \xe2\x80\x98\x1b[01m\x1b[Knodes\x1b[m\x1b[K\xe2\x80\x99 [\x1b[01;35m\x1b[K\x1b]8;;https://gcc.gnu.org/onlinedocs/gcc/Warning-Options.html#index-Wunused-parameter\x07-Wunused-parameter\x1b]8;;\x07\x1b[m\x1b[K]\n'}
[10.427142] (sllidar_ros2) StderrLine: {'line': b'  880 |         sl_result getFrequency(const LidarScanMode& scanMode, \x1b[01;35m\x1b[Kconst sl_lidar_response_measurement_node_hq_t* nodes\x1b[m\x1b[K, size_t count, float& frequency)\n'}
[10.427189] (sllidar_ros2) StderrLine: {'line': b'      |                                                               \x1b[01;35m\x1b[K~~~~~~~~~~~~~~~~~~~~~~~~~~~~~~~~~~~~~~~~~~~~~~~^~~~~\x1b[m\x1b[K\n'}
[10.429751] (sllidar_ros2) StderrLine: {'line': b'\x1b[01m\x1b[K/home/ubuntu22/lidar_slam_ws/src/sllidar_ros2/sdk/src/sl_lidar_driver.cpp:\x1b[m\x1b[K In member function \xe2\x80\x98\x1b[01m\x1b[Kvirtual sl_result sl::SlamtecLidarDriver::getMotorInfo(sl::LidarMotorInfo&, sl_u32)\x1b[m\x1b[K\xe2\x80\x99:\n'}
[10.430022] (sllidar_ros2) StderrLine: {'line': b'\x1b[01m\x1b[K/home/ubuntu22/lidar_slam_ws/src/sllidar_ros2/sdk/src/sl_lidar_driver.cpp:1023:66:\x1b[m\x1b[K \x1b[01;35m\x1b[Kwarning: \x1b[m\x1b[Kunused parameter \xe2\x80\x98\x1b[01m\x1b[KtimeoutInMs\x1b[m\x1b[K\xe2\x80\x99 [\x1b[01;35m\x1b[K\x1b]8;;https://gcc.gnu.org/onlinedocs/gcc/Warning-Options.html#index-Wunused-parameter\x07-Wunused-parameter\x1b]8;;\x07\x1b[m\x1b[K]\n'}
[10.430190] (sllidar_ros2) StderrLine: {'line': b' 1023 |         sl_result getMotorInfo(LidarMotorInfo &motorInfo, \x1b[01;35m\x1b[Ksl_u32 timeoutInMs\x1b[m\x1b[K)\n'}
[10.430319] (sllidar_ros2) StderrLine: {'line': b'      |                                                           \x1b[01;35m\x1b[K~~~~~~~^~~~~~~~~~~\x1b[m\x1b[K\n'}
[10.431134] (sllidar_ros2) StderrLine: {'line': b'\x1b[01m\x1b[K/home/ubuntu22/lidar_slam_ws/src/sllidar_ros2/sdk/src/sl_lidar_driver.cpp:\x1b[m\x1b[K In member function \xe2\x80\x98\x1b[01m\x1b[Ku_result sl::SlamtecLidarDriver::getScanModeCount(sl_u16&, sl_u32)\x1b[m\x1b[K\xe2\x80\x99:\n'}
[10.431258] (sllidar_ros2) StderrLine: {'line': b'\x1b[01m\x1b[K/home/ubuntu22/lidar_slam_ws/src/sllidar_ros2/sdk/src/sl_lidar_driver.cpp:1199:61:\x1b[m\x1b[K \x1b[01;35m\x1b[Kwarning: \x1b[m\x1b[Kunused parameter \xe2\x80\x98\x1b[01m\x1b[KtimeoutInMs\x1b[m\x1b[K\xe2\x80\x99 [\x1b[01;35m\x1b[K\x1b]8;;https://gcc.gnu.org/onlinedocs/gcc/Warning-Options.html#index-Wunused-parameter\x07-Wunused-parameter\x1b]8;;\x07\x1b[m\x1b[K]\n'}
[10.431315] (sllidar_ros2) StderrLine: {'line': b' 1199 |         u_result getScanModeCount(sl_u16& modeCount, \x1b[01;35m\x1b[Ksl_u32 timeoutInMs = DEFAULT_TIMEOUT\x1b[m\x1b[K)\n'}
[10.431372] (sllidar_ros2) StderrLine: {'line': b'      |                                                      \x1b[01;35m\x1b[K~~~~~~~^~~~~~~~~~~~~~~~~~~~~~~~~~~~~\x1b[m\x1b[K\n'}
[10.444796] (-) TimerEvent: {}
[10.478363] (sllidar_ros2) StderrLine: {'line': b'/home/ubuntu22/lidar_slam_ws/src/sllidar_ros2/sdk/src/sl_lidar_driver.cpp: In instantiation of \xe2\x80\x98\x1b[01m\x1b[Kvoid sl::RawSampleNodeHolder<T>::pushNode(_u64, const T*) [with T = sl_lidar_response_measurement_node_hq_t; _u64 = long unsigned int]\x1b[m\x1b[K\xe2\x80\x99:\n'}
[10.478564] (sllidar_ros2) StderrLine: {'line': b'\x1b[01m\x1b[K/home/ubuntu22/lidar_slam_ws/src/sllidar_ros2/sdk/src/sl_lidar_driver.cpp:1648:42:\x1b[m\x1b[K   required from here\n'}
[10.478623] (sllidar_ros2) StderrLine: {'line': b'\x1b[01m\x1b[K/home/ubuntu22/lidar_slam_ws/src/sllidar_ros2/sdk/src/sl_lidar_driver.cpp:202:28:\x1b[m\x1b[K \x1b[01;35m\x1b[Kwarning: \x1b[m\x1b[Kunused parameter \xe2\x80\x98\x1b[01m\x1b[Ktimestamp_uS\x1b[m\x1b[K\xe2\x80\x99 [\x1b[01;35m\x1b[K\x1b]8;;https://gcc.gnu.org/onlinedocs/gcc/Warning-Options.html#index-Wunused-parameter\x07-Wunused-parameter\x1b]8;;\x07\x1b[m\x1b[K]\n'}
[10.478769] (sllidar_ros2) StderrLine: {'line': b'  202 |         void pushNode(\x1b[01;35m\x1b[K_u64 timestamp_uS\x1b[m\x1b[K, const T* node)\n'}
[10.478828] (sllidar_ros2) StderrLine: {'line': b'      |                       \x1b[01;35m\x1b[K~~~~~^~~~~~~~~~~~\x1b[m\x1b[K\n'}
[10.544925] (-) TimerEvent: {}
[10.597015] (sllidar_ros2) StderrLine: {'line': b'\x1b[01m\x1b[K/home/ubuntu22/lidar_slam_ws/src/sllidar_ros2/sdk/src/sl_lidar_driver.cpp:\x1b[m\x1b[K At global scope:\n'}
[10.597221] (sllidar_ros2) StderrLine: {'line': b'\x1b[01m\x1b[K/home/ubuntu22/lidar_slam_ws/src/sllidar_ros2/sdk/src/sl_lidar_driver.cpp:83:17:\x1b[m\x1b[K \x1b[01;35m\x1b[Kwarning: \x1b[m\x1b[K\xe2\x80\x98\x1b[01m\x1b[Kvoid sl::convert(const sl_lidar_response_measurement_node_hq_t&, sl_lidar_response_measurement_node_t&)\x1b[m\x1b[K\xe2\x80\x99 defined but not used [\x1b[01;35m\x1b[K\x1b]8;;https://gcc.gnu.org/onlinedocs/gcc/Warning-Options.html#index-Wunused-function\x07-Wunused-function\x1b]8;;\x07\x1b[m\x1b[K]\n'}
[10.597285] (sllidar_ros2) StderrLine: {'line': b'   83 |     static void \x1b[01;35m\x1b[Kconvert\x1b[m\x1b[K(const sl_lidar_response_measurement_node_hq_t& from, sl_lidar_response_measurement_node_t& to)\n'}
[10.597332] (sllidar_ros2) StderrLine: {'line': b'      |                 \x1b[01;35m\x1b[K^~~~~~~\x1b[m\x1b[K\n'}
[10.597374] (sllidar_ros2) StderrLine: {'line': b'\x1b[01m\x1b[K/home/ubuntu22/lidar_slam_ws/src/sllidar_ros2/sdk/src/sl_lidar_driver.cpp:75:17:\x1b[m\x1b[K \x1b[01;35m\x1b[Kwarning: \x1b[m\x1b[K\xe2\x80\x98\x1b[01m\x1b[Kvoid sl::convert(const sl_lidar_response_measurement_node_t&, sl_lidar_response_measurement_node_hq_t&)\x1b[m\x1b[K\xe2\x80\x99 defined but not used [\x1b[01;35m\x1b[K\x1b]8;;https://gcc.gnu.org/onlinedocs/gcc/Warning-Options.html#index-Wunused-function\x07-Wunused-function\x1b]8;;\x07\x1b[m\x1b[K]\n'}
[10.597431] (sllidar_ros2) StderrLine: {'line': b'   75 |     static void \x1b[01;35m\x1b[Kconvert\x1b[m\x1b[K(const sl_lidar_response_measurement_node_t& from, sl_lidar_response_measurement_node_hq_t& to)\n'}
[10.597473] (sllidar_ros2) StderrLine: {'line': b'      |                 \x1b[01;35m\x1b[K^~~~~~~\x1b[m\x1b[K\n'}
[10.597511] (sllidar_ros2) StderrLine: {'line': b'\x1b[01m\x1b[K/home/ubuntu22/lidar_slam_ws/src/sllidar_ros2/sdk/src/sl_lidar_driver.cpp:70:17:\x1b[m\x1b[K \x1b[01;35m\x1b[Kwarning: \x1b[m\x1b[K\xe2\x80\x98\x1b[01m\x1b[Kvoid sl::printDeprecationWarn(const char*, const char*)\x1b[m\x1b[K\xe2\x80\x99 defined but not used [\x1b[01;35m\x1b[K\x1b]8;;https://gcc.gnu.org/onlinedocs/gcc/Warning-Options.html#index-Wunused-function\x07-Wunused-function\x1b]8;;\x07\x1b[m\x1b[K]\n'}
[10.597553] (sllidar_ros2) StderrLine: {'line': b'   70 |     static void \x1b[01;35m\x1b[KprintDeprecationWarn\x1b[m\x1b[K(const char* fn, const char* replacement)\n'}
[10.597592] (sllidar_ros2) StderrLine: {'line': b'      |                 \x1b[01;35m\x1b[K^~~~~~~~~~~~~~~~~~~~\x1b[m\x1b[K\n'}
[10.645058] (-) TimerEvent: {}
[10.745454] (-) TimerEvent: {}
[10.845869] (-) TimerEvent: {}
[10.946243] (-) TimerEvent: {}
[11.012072] (slam_toolbox) StdoutLine: {'line': b"-- Using RMW implementation 'rmw_fastrtps_cpp' as default\n"}
[11.020295] (slam_toolbox) StdoutLine: {'line': b'-- Looking for pthread.h\n'}
[11.046384] (-) TimerEvent: {}
[11.146737] (-) TimerEvent: {}
[11.151586] (rf2o_laser_odometry) StdoutLine: {'line': b"-- Using RMW implementation 'rmw_fastrtps_cpp' as default\n"}
[11.159975] (rf2o_laser_odometry) StdoutLine: {'line': b'-- Looking for pthread.h\n'}
[11.201433] (slam_toolbox) StdoutLine: {'line': b'-- Looking for pthread.h - found\n'}
[11.202098] (slam_toolbox) StdoutLine: {'line': b'-- Performing Test CMAKE_HAVE_LIBC_PTHREAD\n'}
[11.246856] (-) TimerEvent: {}
[11.347182] (-) TimerEvent: {}
[11.372779] (rf2o_laser_odometry) StdoutLine: {'line': b'-- Looking for pthread.h - found\n'}
[11.373463] (rf2o_laser_odometry) StdoutLine: {'line': b'-- Performing Test CMAKE_HAVE_LIBC_PTHREAD\n'}
[11.438210] (slam_toolbox) StdoutLine: {'line': b'-- Performing Test CMAKE_HAVE_LIBC_PTHREAD - Success\n'}
[11.439678] (slam_toolbox) StdoutLine: {'line': b'-- Found Threads: TRUE  \n'}
[11.447295] (-) TimerEvent: {}
[11.505363] (slam_toolbox) StdoutLine: {'line': b'-- Found nav_msgs: 4.9.0 (/opt/ros/humble/share/nav_msgs/cmake)\n'}
[11.540888] (slam_toolbox) StdoutLine: {'line': b'-- Found sensor_msgs: 4.9.0 (/opt/ros/humble/share/sensor_msgs/cmake)\n'}
[11.547416] (-) TimerEvent: {}
[11.562133] (slam_toolbox) StdoutLine: {'line': b'-- Found tf2: 0.25.17 (/opt/ros/humble/share/tf2/cmake)\n'}
[11.571964] (slam_toolbox) StdoutLine: {'line': b'-- Found tf2_ros: 0.25.17 (/opt/ros/humble/share/tf2_ros/cmake)\n'}
[11.575248] (rf2o_laser_odometry) StdoutLine: {'line': b'-- Performing Test CMAKE_HAVE_LIBC_PTHREAD - Success\n'}
[11.576700] (rf2o_laser_odometry) StdoutLine: {'line': b'-- Found Threads: TRUE  \n'}
[11.647566] (-) TimerEvent: {}
[11.649983] (rf2o_laser_odometry) StdoutLine: {'line': b'-- Found geometry_msgs: 4.9.0 (/opt/ros/humble/share/geometry_msgs/cmake)\n'}
[11.671127] (rf2o_laser_odometry) StdoutLine: {'line': b'-- Found tf2_geometry_msgs: 0.25.17 (/opt/ros/humble/share/tf2_geometry_msgs/cmake)\n'}
[11.697017] (slam_toolbox) StdoutLine: {'line': b'-- Found visualization_msgs: 4.9.0 (/opt/ros/humble/share/visualization_msgs/cmake)\n'}
[11.721629] (slam_toolbox) StdoutLine: {'line': b'-- Found pluginlib: 5.1.2 (/opt/ros/humble/share/pluginlib/cmake)\n'}
[11.747680] (-) TimerEvent: {}
[11.760847] (rf2o_laser_odometry) StdoutLine: {'line': b'-- Found eigen3_cmake_module: 0.1.1 (/opt/ros/humble/share/eigen3_cmake_module/cmake)\n'}
[11.762679] (rf2o_laser_odometry) StdoutLine: {'line': b'-- Found Eigen3: TRUE (found version "3.4.0") \n'}
[11.763186] (rf2o_laser_odometry) StdoutLine: {'line': b'-- Ensuring Eigen3 include directory is part of orocos-kdl CMake target\n'}
[11.847861] (-) TimerEvent: {}
[11.876598] (rf2o_laser_odometry) StdoutLine: {'line': b'-- Found sensor_msgs: 4.9.0 (/opt/ros/humble/share/sensor_msgs/cmake)\n'}
[11.897083] (rf2o_laser_odometry) StdoutLine: {'line': b'-- Found nav_msgs: 4.9.0 (/opt/ros/humble/share/nav_msgs/cmake)\n'}
[11.921972] (rf2o_laser_odometry) StdoutLine: {'line': b'-- Found Boost: /usr/lib/x86_64-linux-gnu/cmake/Boost-1.74.0/BoostConfig.cmake (found version "1.74.0")  \n'}
[11.947993] (-) TimerEvent: {}
[12.009696] (rf2o_laser_odometry) StdoutLine: {'line': b'-- Configuring done\n'}
[12.030485] (rf2o_laser_odometry) StdoutLine: {'line': b'-- Generating done\n'}
[12.037619] (rf2o_laser_odometry) StdoutLine: {'line': b'-- Build files have been written to: /home/ubuntu22/lidar_slam_ws/build/rf2o_laser_odometry\n'}
[12.048180] (-) TimerEvent: {}
[12.051550] (rf2o_laser_odometry) CommandEnded: {'returncode': 0}
[12.052824] (rf2o_laser_odometry) JobProgress: {'identifier': 'rf2o_laser_odometry', 'progress': 'build'}
[12.054408] (rf2o_laser_odometry) Command: {'cmd': ['/usr/bin/cmake', '--build', '/home/ubuntu22/lidar_slam_ws/build/rf2o_laser_odometry', '--', '-j16', '-l16'], 'cwd': '/home/ubuntu22/lidar_slam_ws/build/rf2o_laser_odometry', 'env': OrderedDict([('LESSOPEN', '| /usr/bin/lesspipe %s'), ('USER', 'ubuntu22'), ('GIT_ASKPASS', '/home/ubuntu22/.vscode-server/bin/6534f6ba7604bf324f94cc9a590727f39a4af040/extensions/git/dist/askpass.sh'), ('SHLVL', '1'), ('LD_LIBRARY_PATH', '/home/ubuntu22/lidar_slam_ws/install/slam_toolbox/lib:/opt/ros/humble/opt/rviz_ogre_vendor/lib:/opt/ros/humble/lib/x86_64-linux-gnu:/opt/ros/humble/lib'), ('MOTD_SHOWN', 'update-motd'), ('HOME', '/home/ubuntu22'), ('OLDPWD', '/home/ubuntu22/lidar_slam_ws/src'), ('TERM_PROGRAM_VERSION', '1.109.1'), ('VSCODE_IPC_HOOK_CLI', '/run/user/1000/vscode-ipc-53a6b5cd-6825-462a-96b9-b5528e00460b.sock'), ('ROS_PYTHON_VERSION', '3'), ('VSCODE_GIT_ASKPASS_MAIN', '/home/ubuntu22/.vscode-server/bin/6534f6ba7604bf324f94cc9a590727f39a4af040/extensions/git/dist/askpass-main.js'), ('VSCODE_GIT_ASKPASS_NODE', '/home/ubuntu22/.vscode-server/bin/6534f6ba7604bf324f94cc9a590727f39a4af040/node'), ('VSCODE_PYTHON_AUTOACTIVATE_GUARD', '1'), ('DBUS_SESSION_BUS_ADDRESS', 'unix:path=/run/user/1000/bus'), ('COLORTERM', 'truecolor'), ('WSL_DISTRO_NAME', 'Ubuntu-22.04'), ('WAYLAND_DISPLAY', 'wayland-0'), ('COLCON_PREFIX_PATH', '/home/ubuntu22/lidar_slam_ws/install'), ('ROS_DISTRO', 'humble'), ('LOGNAME', 'ubuntu22'), ('NAME', 'ASUSMarcel'), ('WSL_INTEROP', '/run/WSL/436_interop'), ('PULSE_SERVER', 'unix:/mnt/wslg/PulseServer'), ('_', '/usr/bin/colcon'), ('ROS_VERSION', '2'), ('TERM', 'xterm-256color'), ('ROS_LOCALHOST_ONLY', '0'), ('PATH', '/home/ubuntu22/.vscode-server/data/User/globalStorage/github.copilot-chat/debugCommand:/home/ubuntu22/.vscode-server/data/User/globalStorage/github.copilot-chat/copilotCli:/home/ubuntu22/.vscode-server/bin/6534f6ba7604bf324f94cc9a590727f39a4af040/bin/remote-cli:/opt/ros/humble/bin:/usr/local/sbin:/usr/local/bin:/usr/sbin:/usr/bin:/sbin:/bin:/usr/games:/usr/local/games:/usr/lib/wsl/lib:/mnt/c/Program Files/Common Files/Siemens/Automation/Simatic OAM/bin:/mnt/c/Windows/system32:/mnt/c/Windows:/mnt/c/Windows/System32/Wbem:/mnt/c/Windows/System32/WindowsPowerShell/v1.0/:/mnt/c/Windows/System32/OpenSSH/:/mnt/c/Program Files (x86)/NVIDIA Corporation/PhysX/Common:/mnt/c/Program Files/MATLAB/R2025b/bin:/mnt/c/Program Files/NVIDIA Corporation/NVIDIA app/NvDLISR:/mnt/c/WINDOWS/system32:/mnt/c/WINDOWS:/mnt/c/WINDOWS/System32/Wbem:/mnt/c/WINDOWS/System32/WindowsPowerShell/v1.0/:/mnt/c/WINDOWS/System32/OpenSSH/:/mnt/c/Program Files (x86)/Windows Kits/10/Windows Performance Toolkit/:/mnt/c/Program Files/dotnet/:/mnt/c/Program Files/usbipd-win/:/mnt/c/Strawberry/c/bin:/mnt/c/Strawberry/perl/site/bin:/mnt/c/Strawberry/perl/bin:/mnt/c/Users/marce/AppData/Local/Programs/Python/Python313/:/mnt/c/Users/marce/AppData/Local/Programs/Python/Python313/Scripts/:/mnt/c/Users/marce/AppData/Local/Programs/Microsoft VS Code/bin:/mnt/c/Users/marce/AppData/Local/Programs/MiKTeX/miktex/bin/x64/:/snap/bin'), ('XDG_RUNTIME_DIR', '/run/user/1000/'), ('DISPLAY', ':0'), ('LANG', 'C.UTF-8'), ('LS_COLORS', 'rs=0:di=01;34:ln=01;36:mh=00:pi=40;33:so=01;35:do=01;35:bd=40;33;01:cd=40;33;01:or=40;31;01:mi=00:su=37;41:sg=30;43:ca=30;41:tw=30;42:ow=34;42:st=37;44:ex=01;32:*.tar=01;31:*.tgz=01;31:*.arc=01;31:*.arj=01;31:*.taz=01;31:*.lha=01;31:*.lz4=01;31:*.lzh=01;31:*.lzma=01;31:*.tlz=01;31:*.txz=01;31:*.tzo=01;31:*.t7z=01;31:*.zip=01;31:*.z=01;31:*.dz=01;31:*.gz=01;31:*.lrz=01;31:*.lz=01;31:*.lzo=01;31:*.xz=01;31:*.zst=01;31:*.tzst=01;31:*.bz2=01;31:*.bz=01;31:*.tbz=01;31:*.tbz2=01;31:*.tz=01;31:*.deb=01;31:*.rpm=01;31:*.jar=01;31:*.war=01;31:*.ear=01;31:*.sar=01;31:*.rar=01;31:*.alz=01;31:*.ace=01;31:*.zoo=01;31:*.cpio=01;31:*.7z=01;31:*.rz=01;31:*.cab=01;31:*.wim=01;31:*.swm=01;31:*.dwm=01;31:*.esd=01;31:*.jpg=01;35:*.jpeg=01;35:*.mjpg=01;35:*.mjpeg=01;35:*.gif=01;35:*.bmp=01;35:*.pbm=01;35:*.pgm=01;35:*.ppm=01;35:*.tga=01;35:*.xbm=01;35:*.xpm=01;35:*.tif=01;35:*.tiff=01;35:*.png=01;35:*.svg=01;35:*.svgz=01;35:*.mng=01;35:*.pcx=01;35:*.mov=01;35:*.mpg=01;35:*.mpeg=01;35:*.m2v=01;35:*.mkv=01;35:*.webm=01;35:*.webp=01;35:*.ogm=01;35:*.mp4=01;35:*.m4v=01;35:*.mp4v=01;35:*.vob=01;35:*.qt=01;35:*.nuv=01;35:*.wmv=01;35:*.asf=01;35:*.rm=01;35:*.rmvb=01;35:*.flc=01;35:*.avi=01;35:*.fli=01;35:*.flv=01;35:*.gl=01;35:*.dl=01;35:*.xcf=01;35:*.xwd=01;35:*.yuv=01;35:*.cgm=01;35:*.emf=01;35:*.ogv=01;35:*.ogx=01;35:*.aac=00;36:*.au=00;36:*.flac=00;36:*.m4a=00;36:*.mid=00;36:*.midi=00;36:*.mka=00;36:*.mp3=00;36:*.mpc=00;36:*.ogg=00;36:*.ra=00;36:*.wav=00;36:*.oga=00;36:*.opus=00;36:*.spx=00;36:*.xspf=00;36:'), ('VSCODE_GIT_IPC_HANDLE', '/run/user/1000/vscode-git-174e2f3db9.sock'), ('TERM_PROGRAM', 'vscode'), ('AMENT_PREFIX_PATH', '/home/ubuntu22/lidar_slam_ws/install/slam_toolbox:/home/ubuntu22/lidar_slam_ws/install/rf2o_laser_odometry:/opt/ros/humble'), ('SHELL', '/bin/bash'), ('LESSCLOSE', '/usr/bin/lesspipe %s %s'), ('VSCODE_GIT_ASKPASS_EXTRA_ARGS', ''), ('PWD', '/home/ubuntu22/lidar_slam_ws/build/rf2o_laser_odometry'), ('XDG_DATA_DIRS', '/usr/local/share:/usr/share:/var/lib/snapd/desktop'), ('PYTHONPATH', '/home/ubuntu22/lidar_slam_ws/install/slam_toolbox/local/lib/python3.10/dist-packages:/opt/ros/humble/lib/python3.10/site-packages:/opt/ros/humble/local/lib/python3.10/dist-packages'), ('COLCON', '1'), ('WSL2_GUI_APPS_ENABLED', '1'), ('HOSTTYPE', 'x86_64'), ('CMAKE_PREFIX_PATH', '/home/ubuntu22/lidar_slam_ws/install/slam_toolbox:/home/ubuntu22/lidar_slam_ws/install/rf2o_laser_odometry:/opt/ros/humble'), ('WSLENV', 'VSCODE_WSL_EXT_LOCATION/up:VSCODE_SERVER_TAR/up')]), 'shell': False}
[12.116736] (rf2o_laser_odometry) StdoutLine: {'line': b'[ 20%] \x1b[32mBuilding CXX object CMakeFiles/rf2o_laser_odometry.dir/src/CLaserOdometry2D.cpp.o\x1b[0m\n'}
[12.119378] (rf2o_laser_odometry) StdoutLine: {'line': b'[ 40%] \x1b[32mBuilding CXX object CMakeFiles/rf2o_laser_odometry_node.dir/src/CLaserOdometry2D.cpp.o\x1b[0m\n'}
[12.120849] (rf2o_laser_odometry) StdoutLine: {'line': b'[ 60%] \x1b[32mBuilding CXX object CMakeFiles/rf2o_laser_odometry_node.dir/src/CLaserOdometry2DNode.cpp.o\x1b[0m\n'}
[12.148311] (-) TimerEvent: {}
[12.248739] (-) TimerEvent: {}
[12.291170] (sllidar_ros2) StderrLine: {'line': b'In file included from \x1b[01m\x1b[K/home/ubuntu22/lidar_slam_ws/src/sllidar_ros2/./sdk/include/sl_lidar_cmd.h:41\x1b[m\x1b[K,\n'}
[12.291528] (sllidar_ros2) StderrLine: {'line': b'                 from \x1b[01m\x1b[K/home/ubuntu22/lidar_slam_ws/src/sllidar_ros2/./sdk/include/sl_lidar_driver.h:54\x1b[m\x1b[K,\n'}
[12.292060] (sllidar_ros2) StderrLine: {'line': b'                 from \x1b[01m\x1b[K/home/ubuntu22/lidar_slam_ws/src/sllidar_ros2/./sdk/include/sl_lidar.h:36\x1b[m\x1b[K,\n'}
[12.292187] (sllidar_ros2) StderrLine: {'line': b'                 from \x1b[01m\x1b[K/home/ubuntu22/lidar_slam_ws/src/sllidar_ros2/src/sllidar_node.cpp:38\x1b[m\x1b[K:\n'}
[12.292321] (sllidar_ros2) StderrLine: {'line': b'\x1b[01m\x1b[K/home/ubuntu22/lidar_slam_ws/src/sllidar_ros2/./sdk/include/sl_lidar_protocol.h:66:16:\x1b[m\x1b[K \x1b[01;35m\x1b[Kwarning: \x1b[m\x1b[KISO C++ forbids zero-size array \xe2\x80\x98\x1b[01m\x1b[Kdata\x1b[m\x1b[K\xe2\x80\x99 [\x1b[01;35m\x1b[K\x1b]8;;https://gcc.gnu.org/onlinedocs/gcc/Warning-Options.html#index-Wpedantic\x07-Wpedantic\x1b]8;;\x07\x1b[m\x1b[K]\n'}
[12.292423] (sllidar_ros2) StderrLine: {'line': b'   66 |     sl_u8 data[\x1b[01;35m\x1b[K0\x1b[m\x1b[K];\n'}
[12.292501] (sllidar_ros2) StderrLine: {'line': b'      |                \x1b[01;35m\x1b[K^\x1b[m\x1b[K\n'}
[12.292576] (sllidar_ros2) StderrLine: {'line': b'In file included from \x1b[01m\x1b[K/home/ubuntu22/lidar_slam_ws/src/sllidar_ros2/./sdk/include/sl_lidar_driver.h:54\x1b[m\x1b[K,\n'}
[12.292648] (sllidar_ros2) StderrLine: {'line': b'                 from \x1b[01m\x1b[K/home/ubuntu22/lidar_slam_ws/src/sllidar_ros2/./sdk/include/sl_lidar.h:36\x1b[m\x1b[K,\n'}
[12.292719] (sllidar_ros2) StderrLine: {'line': b'                 from \x1b[01m\x1b[K/home/ubuntu22/lidar_slam_ws/src/sllidar_ros2/src/sllidar_node.cpp:38\x1b[m\x1b[K:\n'}
[12.292789] (sllidar_ros2) StderrLine: {'line': b'\x1b[01m\x1b[K/home/ubuntu22/lidar_slam_ws/src/sllidar_ros2/./sdk/include/sl_lidar_cmd.h:324:20:\x1b[m\x1b[K \x1b[01;35m\x1b[Kwarning: \x1b[m\x1b[KISO C++ forbids zero-size array \xe2\x80\x98\x1b[01m\x1b[Kpayload\x1b[m\x1b[K\xe2\x80\x99 [\x1b[01;35m\x1b[K\x1b]8;;https://gcc.gnu.org/onlinedocs/gcc/Warning-Options.html#index-Wpedantic\x07-Wpedantic\x1b]8;;\x07\x1b[m\x1b[K]\n'}
[12.292872] (sllidar_ros2) StderrLine: {'line': b'  324 |     sl_u8  payload[\x1b[01;35m\x1b[K0\x1b[m\x1b[K];\n'}
[12.292943] (sllidar_ros2) StderrLine: {'line': b'      |                    \x1b[01;35m\x1b[K^\x1b[m\x1b[K\n'}
[12.348827] (-) TimerEvent: {}
[12.449304] (-) TimerEvent: {}
[12.550067] (-) TimerEvent: {}
[12.650546] (-) TimerEvent: {}
[12.751244] (-) TimerEvent: {}
[12.851796] (-) TimerEvent: {}
[12.952268] (-) TimerEvent: {}
[13.052626] (-) TimerEvent: {}
[13.153076] (-) TimerEvent: {}
[13.253614] (-) TimerEvent: {}
[13.354073] (-) TimerEvent: {}
[13.454561] (-) TimerEvent: {}
[13.555090] (-) TimerEvent: {}
[13.655748] (-) TimerEvent: {}
[13.756365] (-) TimerEvent: {}
[13.856973] (-) TimerEvent: {}
[13.957640] (-) TimerEvent: {}
[14.058265] (-) TimerEvent: {}
[14.158663] (-) TimerEvent: {}
[14.259030] (-) TimerEvent: {}
[14.359493] (-) TimerEvent: {}
[14.460052] (-) TimerEvent: {}
[14.560683] (-) TimerEvent: {}
[14.661268] (-) TimerEvent: {}
[14.761621] (-) TimerEvent: {}
[14.792507] (slam_toolbox) StdoutLine: {'line': b'-- Found tf2_geometry_msgs: 0.25.17 (/opt/ros/humble/share/tf2_geometry_msgs/cmake)\n'}
[14.861815] (-) TimerEvent: {}
[14.887359] (slam_toolbox) StdoutLine: {'line': b'-- Found eigen3_cmake_module: 0.1.1 (/opt/ros/humble/share/eigen3_cmake_module/cmake)\n'}
[14.888927] (slam_toolbox) StdoutLine: {'line': b'-- Found Eigen3: TRUE (found version "3.4.0") \n'}
[14.889103] (slam_toolbox) StdoutLine: {'line': b'-- Ensuring Eigen3 include directory is part of orocos-kdl CMake target\n'}
[14.891853] (slam_toolbox) StdoutLine: {'line': b'-- Found tf2_sensor_msgs: 0.25.17 (/opt/ros/humble/share/tf2_sensor_msgs/cmake)\n'}
[14.898042] (slam_toolbox) StdoutLine: {'line': b'-- Found std_srvs: 4.9.0 (/opt/ros/humble/share/std_srvs/cmake)\n'}
[14.908786] (slam_toolbox) StdoutLine: {'line': b'-- Found rosidl_default_generators: 1.2.0 (/opt/ros/humble/share/rosidl_default_generators/cmake)\n'}
[14.918886] (slam_toolbox) StdoutLine: {'line': b'-- Found rviz_common: 11.2.23 (/opt/ros/humble/share/rviz_common/cmake)\n'}
[14.961924] (-) TimerEvent: {}
[15.062416] (-) TimerEvent: {}
[15.081660] (slam_toolbox) StdoutLine: {'line': b"-- Setting assimp_DIR to: '/opt/ros/humble/share/rviz_assimp_vendor/cmake/../../../opt/rviz_assimp_vendor/lib/cmake/assimp-4.1'\n"}
[15.087952] (slam_toolbox) StdoutLine: {'line': b"-- Setting OGRE_DIR to: '/opt/ros/humble/share/rviz_ogre_vendor/cmake/../../../opt/rviz_ogre_vendor/lib/OGRE/cmake'\n"}
[15.089555] (slam_toolbox) StdoutLine: {'line': b'-- Found OGRE\n'}
[15.089684] (slam_toolbox) StdoutLine: {'line': b'--   static     : OFF\n'}
[15.089736] (slam_toolbox) StdoutLine: {'line': b'--   components : HLMS;MeshLodGenerator;Overlay;Paging;Property;RTShaderSystem;Terrain;Volume\n'}
[15.089782] (slam_toolbox) StdoutLine: {'line': b'--   plugins    : Plugin_BSPSceneManager;Plugin_OctreeSceneManager;Plugin_PCZSceneManager;Plugin_ParticleFX;RenderSystem_GL;RenderSystem_GL3Plus;Codec_STBI\n'}
[15.089840] (slam_toolbox) StdoutLine: {'line': b'--   media      : /opt/ros/humble/opt/rviz_ogre_vendor/share/OGRE/Media\n'}
[15.089884] (slam_toolbox) StdoutLine: {'line': b'-- OGRE_LIBRARIES: OgreHLMS;OgreMeshLodGenerator;OgreOverlay;OgrePaging;OgreProperty;OgreRTShaderSystem;OgreTerrain;OgreVolume;OgreMain\n'}
[15.089927] (slam_toolbox) StdoutLine: {'line': b'-- OGRE_LIBRARY_DIRS: /opt/ros/humble/opt/rviz_ogre_vendor/lib\n'}
[15.089967] (slam_toolbox) StdoutLine: {'line': b'-- OGRE_PLUGINS: Plugin_BSPSceneManager;Plugin_OctreeSceneManager;Plugin_PCZSceneManager;Plugin_ParticleFX;RenderSystem_GL;RenderSystem_GL3Plus;Codec_STBI\n'}
[15.090007] (slam_toolbox) StdoutLine: {'line': b'-- OGRE_PLUGIN_DIR: /opt/ros/humble/opt/rviz_ogre_vendor/lib/OGRE\n'}
[15.090429] (slam_toolbox) StdoutLine: {'line': b'-- rviz_ogre_vendor::OgreOverlay for IMPORTED_LOCATION_RELEASE: /opt/ros/humble/opt/rviz_ogre_vendor/lib/libOgreOverlay.so\n'}
[15.090552] (slam_toolbox) StdoutLine: {'line': b'-- rviz_ogre_vendor::OgreOverlay for IMPORTED_LOCATION_DEBUG: /opt/ros/humble/opt/rviz_ogre_vendor/lib/libOgreOverlay.so\n'}
[15.090616] (slam_toolbox) StdoutLine: {'line': b'-- rviz_ogre_vendor::OgreMain for IMPORTED_LOCATION_RELEASE: /opt/ros/humble/opt/rviz_ogre_vendor/lib/libOgreMain.so\n'}
[15.090659] (slam_toolbox) StdoutLine: {'line': b'-- rviz_ogre_vendor::OgreMain for IMPORTED_LOCATION_DEBUG: /opt/ros/humble/opt/rviz_ogre_vendor/lib/libOgreMain.so\n'}
[15.154574] (slam_toolbox) StdoutLine: {'line': b'-- Could not find freeimage library\n'}
[15.162594] (-) TimerEvent: {}
[15.263191] (-) TimerEvent: {}
[15.363685] (-) TimerEvent: {}
[15.464162] (-) TimerEvent: {}
[15.564623] (-) TimerEvent: {}
[15.665054] (-) TimerEvent: {}
[15.765674] (-) TimerEvent: {}
[15.866085] (-) TimerEvent: {}
[15.966616] (-) TimerEvent: {}
[16.066977] (-) TimerEvent: {}
[16.141554] (sllidar_ros2) StdoutLine: {'line': b'[ 95%] \x1b[32m\x1b[1mLinking CXX executable sllidar_node\x1b[0m\n'}
[16.167125] (-) TimerEvent: {}
[16.267706] (-) TimerEvent: {}
[16.368239] (-) TimerEvent: {}
[16.468627] (-) TimerEvent: {}
[16.569090] (-) TimerEvent: {}
[16.596909] (sllidar_ros2) StdoutLine: {'line': b'[ 95%] Built target sllidar_node\n'}
[16.669264] (-) TimerEvent: {}
[16.769636] (-) TimerEvent: {}
[16.870047] (-) TimerEvent: {}
[16.970542] (-) TimerEvent: {}
[17.070978] (-) TimerEvent: {}
[17.171472] (-) TimerEvent: {}
[17.271852] (-) TimerEvent: {}
[17.372229] (-) TimerEvent: {}
[17.472650] (-) TimerEvent: {}
[17.573008] (-) TimerEvent: {}
[17.673400] (-) TimerEvent: {}
[17.774087] (-) TimerEvent: {}
[17.874460] (-) TimerEvent: {}
[17.974822] (-) TimerEvent: {}
[18.075178] (-) TimerEvent: {}
[18.175545] (-) TimerEvent: {}
[18.276001] (-) TimerEvent: {}
[18.376477] (-) TimerEvent: {}
[18.476847] (-) TimerEvent: {}
[18.522476] (slam_toolbox) StdoutLine: {'line': b'-- Found ZLIB: /usr/lib/x86_64-linux-gnu/libz.so (found version "1.2.11") \n'}
[18.577002] (-) TimerEvent: {}
[18.677499] (-) TimerEvent: {}
[18.777892] (-) TimerEvent: {}
[18.878287] (-) TimerEvent: {}
[18.978734] (-) TimerEvent: {}
[19.079118] (-) TimerEvent: {}
[19.179674] (-) TimerEvent: {}
[19.280293] (-) TimerEvent: {}
[19.326944] (slam_toolbox) StdoutLine: {'line': b'-- Found OpenGL: /usr/lib/x86_64-linux-gnu/libOpenGL.so   \n'}
[19.380507] (-) TimerEvent: {}
[19.481223] (-) TimerEvent: {}
[19.581924] (-) TimerEvent: {}
[19.682603] (-) TimerEvent: {}
[19.783085] (-) TimerEvent: {}
[19.883525] (-) TimerEvent: {}
[19.984012] (-) TimerEvent: {}
[20.084591] (-) TimerEvent: {}
[20.185083] (-) TimerEvent: {}
[20.196773] (sllidar_ros2) StdoutLine: {'line': b'[100%] \x1b[32m\x1b[1mLinking CXX executable sllidar_client\x1b[0m\n'}
[20.285208] (-) TimerEvent: {}
[20.385592] (-) TimerEvent: {}
[20.485979] (-) TimerEvent: {}
[20.586374] (-) TimerEvent: {}
[20.686831] (-) TimerEvent: {}
[20.718168] (sllidar_ros2) StdoutLine: {'line': b'[100%] Built target sllidar_client\n'}
[20.733902] (sllidar_ros2) CommandEnded: {'returncode': 0}
[20.735031] (sllidar_ros2) JobProgress: {'identifier': 'sllidar_ros2', 'progress': 'install'}
[20.747375] (sllidar_ros2) Command: {'cmd': ['/usr/bin/cmake', '--install', '/home/ubuntu22/lidar_slam_ws/build/sllidar_ros2'], 'cwd': '/home/ubuntu22/lidar_slam_ws/build/sllidar_ros2', 'env': OrderedDict([('LESSOPEN', '| /usr/bin/lesspipe %s'), ('USER', 'ubuntu22'), ('GIT_ASKPASS', '/home/ubuntu22/.vscode-server/bin/6534f6ba7604bf324f94cc9a590727f39a4af040/extensions/git/dist/askpass.sh'), ('SHLVL', '1'), ('LD_LIBRARY_PATH', '/home/ubuntu22/lidar_slam_ws/install/slam_toolbox/lib:/opt/ros/humble/opt/rviz_ogre_vendor/lib:/opt/ros/humble/lib/x86_64-linux-gnu:/opt/ros/humble/lib'), ('MOTD_SHOWN', 'update-motd'), ('HOME', '/home/ubuntu22'), ('OLDPWD', '/home/ubuntu22/lidar_slam_ws/src'), ('TERM_PROGRAM_VERSION', '1.109.1'), ('VSCODE_IPC_HOOK_CLI', '/run/user/1000/vscode-ipc-53a6b5cd-6825-462a-96b9-b5528e00460b.sock'), ('ROS_PYTHON_VERSION', '3'), ('VSCODE_GIT_ASKPASS_MAIN', '/home/ubuntu22/.vscode-server/bin/6534f6ba7604bf324f94cc9a590727f39a4af040/extensions/git/dist/askpass-main.js'), ('VSCODE_GIT_ASKPASS_NODE', '/home/ubuntu22/.vscode-server/bin/6534f6ba7604bf324f94cc9a590727f39a4af040/node'), ('VSCODE_PYTHON_AUTOACTIVATE_GUARD', '1'), ('DBUS_SESSION_BUS_ADDRESS', 'unix:path=/run/user/1000/bus'), ('COLORTERM', 'truecolor'), ('WSL_DISTRO_NAME', 'Ubuntu-22.04'), ('WAYLAND_DISPLAY', 'wayland-0'), ('COLCON_PREFIX_PATH', '/home/ubuntu22/lidar_slam_ws/install'), ('ROS_DISTRO', 'humble'), ('LOGNAME', 'ubuntu22'), ('NAME', 'ASUSMarcel'), ('WSL_INTEROP', '/run/WSL/436_interop'), ('PULSE_SERVER', 'unix:/mnt/wslg/PulseServer'), ('_', '/usr/bin/colcon'), ('ROS_VERSION', '2'), ('TERM', 'xterm-256color'), ('ROS_LOCALHOST_ONLY', '0'), ('PATH', '/home/ubuntu22/.vscode-server/data/User/globalStorage/github.copilot-chat/debugCommand:/home/ubuntu22/.vscode-server/data/User/globalStorage/github.copilot-chat/copilotCli:/home/ubuntu22/.vscode-server/bin/6534f6ba7604bf324f94cc9a590727f39a4af040/bin/remote-cli:/opt/ros/humble/bin:/usr/local/sbin:/usr/local/bin:/usr/sbin:/usr/bin:/sbin:/bin:/usr/games:/usr/local/games:/usr/lib/wsl/lib:/mnt/c/Program Files/Common Files/Siemens/Automation/Simatic OAM/bin:/mnt/c/Windows/system32:/mnt/c/Windows:/mnt/c/Windows/System32/Wbem:/mnt/c/Windows/System32/WindowsPowerShell/v1.0/:/mnt/c/Windows/System32/OpenSSH/:/mnt/c/Program Files (x86)/NVIDIA Corporation/PhysX/Common:/mnt/c/Program Files/MATLAB/R2025b/bin:/mnt/c/Program Files/NVIDIA Corporation/NVIDIA app/NvDLISR:/mnt/c/WINDOWS/system32:/mnt/c/WINDOWS:/mnt/c/WINDOWS/System32/Wbem:/mnt/c/WINDOWS/System32/WindowsPowerShell/v1.0/:/mnt/c/WINDOWS/System32/OpenSSH/:/mnt/c/Program Files (x86)/Windows Kits/10/Windows Performance Toolkit/:/mnt/c/Program Files/dotnet/:/mnt/c/Program Files/usbipd-win/:/mnt/c/Strawberry/c/bin:/mnt/c/Strawberry/perl/site/bin:/mnt/c/Strawberry/perl/bin:/mnt/c/Users/marce/AppData/Local/Programs/Python/Python313/:/mnt/c/Users/marce/AppData/Local/Programs/Python/Python313/Scripts/:/mnt/c/Users/marce/AppData/Local/Programs/Microsoft VS Code/bin:/mnt/c/Users/marce/AppData/Local/Programs/MiKTeX/miktex/bin/x64/:/snap/bin'), ('XDG_RUNTIME_DIR', '/run/user/1000/'), ('DISPLAY', ':0'), ('LANG', 'C.UTF-8'), ('LS_COLORS', 'rs=0:di=01;34:ln=01;36:mh=00:pi=40;33:so=01;35:do=01;35:bd=40;33;01:cd=40;33;01:or=40;31;01:mi=00:su=37;41:sg=30;43:ca=30;41:tw=30;42:ow=34;42:st=37;44:ex=01;32:*.tar=01;31:*.tgz=01;31:*.arc=01;31:*.arj=01;31:*.taz=01;31:*.lha=01;31:*.lz4=01;31:*.lzh=01;31:*.lzma=01;31:*.tlz=01;31:*.txz=01;31:*.tzo=01;31:*.t7z=01;31:*.zip=01;31:*.z=01;31:*.dz=01;31:*.gz=01;31:*.lrz=01;31:*.lz=01;31:*.lzo=01;31:*.xz=01;31:*.zst=01;31:*.tzst=01;31:*.bz2=01;31:*.bz=01;31:*.tbz=01;31:*.tbz2=01;31:*.tz=01;31:*.deb=01;31:*.rpm=01;31:*.jar=01;31:*.war=01;31:*.ear=01;31:*.sar=01;31:*.rar=01;31:*.alz=01;31:*.ace=01;31:*.zoo=01;31:*.cpio=01;31:*.7z=01;31:*.rz=01;31:*.cab=01;31:*.wim=01;31:*.swm=01;31:*.dwm=01;31:*.esd=01;31:*.jpg=01;35:*.jpeg=01;35:*.mjpg=01;35:*.mjpeg=01;35:*.gif=01;35:*.bmp=01;35:*.pbm=01;35:*.pgm=01;35:*.ppm=01;35:*.tga=01;35:*.xbm=01;35:*.xpm=01;35:*.tif=01;35:*.tiff=01;35:*.png=01;35:*.svg=01;35:*.svgz=01;35:*.mng=01;35:*.pcx=01;35:*.mov=01;35:*.mpg=01;35:*.mpeg=01;35:*.m2v=01;35:*.mkv=01;35:*.webm=01;35:*.webp=01;35:*.ogm=01;35:*.mp4=01;35:*.m4v=01;35:*.mp4v=01;35:*.vob=01;35:*.qt=01;35:*.nuv=01;35:*.wmv=01;35:*.asf=01;35:*.rm=01;35:*.rmvb=01;35:*.flc=01;35:*.avi=01;35:*.fli=01;35:*.flv=01;35:*.gl=01;35:*.dl=01;35:*.xcf=01;35:*.xwd=01;35:*.yuv=01;35:*.cgm=01;35:*.emf=01;35:*.ogv=01;35:*.ogx=01;35:*.aac=00;36:*.au=00;36:*.flac=00;36:*.m4a=00;36:*.mid=00;36:*.midi=00;36:*.mka=00;36:*.mp3=00;36:*.mpc=00;36:*.ogg=00;36:*.ra=00;36:*.wav=00;36:*.oga=00;36:*.opus=00;36:*.spx=00;36:*.xspf=00;36:'), ('VSCODE_GIT_IPC_HANDLE', '/run/user/1000/vscode-git-174e2f3db9.sock'), ('TERM_PROGRAM', 'vscode'), ('AMENT_PREFIX_PATH', '/home/ubuntu22/lidar_slam_ws/install/slam_toolbox:/home/ubuntu22/lidar_slam_ws/install/rf2o_laser_odometry:/opt/ros/humble'), ('SHELL', '/bin/bash'), ('LESSCLOSE', '/usr/bin/lesspipe %s %s'), ('VSCODE_GIT_ASKPASS_EXTRA_ARGS', ''), ('PWD', '/home/ubuntu22/lidar_slam_ws/build/sllidar_ros2'), ('XDG_DATA_DIRS', '/usr/local/share:/usr/share:/var/lib/snapd/desktop'), ('PYTHONPATH', '/home/ubuntu22/lidar_slam_ws/install/slam_toolbox/local/lib/python3.10/dist-packages:/opt/ros/humble/lib/python3.10/site-packages:/opt/ros/humble/local/lib/python3.10/dist-packages'), ('COLCON', '1'), ('WSL2_GUI_APPS_ENABLED', '1'), ('HOSTTYPE', 'x86_64'), ('CMAKE_PREFIX_PATH', '/home/ubuntu22/lidar_slam_ws/install/slam_toolbox:/home/ubuntu22/lidar_slam_ws/install/rf2o_laser_odometry:/opt/ros/humble'), ('WSLENV', 'VSCODE_WSL_EXT_LOCATION/up:VSCODE_SERVER_TAR/up')]), 'shell': False}
[20.755510] (sllidar_ros2) StdoutLine: {'line': b'-- Install configuration: ""\n'}
[20.756275] (sllidar_ros2) StdoutLine: {'line': b'-- Execute custom install script\n'}
[20.758624] (sllidar_ros2) StdoutLine: {'line': b'-- Symlinking: /home/ubuntu22/lidar_slam_ws/install/sllidar_ros2/share/sllidar_ros2/launch/sllidar_a1_launch.py\n'}
[20.768802] (sllidar_ros2) StdoutLine: {'line': b'-- Symlinking: /home/ubuntu22/lidar_slam_ws/install/sllidar_ros2/share/sllidar_ros2/launch/sllidar_a2m12_launch .py\n'}
[20.779076] (sllidar_ros2) StdoutLine: {'line': b'-- Symlinking: /home/ubuntu22/lidar_slam_ws/install/sllidar_ros2/share/sllidar_ros2/launch/sllidar_a2m7_launch.py\n'}
[20.786949] (-) TimerEvent: {}
[20.789668] (sllidar_ros2) StdoutLine: {'line': b'-- Symlinking: /home/ubuntu22/lidar_slam_ws/install/sllidar_ros2/share/sllidar_ros2/launch/sllidar_a2m8_launch.py\n'}
[20.800453] (sllidar_ros2) StdoutLine: {'line': b'-- Symlinking: /home/ubuntu22/lidar_slam_ws/install/sllidar_ros2/share/sllidar_ros2/launch/sllidar_a3_launch.py\n'}
[20.813144] (sllidar_ros2) StdoutLine: {'line': b'-- Symlinking: /home/ubuntu22/lidar_slam_ws/install/sllidar_ros2/share/sllidar_ros2/launch/sllidar_c1_launch.py\n'}
[20.824484] (sllidar_ros2) StdoutLine: {'line': b'-- Symlinking: /home/ubuntu22/lidar_slam_ws/install/sllidar_ros2/share/sllidar_ros2/launch/sllidar_s1_launch.py\n'}
[20.835641] (sllidar_ros2) StdoutLine: {'line': b'-- Symlinking: /home/ubuntu22/lidar_slam_ws/install/sllidar_ros2/share/sllidar_ros2/launch/sllidar_s1_tcp_launch.py\n'}
[20.847453] (sllidar_ros2) StdoutLine: {'line': b'-- Symlinking: /home/ubuntu22/lidar_slam_ws/install/sllidar_ros2/share/sllidar_ros2/launch/sllidar_s2_launch.py\n'}
[20.857819] (sllidar_ros2) StdoutLine: {'line': b'-- Symlinking: /home/ubuntu22/lidar_slam_ws/install/sllidar_ros2/share/sllidar_ros2/launch/sllidar_s2e_launch.py\n'}
[20.868712] (sllidar_ros2) StdoutLine: {'line': b'-- Symlinking: /home/ubuntu22/lidar_slam_ws/install/sllidar_ros2/share/sllidar_ros2/launch/sllidar_s3_launch.py\n'}
[20.878227] (sllidar_ros2) StdoutLine: {'line': b'-- Symlinking: /home/ubuntu22/lidar_slam_ws/install/sllidar_ros2/share/sllidar_ros2/launch/sllidar_t1_launch.py\n'}
[20.887129] (-) TimerEvent: {}
[20.888515] (sllidar_ros2) StdoutLine: {'line': b'-- Symlinking: /home/ubuntu22/lidar_slam_ws/install/sllidar_ros2/share/sllidar_ros2/launch/view_sllidar_a1_launch.py\n'}
[20.898063] (sllidar_ros2) StdoutLine: {'line': b'-- Symlinking: /home/ubuntu22/lidar_slam_ws/install/sllidar_ros2/share/sllidar_ros2/launch/view_sllidar_a2m12_launch.py\n'}
[20.907919] (sllidar_ros2) StdoutLine: {'line': b'-- Symlinking: /home/ubuntu22/lidar_slam_ws/install/sllidar_ros2/share/sllidar_ros2/launch/view_sllidar_a2m7_launch.py\n'}
[20.917981] (sllidar_ros2) StdoutLine: {'line': b'-- Symlinking: /home/ubuntu22/lidar_slam_ws/install/sllidar_ros2/share/sllidar_ros2/launch/view_sllidar_a2m8_launch.py\n'}
[20.929129] (sllidar_ros2) StdoutLine: {'line': b'-- Symlinking: /home/ubuntu22/lidar_slam_ws/install/sllidar_ros2/share/sllidar_ros2/launch/view_sllidar_a3_launch.py\n'}
[20.939762] (sllidar_ros2) StdoutLine: {'line': b'-- Symlinking: /home/ubuntu22/lidar_slam_ws/install/sllidar_ros2/share/sllidar_ros2/launch/view_sllidar_c1_launch.py\n'}
[20.949822] (sllidar_ros2) StdoutLine: {'line': b'-- Symlinking: /home/ubuntu22/lidar_slam_ws/install/sllidar_ros2/share/sllidar_ros2/launch/view_sllidar_s1_launch.py\n'}
[20.959207] (sllidar_ros2) StdoutLine: {'line': b'-- Symlinking: /home/ubuntu22/lidar_slam_ws/install/sllidar_ros2/share/sllidar_ros2/launch/view_sllidar_s1_tcp_launch.py\n'}
[20.969858] (sllidar_ros2) StdoutLine: {'line': b'-- Symlinking: /home/ubuntu22/lidar_slam_ws/install/sllidar_ros2/share/sllidar_ros2/launch/view_sllidar_s2_launch.py\n'}
[20.980945] (sllidar_ros2) StdoutLine: {'line': b'-- Symlinking: /home/ubuntu22/lidar_slam_ws/install/sllidar_ros2/share/sllidar_ros2/launch/view_sllidar_s2e_launch.py\n'}
[20.987234] (-) TimerEvent: {}
[20.989962] (sllidar_ros2) StdoutLine: {'line': b'-- Symlinking: /home/ubuntu22/lidar_slam_ws/install/sllidar_ros2/share/sllidar_ros2/launch/view_sllidar_s3_launch.py\n'}
[21.000200] (sllidar_ros2) StdoutLine: {'line': b'-- Symlinking: /home/ubuntu22/lidar_slam_ws/install/sllidar_ros2/share/sllidar_ros2/launch/view_sllidar_t1_launch.py\n'}
[21.011268] (sllidar_ros2) StdoutLine: {'line': b'-- Symlinking: /home/ubuntu22/lidar_slam_ws/install/sllidar_ros2/share/sllidar_ros2/rviz/sllidar_ros2.rviz\n'}
[21.021523] (sllidar_ros2) StdoutLine: {'line': b'-- Symlinking: /home/ubuntu22/lidar_slam_ws/install/sllidar_ros2/lib/sllidar_ros2/sllidar_node\n'}
[21.030898] (sllidar_ros2) StdoutLine: {'line': b'-- Symlinking: /home/ubuntu22/lidar_slam_ws/install/sllidar_ros2/lib/sllidar_ros2/sllidar_client\n'}
[21.042074] (sllidar_ros2) StdoutLine: {'line': b'-- Symlinking: /home/ubuntu22/lidar_slam_ws/install/sllidar_ros2/share/ament_index/resource_index/package_run_dependencies/sllidar_ros2\n'}
[21.052568] (sllidar_ros2) StdoutLine: {'line': b'-- Symlinking: /home/ubuntu22/lidar_slam_ws/install/sllidar_ros2/share/ament_index/resource_index/parent_prefix_path/sllidar_ros2\n'}
[21.062141] (sllidar_ros2) StdoutLine: {'line': b'-- Symlinking: /home/ubuntu22/lidar_slam_ws/install/sllidar_ros2/share/sllidar_ros2/environment/ament_prefix_path.sh\n'}
[21.071440] (sllidar_ros2) StdoutLine: {'line': b'-- Symlinking: /home/ubuntu22/lidar_slam_ws/install/sllidar_ros2/share/sllidar_ros2/environment/ament_prefix_path.dsv\n'}
[21.081167] (sllidar_ros2) StdoutLine: {'line': b'-- Symlinking: /home/ubuntu22/lidar_slam_ws/install/sllidar_ros2/share/sllidar_ros2/environment/path.sh\n'}
[21.087416] (-) TimerEvent: {}
[21.090957] (sllidar_ros2) StdoutLine: {'line': b'-- Symlinking: /home/ubuntu22/lidar_slam_ws/install/sllidar_ros2/share/sllidar_ros2/environment/path.dsv\n'}
[21.101587] (sllidar_ros2) StdoutLine: {'line': b'-- Symlinking: /home/ubuntu22/lidar_slam_ws/install/sllidar_ros2/share/sllidar_ros2/local_setup.bash\n'}
[21.114337] (sllidar_ros2) StdoutLine: {'line': b'-- Symlinking: /home/ubuntu22/lidar_slam_ws/install/sllidar_ros2/share/sllidar_ros2/local_setup.sh\n'}
[21.123663] (sllidar_ros2) StdoutLine: {'line': b'-- Symlinking: /home/ubuntu22/lidar_slam_ws/install/sllidar_ros2/share/sllidar_ros2/local_setup.zsh\n'}
[21.133168] (sllidar_ros2) StdoutLine: {'line': b'-- Symlinking: /home/ubuntu22/lidar_slam_ws/install/sllidar_ros2/share/sllidar_ros2/local_setup.dsv\n'}
[21.142705] (sllidar_ros2) StdoutLine: {'line': b'-- Symlinking: /home/ubuntu22/lidar_slam_ws/install/sllidar_ros2/share/sllidar_ros2/package.dsv\n'}
[21.153533] (sllidar_ros2) StdoutLine: {'line': b'-- Symlinking: /home/ubuntu22/lidar_slam_ws/install/sllidar_ros2/share/ament_index/resource_index/packages/sllidar_ros2\n'}
[21.162909] (sllidar_ros2) StdoutLine: {'line': b'-- Symlinking: /home/ubuntu22/lidar_slam_ws/install/sllidar_ros2/share/sllidar_ros2/cmake/ament_cmake_export_dependencies-extras.cmake\n'}
[21.172155] (sllidar_ros2) StdoutLine: {'line': b'-- Symlinking: /home/ubuntu22/lidar_slam_ws/install/sllidar_ros2/share/sllidar_ros2/cmake/ament_cmake_export_include_directories-extras.cmake\n'}
[21.182146] (sllidar_ros2) StdoutLine: {'line': b'-- Symlinking: /home/ubuntu22/lidar_slam_ws/install/sllidar_ros2/share/sllidar_ros2/cmake/sllidar_ros2Config.cmake\n'}
[21.187562] (-) TimerEvent: {}
[21.191686] (sllidar_ros2) StdoutLine: {'line': b'-- Symlinking: /home/ubuntu22/lidar_slam_ws/install/sllidar_ros2/share/sllidar_ros2/cmake/sllidar_ros2Config-version.cmake\n'}
[21.202527] (sllidar_ros2) StdoutLine: {'line': b'-- Symlinking: /home/ubuntu22/lidar_slam_ws/install/sllidar_ros2/share/sllidar_ros2/package.xml\n'}
[21.213900] (sllidar_ros2) CommandEnded: {'returncode': 0}
[21.236035] (sllidar_ros2) JobEnded: {'identifier': 'sllidar_ros2', 'rc': 0}
[21.287671] (-) TimerEvent: {}
[21.388073] (-) TimerEvent: {}
[21.488488] (-) TimerEvent: {}
[21.588822] (-) TimerEvent: {}
[21.689198] (-) TimerEvent: {}
[21.789535] (-) TimerEvent: {}
[21.889986] (-) TimerEvent: {}
[21.990379] (-) TimerEvent: {}
[22.090780] (-) TimerEvent: {}
[22.191162] (-) TimerEvent: {}
[22.291513] (-) TimerEvent: {}
[22.391907] (-) TimerEvent: {}
[22.492271] (-) TimerEvent: {}
[22.592610] (-) TimerEvent: {}
[22.692965] (-) TimerEvent: {}
[22.793343] (-) TimerEvent: {}
[22.893692] (-) TimerEvent: {}
[22.994080] (-) TimerEvent: {}
[23.094428] (-) TimerEvent: {}
[23.194784] (-) TimerEvent: {}
[23.295112] (-) TimerEvent: {}
[23.395484] (-) TimerEvent: {}
[23.495838] (-) TimerEvent: {}
[23.596237] (-) TimerEvent: {}
[23.696620] (-) TimerEvent: {}
[23.797023] (-) TimerEvent: {}
[23.897397] (-) TimerEvent: {}
[23.997759] (-) TimerEvent: {}
[24.098117] (-) TimerEvent: {}
[24.198478] (-) TimerEvent: {}
[24.298780] (-) TimerEvent: {}
[24.399147] (-) TimerEvent: {}
[24.499516] (-) TimerEvent: {}
[24.599960] (-) TimerEvent: {}
[24.700387] (-) TimerEvent: {}
[24.800695] (-) TimerEvent: {}
[24.824570] (slam_toolbox) StdoutLine: {'line': b'-- Found X11: /usr/include   \n'}
[24.824865] (slam_toolbox) StdoutLine: {'line': b'-- Looking for XOpenDisplay in /usr/lib/x86_64-linux-gnu/libX11.so;/usr/lib/x86_64-linux-gnu/libXext.so\n'}
[24.900887] (-) TimerEvent: {}
[25.001251] (-) TimerEvent: {}
[25.044614] (slam_toolbox) StdoutLine: {'line': b'-- Looking for XOpenDisplay in /usr/lib/x86_64-linux-gnu/libX11.so;/usr/lib/x86_64-linux-gnu/libXext.so - found\n'}
[25.044877] (slam_toolbox) StdoutLine: {'line': b'-- Looking for gethostbyname\n'}
[25.101376] (-) TimerEvent: {}
[25.201841] (-) TimerEvent: {}
[25.282460] (slam_toolbox) StdoutLine: {'line': b'-- Looking for gethostbyname - found\n'}
[25.282756] (slam_toolbox) StdoutLine: {'line': b'-- Looking for connect\n'}
[25.301947] (-) TimerEvent: {}
[25.402454] (-) TimerEvent: {}
[25.503004] (-) TimerEvent: {}
[25.522442] (slam_toolbox) StdoutLine: {'line': b'-- Looking for connect - found\n'}
[25.522977] (slam_toolbox) StdoutLine: {'line': b'-- Looking for remove\n'}
[25.603110] (-) TimerEvent: {}
[25.703435] (-) TimerEvent: {}
[25.728362] (slam_toolbox) StdoutLine: {'line': b'-- Looking for remove - found\n'}
[25.728646] (slam_toolbox) StdoutLine: {'line': b'-- Looking for shmat\n'}
[25.803702] (-) TimerEvent: {}
[25.904135] (-) TimerEvent: {}
[25.965704] (slam_toolbox) StdoutLine: {'line': b'-- Looking for shmat - found\n'}
[25.966178] (slam_toolbox) StdoutLine: {'line': b'-- Looking for IceConnectionNumber in ICE\n'}
[26.004276] (-) TimerEvent: {}
[26.104622] (-) TimerEvent: {}
[26.164738] (slam_toolbox) StdoutLine: {'line': b'-- Looking for IceConnectionNumber in ICE - found\n'}
[26.204711] (-) TimerEvent: {}
[26.305061] (-) TimerEvent: {}
[26.405438] (-) TimerEvent: {}
[26.505807] (-) TimerEvent: {}
[26.606149] (-) TimerEvent: {}
[26.706530] (-) TimerEvent: {}
[26.806889] (-) TimerEvent: {}
[26.907315] (-) TimerEvent: {}
[27.007906] (-) TimerEvent: {}
[27.108238] (-) TimerEvent: {}
[27.208625] (-) TimerEvent: {}
[27.309113] (-) TimerEvent: {}
[27.409520] (-) TimerEvent: {}
[27.510030] (-) TimerEvent: {}
[27.610425] (-) TimerEvent: {}
[27.710805] (-) TimerEvent: {}
[27.811179] (-) TimerEvent: {}
[27.911541] (-) TimerEvent: {}
[28.011943] (-) TimerEvent: {}
[28.112319] (-) TimerEvent: {}
[28.212682] (-) TimerEvent: {}
[28.313091] (-) TimerEvent: {}
[28.413581] (-) TimerEvent: {}
[28.513960] (-) TimerEvent: {}
[28.614332] (-) TimerEvent: {}
[28.714713] (-) TimerEvent: {}
[28.815066] (-) TimerEvent: {}
[28.863238] (slam_toolbox) StdoutLine: {'line': b'-- library: /usr/lib/x86_64-linux-gnu/libcurl.so\n'}
[28.890224] (slam_toolbox) StdoutLine: {'line': b'-- Found rviz_default_plugins: 11.2.23 (/opt/ros/humble/share/rviz_default_plugins/cmake)\n'}
[28.915268] (-) TimerEvent: {}
[28.976646] (slam_toolbox) StdoutLine: {'line': b'-- Found Boost: /usr/lib/x86_64-linux-gnu/cmake/Boost-1.74.0/BoostConfig.cmake (found version "1.74.0") found components: system serialization filesystem thread \n'}
[28.986698] (slam_toolbox) StdoutLine: {'line': b'-- Found PkgConfig: /usr/bin/pkg-config (found version "0.29.2") \n'}
[29.015396] (-) TimerEvent: {}
[29.115854] (-) TimerEvent: {}
[29.216270] (-) TimerEvent: {}
[29.316641] (-) TimerEvent: {}
[29.417131] (-) TimerEvent: {}
[29.517596] (-) TimerEvent: {}
[29.562016] (slam_toolbox) StdoutLine: {'line': b'-- Found CHOLMOD: /usr/include/suitesparse  \n'}
[29.617726] (-) TimerEvent: {}
[29.668192] (slam_toolbox) StdoutLine: {'line': b'-- Found CSparse: /usr/include/suitesparse  \n'}
[29.717846] (-) TimerEvent: {}
[29.818290] (-) TimerEvent: {}
[29.918634] (-) TimerEvent: {}
[30.019113] (-) TimerEvent: {}
[30.119491] (-) TimerEvent: {}
[30.219812] (-) TimerEvent: {}
[30.320215] (-) TimerEvent: {}
[30.420616] (-) TimerEvent: {}
[30.520967] (-) TimerEvent: {}
[30.621336] (-) TimerEvent: {}
[30.721698] (-) TimerEvent: {}
[30.822016] (-) TimerEvent: {}
[30.922521] (-) TimerEvent: {}
[31.022909] (-) TimerEvent: {}
[31.123352] (-) TimerEvent: {}
[31.223700] (-) TimerEvent: {}
[31.324184] (-) TimerEvent: {}
[31.424581] (-) TimerEvent: {}
[31.524975] (-) TimerEvent: {}
[31.625356] (-) TimerEvent: {}
[31.664185] (slam_toolbox) StdoutLine: {'line': b'-- Looking for sgemm_\n'}
[31.725648] (-) TimerEvent: {}
[31.826012] (-) TimerEvent: {}
[31.876510] (slam_toolbox) StdoutLine: {'line': b'-- Looking for sgemm_ - not found\n'}
[31.926128] (-) TimerEvent: {}
[32.026481] (-) TimerEvent: {}
[32.126829] (-) TimerEvent: {}
[32.227169] (-) TimerEvent: {}
[32.327516] (-) TimerEvent: {}
[32.427838] (-) TimerEvent: {}
[32.528228] (-) TimerEvent: {}
[32.628580] (-) TimerEvent: {}
[32.728910] (-) TimerEvent: {}
[32.829269] (-) TimerEvent: {}
[32.929649] (-) TimerEvent: {}
[33.029983] (-) TimerEvent: {}
[33.130331] (-) TimerEvent: {}
[33.230681] (-) TimerEvent: {}
[33.331025] (-) TimerEvent: {}
[33.431440] (-) TimerEvent: {}
[33.531815] (-) TimerEvent: {}
[33.632176] (-) TimerEvent: {}
[33.732556] (-) TimerEvent: {}
[33.832927] (-) TimerEvent: {}
[33.933346] (-) TimerEvent: {}
[34.033698] (-) TimerEvent: {}
[34.134046] (-) TimerEvent: {}
[34.234403] (-) TimerEvent: {}
[34.334806] (-) TimerEvent: {}
[34.435160] (-) TimerEvent: {}
[34.535494] (-) TimerEvent: {}
[34.635856] (-) TimerEvent: {}
[34.736256] (-) TimerEvent: {}
[34.836736] (-) TimerEvent: {}
[34.937095] (-) TimerEvent: {}
[35.037493] (-) TimerEvent: {}
[35.138203] (-) TimerEvent: {}
[35.238619] (-) TimerEvent: {}
[35.338911] (-) TimerEvent: {}
[35.439268] (-) TimerEvent: {}
[35.539632] (-) TimerEvent: {}
[35.639995] (-) TimerEvent: {}
[35.740375] (-) TimerEvent: {}
[35.840698] (-) TimerEvent: {}
[35.941063] (-) TimerEvent: {}
[36.041415] (-) TimerEvent: {}
[36.141762] (-) TimerEvent: {}
[36.242115] (-) TimerEvent: {}
[36.342461] (-) TimerEvent: {}
[36.442842] (-) TimerEvent: {}
[36.543192] (-) TimerEvent: {}
[36.643545] (-) TimerEvent: {}
[36.743987] (-) TimerEvent: {}
[36.844387] (-) TimerEvent: {}
[36.944765] (-) TimerEvent: {}
[37.045174] (-) TimerEvent: {}
[37.145655] (-) TimerEvent: {}
[37.246028] (-) TimerEvent: {}
[37.346363] (-) TimerEvent: {}
[37.446776] (-) TimerEvent: {}
[37.547198] (-) TimerEvent: {}
[37.647759] (-) TimerEvent: {}
[37.748160] (-) TimerEvent: {}
[37.848522] (-) TimerEvent: {}
[37.948956] (-) TimerEvent: {}
[37.966923] (rf2o_laser_odometry) StdoutLine: {'line': b'[ 80%] \x1b[32m\x1b[1mLinking CXX static library librf2o_laser_odometry.a\x1b[0m\n'}
[37.986550] (rf2o_laser_odometry) StdoutLine: {'line': b'[100%] \x1b[32m\x1b[1mLinking CXX executable rf2o_laser_odometry_node\x1b[0m\n'}
[38.049083] (-) TimerEvent: {}
[38.149593] (-) TimerEvent: {}
[38.185715] (rf2o_laser_odometry) StdoutLine: {'line': b'[100%] Built target rf2o_laser_odometry\n'}
[38.249730] (-) TimerEvent: {}
[38.343157] (slam_toolbox) StdoutLine: {'line': b'-- Looking for sgemm_\n'}
[38.349830] (-) TimerEvent: {}
[38.450189] (-) TimerEvent: {}
[38.550511] (-) TimerEvent: {}
[38.567264] (slam_toolbox) StdoutLine: {'line': b'-- Looking for sgemm_ - found\n'}
[38.567908] (slam_toolbox) StdoutLine: {'line': b'-- Found BLAS: /usr/lib/x86_64-linux-gnu/libblas.so  \n'}
[38.572294] (slam_toolbox) StdoutLine: {'line': b'-- Looking for cheev_\n'}
[38.650750] (-) TimerEvent: {}
[38.751196] (-) TimerEvent: {}
[38.796634] (slam_toolbox) StdoutLine: {'line': b'-- Looking for cheev_ - not found\n'}
[38.851318] (-) TimerEvent: {}
[38.951663] (-) TimerEvent: {}
[39.052073] (-) TimerEvent: {}
[39.152425] (-) TimerEvent: {}
[39.252767] (-) TimerEvent: {}
[39.353061] (-) TimerEvent: {}
[39.374240] (rf2o_laser_odometry) StdoutLine: {'line': b'[100%] Built target rf2o_laser_odometry_node\n'}
[39.389939] (rf2o_laser_odometry) CommandEnded: {'returncode': 0}
[39.391427] (rf2o_laser_odometry) JobProgress: {'identifier': 'rf2o_laser_odometry', 'progress': 'install'}
[39.392939] (rf2o_laser_odometry) Command: {'cmd': ['/usr/bin/cmake', '--install', '/home/ubuntu22/lidar_slam_ws/build/rf2o_laser_odometry'], 'cwd': '/home/ubuntu22/lidar_slam_ws/build/rf2o_laser_odometry', 'env': OrderedDict([('LESSOPEN', '| /usr/bin/lesspipe %s'), ('USER', 'ubuntu22'), ('GIT_ASKPASS', '/home/ubuntu22/.vscode-server/bin/6534f6ba7604bf324f94cc9a590727f39a4af040/extensions/git/dist/askpass.sh'), ('SHLVL', '1'), ('LD_LIBRARY_PATH', '/home/ubuntu22/lidar_slam_ws/install/slam_toolbox/lib:/opt/ros/humble/opt/rviz_ogre_vendor/lib:/opt/ros/humble/lib/x86_64-linux-gnu:/opt/ros/humble/lib'), ('MOTD_SHOWN', 'update-motd'), ('HOME', '/home/ubuntu22'), ('OLDPWD', '/home/ubuntu22/lidar_slam_ws/src'), ('TERM_PROGRAM_VERSION', '1.109.1'), ('VSCODE_IPC_HOOK_CLI', '/run/user/1000/vscode-ipc-53a6b5cd-6825-462a-96b9-b5528e00460b.sock'), ('ROS_PYTHON_VERSION', '3'), ('VSCODE_GIT_ASKPASS_MAIN', '/home/ubuntu22/.vscode-server/bin/6534f6ba7604bf324f94cc9a590727f39a4af040/extensions/git/dist/askpass-main.js'), ('VSCODE_GIT_ASKPASS_NODE', '/home/ubuntu22/.vscode-server/bin/6534f6ba7604bf324f94cc9a590727f39a4af040/node'), ('VSCODE_PYTHON_AUTOACTIVATE_GUARD', '1'), ('DBUS_SESSION_BUS_ADDRESS', 'unix:path=/run/user/1000/bus'), ('COLORTERM', 'truecolor'), ('WSL_DISTRO_NAME', 'Ubuntu-22.04'), ('WAYLAND_DISPLAY', 'wayland-0'), ('COLCON_PREFIX_PATH', '/home/ubuntu22/lidar_slam_ws/install'), ('ROS_DISTRO', 'humble'), ('LOGNAME', 'ubuntu22'), ('NAME', 'ASUSMarcel'), ('WSL_INTEROP', '/run/WSL/436_interop'), ('PULSE_SERVER', 'unix:/mnt/wslg/PulseServer'), ('_', '/usr/bin/colcon'), ('ROS_VERSION', '2'), ('TERM', 'xterm-256color'), ('ROS_LOCALHOST_ONLY', '0'), ('PATH', '/home/ubuntu22/.vscode-server/data/User/globalStorage/github.copilot-chat/debugCommand:/home/ubuntu22/.vscode-server/data/User/globalStorage/github.copilot-chat/copilotCli:/home/ubuntu22/.vscode-server/bin/6534f6ba7604bf324f94cc9a590727f39a4af040/bin/remote-cli:/opt/ros/humble/bin:/usr/local/sbin:/usr/local/bin:/usr/sbin:/usr/bin:/sbin:/bin:/usr/games:/usr/local/games:/usr/lib/wsl/lib:/mnt/c/Program Files/Common Files/Siemens/Automation/Simatic OAM/bin:/mnt/c/Windows/system32:/mnt/c/Windows:/mnt/c/Windows/System32/Wbem:/mnt/c/Windows/System32/WindowsPowerShell/v1.0/:/mnt/c/Windows/System32/OpenSSH/:/mnt/c/Program Files (x86)/NVIDIA Corporation/PhysX/Common:/mnt/c/Program Files/MATLAB/R2025b/bin:/mnt/c/Program Files/NVIDIA Corporation/NVIDIA app/NvDLISR:/mnt/c/WINDOWS/system32:/mnt/c/WINDOWS:/mnt/c/WINDOWS/System32/Wbem:/mnt/c/WINDOWS/System32/WindowsPowerShell/v1.0/:/mnt/c/WINDOWS/System32/OpenSSH/:/mnt/c/Program Files (x86)/Windows Kits/10/Windows Performance Toolkit/:/mnt/c/Program Files/dotnet/:/mnt/c/Program Files/usbipd-win/:/mnt/c/Strawberry/c/bin:/mnt/c/Strawberry/perl/site/bin:/mnt/c/Strawberry/perl/bin:/mnt/c/Users/marce/AppData/Local/Programs/Python/Python313/:/mnt/c/Users/marce/AppData/Local/Programs/Python/Python313/Scripts/:/mnt/c/Users/marce/AppData/Local/Programs/Microsoft VS Code/bin:/mnt/c/Users/marce/AppData/Local/Programs/MiKTeX/miktex/bin/x64/:/snap/bin'), ('XDG_RUNTIME_DIR', '/run/user/1000/'), ('DISPLAY', ':0'), ('LANG', 'C.UTF-8'), ('LS_COLORS', 'rs=0:di=01;34:ln=01;36:mh=00:pi=40;33:so=01;35:do=01;35:bd=40;33;01:cd=40;33;01:or=40;31;01:mi=00:su=37;41:sg=30;43:ca=30;41:tw=30;42:ow=34;42:st=37;44:ex=01;32:*.tar=01;31:*.tgz=01;31:*.arc=01;31:*.arj=01;31:*.taz=01;31:*.lha=01;31:*.lz4=01;31:*.lzh=01;31:*.lzma=01;31:*.tlz=01;31:*.txz=01;31:*.tzo=01;31:*.t7z=01;31:*.zip=01;31:*.z=01;31:*.dz=01;31:*.gz=01;31:*.lrz=01;31:*.lz=01;31:*.lzo=01;31:*.xz=01;31:*.zst=01;31:*.tzst=01;31:*.bz2=01;31:*.bz=01;31:*.tbz=01;31:*.tbz2=01;31:*.tz=01;31:*.deb=01;31:*.rpm=01;31:*.jar=01;31:*.war=01;31:*.ear=01;31:*.sar=01;31:*.rar=01;31:*.alz=01;31:*.ace=01;31:*.zoo=01;31:*.cpio=01;31:*.7z=01;31:*.rz=01;31:*.cab=01;31:*.wim=01;31:*.swm=01;31:*.dwm=01;31:*.esd=01;31:*.jpg=01;35:*.jpeg=01;35:*.mjpg=01;35:*.mjpeg=01;35:*.gif=01;35:*.bmp=01;35:*.pbm=01;35:*.pgm=01;35:*.ppm=01;35:*.tga=01;35:*.xbm=01;35:*.xpm=01;35:*.tif=01;35:*.tiff=01;35:*.png=01;35:*.svg=01;35:*.svgz=01;35:*.mng=01;35:*.pcx=01;35:*.mov=01;35:*.mpg=01;35:*.mpeg=01;35:*.m2v=01;35:*.mkv=01;35:*.webm=01;35:*.webp=01;35:*.ogm=01;35:*.mp4=01;35:*.m4v=01;35:*.mp4v=01;35:*.vob=01;35:*.qt=01;35:*.nuv=01;35:*.wmv=01;35:*.asf=01;35:*.rm=01;35:*.rmvb=01;35:*.flc=01;35:*.avi=01;35:*.fli=01;35:*.flv=01;35:*.gl=01;35:*.dl=01;35:*.xcf=01;35:*.xwd=01;35:*.yuv=01;35:*.cgm=01;35:*.emf=01;35:*.ogv=01;35:*.ogx=01;35:*.aac=00;36:*.au=00;36:*.flac=00;36:*.m4a=00;36:*.mid=00;36:*.midi=00;36:*.mka=00;36:*.mp3=00;36:*.mpc=00;36:*.ogg=00;36:*.ra=00;36:*.wav=00;36:*.oga=00;36:*.opus=00;36:*.spx=00;36:*.xspf=00;36:'), ('VSCODE_GIT_IPC_HANDLE', '/run/user/1000/vscode-git-174e2f3db9.sock'), ('TERM_PROGRAM', 'vscode'), ('AMENT_PREFIX_PATH', '/home/ubuntu22/lidar_slam_ws/install/slam_toolbox:/home/ubuntu22/lidar_slam_ws/install/rf2o_laser_odometry:/opt/ros/humble'), ('SHELL', '/bin/bash'), ('LESSCLOSE', '/usr/bin/lesspipe %s %s'), ('VSCODE_GIT_ASKPASS_EXTRA_ARGS', ''), ('PWD', '/home/ubuntu22/lidar_slam_ws/build/rf2o_laser_odometry'), ('XDG_DATA_DIRS', '/usr/local/share:/usr/share:/var/lib/snapd/desktop'), ('PYTHONPATH', '/home/ubuntu22/lidar_slam_ws/install/slam_toolbox/local/lib/python3.10/dist-packages:/opt/ros/humble/lib/python3.10/site-packages:/opt/ros/humble/local/lib/python3.10/dist-packages'), ('COLCON', '1'), ('WSL2_GUI_APPS_ENABLED', '1'), ('HOSTTYPE', 'x86_64'), ('CMAKE_PREFIX_PATH', '/home/ubuntu22/lidar_slam_ws/install/slam_toolbox:/home/ubuntu22/lidar_slam_ws/install/rf2o_laser_odometry:/opt/ros/humble'), ('WSLENV', 'VSCODE_WSL_EXT_LOCATION/up:VSCODE_SERVER_TAR/up')]), 'shell': False}
[39.402169] (rf2o_laser_odometry) StdoutLine: {'line': b'-- Install configuration: ""\n'}
[39.403299] (rf2o_laser_odometry) StdoutLine: {'line': b'-- Execute custom install script\n'}
[39.404829] (rf2o_laser_odometry) StdoutLine: {'line': b'-- Symlinking: /home/ubuntu22/lidar_slam_ws/install/rf2o_laser_odometry/lib/rf2o_laser_odometry/rf2o_laser_odometry_node\n'}
[39.416882] (rf2o_laser_odometry) StdoutLine: {'line': b'-- Symlinking: /home/ubuntu22/lidar_slam_ws/install/rf2o_laser_odometry/share/rf2o_laser_odometry/launch/rf2o_laser_odometry.launch.py\n'}
[39.426954] (rf2o_laser_odometry) StdoutLine: {'line': b'-- Symlinking: /home/ubuntu22/lidar_slam_ws/install/rf2o_laser_odometry/share/ament_index/resource_index/package_run_dependencies/rf2o_laser_odometry\n'}
[39.437595] (rf2o_laser_odometry) StdoutLine: {'line': b'-- Symlinking: /home/ubuntu22/lidar_slam_ws/install/rf2o_laser_odometry/share/ament_index/resource_index/parent_prefix_path/rf2o_laser_odometry\n'}
[39.446857] (rf2o_laser_odometry) StdoutLine: {'line': b'-- Symlinking: /home/ubuntu22/lidar_slam_ws/install/rf2o_laser_odometry/share/rf2o_laser_odometry/environment/ament_prefix_path.sh\n'}
[39.453127] (-) TimerEvent: {}
[39.456776] (rf2o_laser_odometry) StdoutLine: {'line': b'-- Symlinking: /home/ubuntu22/lidar_slam_ws/install/rf2o_laser_odometry/share/rf2o_laser_odometry/environment/ament_prefix_path.dsv\n'}
[39.468128] (rf2o_laser_odometry) StdoutLine: {'line': b'-- Symlinking: /home/ubuntu22/lidar_slam_ws/install/rf2o_laser_odometry/share/rf2o_laser_odometry/environment/path.sh\n'}
[39.477522] (rf2o_laser_odometry) StdoutLine: {'line': b'-- Symlinking: /home/ubuntu22/lidar_slam_ws/install/rf2o_laser_odometry/share/rf2o_laser_odometry/environment/path.dsv\n'}
[39.488094] (rf2o_laser_odometry) StdoutLine: {'line': b'-- Symlinking: /home/ubuntu22/lidar_slam_ws/install/rf2o_laser_odometry/share/rf2o_laser_odometry/local_setup.bash\n'}
[39.498054] (rf2o_laser_odometry) StdoutLine: {'line': b'-- Symlinking: /home/ubuntu22/lidar_slam_ws/install/rf2o_laser_odometry/share/rf2o_laser_odometry/local_setup.sh\n'}
[39.507530] (rf2o_laser_odometry) StdoutLine: {'line': b'-- Symlinking: /home/ubuntu22/lidar_slam_ws/install/rf2o_laser_odometry/share/rf2o_laser_odometry/local_setup.zsh\n'}
[39.517448] (rf2o_laser_odometry) StdoutLine: {'line': b'-- Symlinking: /home/ubuntu22/lidar_slam_ws/install/rf2o_laser_odometry/share/rf2o_laser_odometry/local_setup.dsv\n'}
[39.526766] (rf2o_laser_odometry) StdoutLine: {'line': b'-- Symlinking: /home/ubuntu22/lidar_slam_ws/install/rf2o_laser_odometry/share/rf2o_laser_odometry/package.dsv\n'}
[39.536778] (rf2o_laser_odometry) StdoutLine: {'line': b'-- Symlinking: /home/ubuntu22/lidar_slam_ws/install/rf2o_laser_odometry/share/ament_index/resource_index/packages/rf2o_laser_odometry\n'}
[39.547330] (rf2o_laser_odometry) StdoutLine: {'line': b'-- Symlinking: /home/ubuntu22/lidar_slam_ws/install/rf2o_laser_odometry/share/rf2o_laser_odometry/cmake/rf2o_laser_odometryConfig.cmake\n'}
[39.553241] (-) TimerEvent: {}
[39.557043] (rf2o_laser_odometry) StdoutLine: {'line': b'-- Symlinking: /home/ubuntu22/lidar_slam_ws/install/rf2o_laser_odometry/share/rf2o_laser_odometry/cmake/rf2o_laser_odometryConfig-version.cmake\n'}
[39.566812] (rf2o_laser_odometry) StdoutLine: {'line': b'-- Symlinking: /home/ubuntu22/lidar_slam_ws/install/rf2o_laser_odometry/share/rf2o_laser_odometry/package.xml\n'}
[39.579625] (rf2o_laser_odometry) CommandEnded: {'returncode': 0}
[39.597297] (rf2o_laser_odometry) JobEnded: {'identifier': 'rf2o_laser_odometry', 'rc': 0}
[39.653380] (-) TimerEvent: {}
[39.753781] (-) TimerEvent: {}
[39.854143] (-) TimerEvent: {}
[39.954473] (-) TimerEvent: {}
[40.054865] (-) TimerEvent: {}
[40.093586] (slam_toolbox) StdoutLine: {'line': b'-- Looking for cheev_\n'}
[40.155005] (-) TimerEvent: {}
[40.160342] (slam_toolbox) StdoutLine: {'line': b'-- Looking for cheev_ - not found\n'}
[40.160891] (slam_toolbox) StdoutLine: {'line': b'-- Looking for cheev_\n'}
[40.255134] (-) TimerEvent: {}
[40.355505] (-) TimerEvent: {}
[40.397151] (slam_toolbox) StdoutLine: {'line': b'-- Looking for cheev_ - found\n'}
[40.397867] (slam_toolbox) StdoutLine: {'line': b'-- Found LAPACK: /usr/lib/x86_64-linux-gnu/liblapack.so;/usr/lib/x86_64-linux-gnu/libblas.so  \n'}
[40.404838] (slam_toolbox) StdoutLine: {'line': b'-- Found required Ceres dependency: Eigen version 3.4.0 in /usr/include/eigen3\n'}
[40.412915] (slam_toolbox) StdoutLine: {'line': b'-- Found required Ceres dependency: glog\n'}
[40.414113] (slam_toolbox) StdoutLine: {'line': b'-- Found required Ceres dependency: gflags\n'}
[40.414889] (slam_toolbox) StdoutLine: {'line': b'-- Found Ceres version: 2.0.0 installed in: /usr with components: [EigenSparse, SparseLinearAlgebraLibrary, LAPACK, SuiteSparse, CXSparse, SchurSpecializations, Multithreading]\n'}
[40.455668] (-) TimerEvent: {}
[40.556068] (-) TimerEvent: {}
[40.656400] (-) TimerEvent: {}
[40.756839] (-) TimerEvent: {}
[40.857263] (-) TimerEvent: {}
[40.863578] (slam_toolbox) StdoutLine: {'line': b'-- Found ament_cmake_ros: 0.10.0 (/opt/ros/humble/share/ament_cmake_ros/cmake)\n'}
[40.957425] (-) TimerEvent: {}
[41.057802] (-) TimerEvent: {}
[41.158165] (-) TimerEvent: {}
[41.258616] (-) TimerEvent: {}
[41.358993] (-) TimerEvent: {}
[41.450956] (slam_toolbox) StdoutLine: {'line': b'-- Using all available rosidl_typesupport_c: rosidl_typesupport_fastrtps_c;rosidl_typesupport_introspection_c\n'}
[41.459131] (-) TimerEvent: {}
[41.559521] (-) TimerEvent: {}
[41.659919] (-) TimerEvent: {}
[41.679844] (slam_toolbox) StdoutLine: {'line': b'-- Using all available rosidl_typesupport_cpp: rosidl_typesupport_fastrtps_cpp;rosidl_typesupport_introspection_cpp\n'}
[41.760063] (-) TimerEvent: {}
[41.860505] (-) TimerEvent: {}
[41.910302] (slam_toolbox) StdoutLine: {'line': b'-- Found PythonInterp: /usr/bin/python3 (found suitable version "3.10.12", minimum required is "3.6") \n'}
[41.911992] (slam_toolbox) StdoutLine: {'line': b'-- Found python_cmake_module: 0.10.0 (/opt/ros/humble/share/python_cmake_module/cmake)\n'}
[41.960646] (-) TimerEvent: {}
[42.060995] (-) TimerEvent: {}
[42.161351] (-) TimerEvent: {}
[42.261656] (-) TimerEvent: {}
[42.362024] (-) TimerEvent: {}
[42.462372] (-) TimerEvent: {}
[42.535463] (slam_toolbox) StdoutLine: {'line': b'-- Found PythonLibs: /usr/lib/x86_64-linux-gnu/libpython3.10.so (found suitable version "3.10.12", minimum required is "3.5") \n'}
[42.535727] (slam_toolbox) StdoutLine: {'line': b'-- Using PYTHON_EXECUTABLE: /usr/bin/python3\n'}
[42.535792] (slam_toolbox) StdoutLine: {'line': b'-- Using PYTHON_INCLUDE_DIRS: /usr/include/python3.10\n'}
[42.535843] (slam_toolbox) StdoutLine: {'line': b'-- Using PYTHON_LIBRARIES: /usr/lib/x86_64-linux-gnu/libpython3.10.so\n'}
[42.560833] (slam_toolbox) StdoutLine: {'line': b'-- Found PythonExtra: .so  \n'}
[42.562448] (-) TimerEvent: {}
[42.662736] (-) TimerEvent: {}
[42.763091] (-) TimerEvent: {}
[42.767135] (slam_toolbox) StdoutLine: {'line': b'-- Configuring done\n'}
[42.863209] (-) TimerEvent: {}
[42.963620] (-) TimerEvent: {}
[43.047619] (slam_toolbox) StdoutLine: {'line': b'-- Generating done\n'}
[43.063736] (-) TimerEvent: {}
[43.117608] (slam_toolbox) StdoutLine: {'line': b'-- Build files have been written to: /home/ubuntu22/lidar_slam_ws/build/slam_toolbox\n'}
[43.140086] (slam_toolbox) CommandEnded: {'returncode': 0}
[43.141106] (slam_toolbox) JobProgress: {'identifier': 'slam_toolbox', 'progress': 'build'}
[43.142737] (slam_toolbox) Command: {'cmd': ['/usr/bin/cmake', '--build', '/home/ubuntu22/lidar_slam_ws/build/slam_toolbox', '--', '-j16', '-l16'], 'cwd': '/home/ubuntu22/lidar_slam_ws/build/slam_toolbox', 'env': OrderedDict([('LESSOPEN', '| /usr/bin/lesspipe %s'), ('USER', 'ubuntu22'), ('GIT_ASKPASS', '/home/ubuntu22/.vscode-server/bin/6534f6ba7604bf324f94cc9a590727f39a4af040/extensions/git/dist/askpass.sh'), ('SHLVL', '1'), ('LD_LIBRARY_PATH', '/home/ubuntu22/lidar_slam_ws/install/slam_toolbox/lib:/opt/ros/humble/opt/rviz_ogre_vendor/lib:/opt/ros/humble/lib/x86_64-linux-gnu:/opt/ros/humble/lib'), ('MOTD_SHOWN', 'update-motd'), ('HOME', '/home/ubuntu22'), ('OLDPWD', '/home/ubuntu22/lidar_slam_ws/src'), ('TERM_PROGRAM_VERSION', '1.109.1'), ('VSCODE_IPC_HOOK_CLI', '/run/user/1000/vscode-ipc-53a6b5cd-6825-462a-96b9-b5528e00460b.sock'), ('ROS_PYTHON_VERSION', '3'), ('VSCODE_GIT_ASKPASS_MAIN', '/home/ubuntu22/.vscode-server/bin/6534f6ba7604bf324f94cc9a590727f39a4af040/extensions/git/dist/askpass-main.js'), ('VSCODE_GIT_ASKPASS_NODE', '/home/ubuntu22/.vscode-server/bin/6534f6ba7604bf324f94cc9a590727f39a4af040/node'), ('VSCODE_PYTHON_AUTOACTIVATE_GUARD', '1'), ('DBUS_SESSION_BUS_ADDRESS', 'unix:path=/run/user/1000/bus'), ('COLORTERM', 'truecolor'), ('WSL_DISTRO_NAME', 'Ubuntu-22.04'), ('WAYLAND_DISPLAY', 'wayland-0'), ('COLCON_PREFIX_PATH', '/home/ubuntu22/lidar_slam_ws/install'), ('ROS_DISTRO', 'humble'), ('LOGNAME', 'ubuntu22'), ('NAME', 'ASUSMarcel'), ('WSL_INTEROP', '/run/WSL/436_interop'), ('PULSE_SERVER', 'unix:/mnt/wslg/PulseServer'), ('_', '/usr/bin/colcon'), ('ROS_VERSION', '2'), ('TERM', 'xterm-256color'), ('ROS_LOCALHOST_ONLY', '0'), ('PATH', '/home/ubuntu22/.vscode-server/data/User/globalStorage/github.copilot-chat/debugCommand:/home/ubuntu22/.vscode-server/data/User/globalStorage/github.copilot-chat/copilotCli:/home/ubuntu22/.vscode-server/bin/6534f6ba7604bf324f94cc9a590727f39a4af040/bin/remote-cli:/opt/ros/humble/bin:/usr/local/sbin:/usr/local/bin:/usr/sbin:/usr/bin:/sbin:/bin:/usr/games:/usr/local/games:/usr/lib/wsl/lib:/mnt/c/Program Files/Common Files/Siemens/Automation/Simatic OAM/bin:/mnt/c/Windows/system32:/mnt/c/Windows:/mnt/c/Windows/System32/Wbem:/mnt/c/Windows/System32/WindowsPowerShell/v1.0/:/mnt/c/Windows/System32/OpenSSH/:/mnt/c/Program Files (x86)/NVIDIA Corporation/PhysX/Common:/mnt/c/Program Files/MATLAB/R2025b/bin:/mnt/c/Program Files/NVIDIA Corporation/NVIDIA app/NvDLISR:/mnt/c/WINDOWS/system32:/mnt/c/WINDOWS:/mnt/c/WINDOWS/System32/Wbem:/mnt/c/WINDOWS/System32/WindowsPowerShell/v1.0/:/mnt/c/WINDOWS/System32/OpenSSH/:/mnt/c/Program Files (x86)/Windows Kits/10/Windows Performance Toolkit/:/mnt/c/Program Files/dotnet/:/mnt/c/Program Files/usbipd-win/:/mnt/c/Strawberry/c/bin:/mnt/c/Strawberry/perl/site/bin:/mnt/c/Strawberry/perl/bin:/mnt/c/Users/marce/AppData/Local/Programs/Python/Python313/:/mnt/c/Users/marce/AppData/Local/Programs/Python/Python313/Scripts/:/mnt/c/Users/marce/AppData/Local/Programs/Microsoft VS Code/bin:/mnt/c/Users/marce/AppData/Local/Programs/MiKTeX/miktex/bin/x64/:/snap/bin'), ('XDG_RUNTIME_DIR', '/run/user/1000/'), ('DISPLAY', ':0'), ('LANG', 'C.UTF-8'), ('LS_COLORS', 'rs=0:di=01;34:ln=01;36:mh=00:pi=40;33:so=01;35:do=01;35:bd=40;33;01:cd=40;33;01:or=40;31;01:mi=00:su=37;41:sg=30;43:ca=30;41:tw=30;42:ow=34;42:st=37;44:ex=01;32:*.tar=01;31:*.tgz=01;31:*.arc=01;31:*.arj=01;31:*.taz=01;31:*.lha=01;31:*.lz4=01;31:*.lzh=01;31:*.lzma=01;31:*.tlz=01;31:*.txz=01;31:*.tzo=01;31:*.t7z=01;31:*.zip=01;31:*.z=01;31:*.dz=01;31:*.gz=01;31:*.lrz=01;31:*.lz=01;31:*.lzo=01;31:*.xz=01;31:*.zst=01;31:*.tzst=01;31:*.bz2=01;31:*.bz=01;31:*.tbz=01;31:*.tbz2=01;31:*.tz=01;31:*.deb=01;31:*.rpm=01;31:*.jar=01;31:*.war=01;31:*.ear=01;31:*.sar=01;31:*.rar=01;31:*.alz=01;31:*.ace=01;31:*.zoo=01;31:*.cpio=01;31:*.7z=01;31:*.rz=01;31:*.cab=01;31:*.wim=01;31:*.swm=01;31:*.dwm=01;31:*.esd=01;31:*.jpg=01;35:*.jpeg=01;35:*.mjpg=01;35:*.mjpeg=01;35:*.gif=01;35:*.bmp=01;35:*.pbm=01;35:*.pgm=01;35:*.ppm=01;35:*.tga=01;35:*.xbm=01;35:*.xpm=01;35:*.tif=01;35:*.tiff=01;35:*.png=01;35:*.svg=01;35:*.svgz=01;35:*.mng=01;35:*.pcx=01;35:*.mov=01;35:*.mpg=01;35:*.mpeg=01;35:*.m2v=01;35:*.mkv=01;35:*.webm=01;35:*.webp=01;35:*.ogm=01;35:*.mp4=01;35:*.m4v=01;35:*.mp4v=01;35:*.vob=01;35:*.qt=01;35:*.nuv=01;35:*.wmv=01;35:*.asf=01;35:*.rm=01;35:*.rmvb=01;35:*.flc=01;35:*.avi=01;35:*.fli=01;35:*.flv=01;35:*.gl=01;35:*.dl=01;35:*.xcf=01;35:*.xwd=01;35:*.yuv=01;35:*.cgm=01;35:*.emf=01;35:*.ogv=01;35:*.ogx=01;35:*.aac=00;36:*.au=00;36:*.flac=00;36:*.m4a=00;36:*.mid=00;36:*.midi=00;36:*.mka=00;36:*.mp3=00;36:*.mpc=00;36:*.ogg=00;36:*.ra=00;36:*.wav=00;36:*.oga=00;36:*.opus=00;36:*.spx=00;36:*.xspf=00;36:'), ('VSCODE_GIT_IPC_HANDLE', '/run/user/1000/vscode-git-174e2f3db9.sock'), ('TERM_PROGRAM', 'vscode'), ('AMENT_PREFIX_PATH', '/home/ubuntu22/lidar_slam_ws/install/slam_toolbox:/home/ubuntu22/lidar_slam_ws/install/rf2o_laser_odometry:/opt/ros/humble'), ('SHELL', '/bin/bash'), ('LESSCLOSE', '/usr/bin/lesspipe %s %s'), ('VSCODE_GIT_ASKPASS_EXTRA_ARGS', ''), ('PWD', '/home/ubuntu22/lidar_slam_ws/build/slam_toolbox'), ('XDG_DATA_DIRS', '/usr/local/share:/usr/share:/var/lib/snapd/desktop'), ('PYTHONPATH', '/home/ubuntu22/lidar_slam_ws/install/slam_toolbox/local/lib/python3.10/dist-packages:/opt/ros/humble/lib/python3.10/site-packages:/opt/ros/humble/local/lib/python3.10/dist-packages'), ('COLCON', '1'), ('WSL2_GUI_APPS_ENABLED', '1'), ('HOSTTYPE', 'x86_64'), ('CMAKE_PREFIX_PATH', '/home/ubuntu22/lidar_slam_ws/install/slam_toolbox:/home/ubuntu22/lidar_slam_ws/install/rf2o_laser_odometry:/opt/ros/humble'), ('WSLENV', 'VSCODE_WSL_EXT_LOCATION/up:VSCODE_SERVER_TAR/up')]), 'shell': False}
[43.164024] (-) TimerEvent: {}
[43.194931] (slam_toolbox) StdoutLine: {'line': b'[  1%] \x1b[34m\x1b[1mGenerating C code for ROS interfaces\x1b[0m\n'}
[43.206406] (slam_toolbox) StdoutLine: {'line': b'[  2%] \x1b[34m\x1b[1mGenerating C++ code for ROS interfaces\x1b[0m\n'}
[43.206679] (slam_toolbox) StdoutLine: {'line': b'[  2%] \x1b[32mBuilding CXX object lib/karto_sdk/CMakeFiles/kartoSlamToolbox.dir/src/Karto.cpp.o\x1b[0m\n'}
[43.209047] (slam_toolbox) StdoutLine: {'line': b'[  3%] \x1b[32mBuilding CXX object lib/karto_sdk/CMakeFiles/kartoSlamToolbox.dir/src/Mapper.cpp.o\x1b[0m\n'}
[43.216260] (slam_toolbox) StdoutLine: {'line': b'[  3%] Built target ament_cmake_python_symlink_slam_toolbox\n'}
[43.264068] (-) TimerEvent: {}
[43.364439] (-) TimerEvent: {}
[43.464781] (-) TimerEvent: {}
[43.500031] (slam_toolbox) StdoutLine: {'line': b'running egg_info\n'}
[43.500934] (slam_toolbox) StdoutLine: {'line': b'creating slam_toolbox.egg-info\n'}
[43.501351] (slam_toolbox) StdoutLine: {'line': b'writing slam_toolbox.egg-info/PKG-INFO\n'}
[43.501723] (slam_toolbox) StdoutLine: {'line': b'writing dependency_links to slam_toolbox.egg-info/dependency_links.txt\n'}
[43.501823] (slam_toolbox) StdoutLine: {'line': b'writing top-level names to slam_toolbox.egg-info/top_level.txt\n'}
[43.502571] (slam_toolbox) StdoutLine: {'line': b"writing manifest file 'slam_toolbox.egg-info/SOURCES.txt'\n"}
[43.504298] (slam_toolbox) StdoutLine: {'line': b"reading manifest file 'slam_toolbox.egg-info/SOURCES.txt'\n"}
[43.505051] (slam_toolbox) StdoutLine: {'line': b"writing manifest file 'slam_toolbox.egg-info/SOURCES.txt'\n"}
[43.536129] (slam_toolbox) StdoutLine: {'line': b'[  3%] Built target ament_cmake_python_build_slam_toolbox_egg\n'}
[43.564878] (-) TimerEvent: {}
[43.665230] (-) TimerEvent: {}
[43.765564] (-) TimerEvent: {}
[43.865911] (-) TimerEvent: {}
[43.966266] (-) TimerEvent: {}
[44.066594] (-) TimerEvent: {}
[44.166919] (-) TimerEvent: {}
[44.267814] (-) TimerEvent: {}
[44.329066] (slam_toolbox) StdoutLine: {'line': b'[  3%] Built target slam_toolbox__cpp\n'}
[44.344905] (slam_toolbox) StdoutLine: {'line': b'[  3%] \x1b[32mBuilding C object CMakeFiles/slam_toolbox__rosidl_generator_c.dir/rosidl_generator_c/slam_toolbox/srv/detail/clear_queue__functions.c.o\x1b[0m\n'}
[44.345263] (slam_toolbox) StdoutLine: {'line': b'[  5%] \x1b[32mBuilding C object CMakeFiles/slam_toolbox__rosidl_generator_c.dir/rosidl_generator_c/slam_toolbox/srv/detail/toggle_interactive__functions.c.o\x1b[0m\n'}
[44.345419] (slam_toolbox) StdoutLine: {'line': b'[  5%] \x1b[32mBuilding C object CMakeFiles/slam_toolbox__rosidl_generator_c.dir/rosidl_generator_c/slam_toolbox/srv/detail/clear__functions.c.o\x1b[0m\n'}
[44.345548] (slam_toolbox) StdoutLine: {'line': b'[  6%] \x1b[34m\x1b[1mGenerating C++ type support for eProsima Fast-RTPS\x1b[0m\n'}
[44.346048] (slam_toolbox) StdoutLine: {'line': b'[  7%] \x1b[32mBuilding C object CMakeFiles/slam_toolbox__rosidl_generator_c.dir/rosidl_generator_c/slam_toolbox/srv/detail/add_submap__functions.c.o\x1b[0m\n'}
[44.346266] (slam_toolbox) StdoutLine: {'line': b'[  7%] \x1b[32mBuilding C object CMakeFiles/slam_toolbox__rosidl_generator_c.dir/rosidl_generator_c/slam_toolbox/srv/detail/loop_closure__functions.c.o\x1b[0m\n'}
[44.346502] (slam_toolbox) StdoutLine: {'line': b'[  7%] \x1b[32mBuilding C object CMakeFiles/slam_toolbox__rosidl_generator_c.dir/rosidl_generator_c/slam_toolbox/srv/detail/deserialize_pose_graph__functions.c.o\x1b[0m\n'}
[44.346644] (slam_toolbox) StdoutLine: {'line': b'[  8%] \x1b[32mBuilding C object CMakeFiles/slam_toolbox__rosidl_generator_c.dir/rosidl_generator_c/slam_toolbox/srv/detail/merge_maps__functions.c.o\x1b[0m\n'}
[44.346972] (slam_toolbox) StdoutLine: {'line': b'[  9%] \x1b[32mBuilding C object CMakeFiles/slam_toolbox__rosidl_generator_c.dir/rosidl_generator_c/slam_toolbox/srv/detail/serialize_pose_graph__functions.c.o\x1b[0m\n'}
[44.347259] (slam_toolbox) StdoutLine: {'line': b'[  9%] \x1b[34m\x1b[1mGenerating C++ type support dispatch for ROS interfaces\x1b[0m\n'}
[44.350391] (slam_toolbox) StdoutLine: {'line': b'[ 11%] \x1b[32mBuilding C object CMakeFiles/slam_toolbox__rosidl_generator_c.dir/rosidl_generator_c/slam_toolbox/srv/detail/save_map__functions.c.o\x1b[0m\n'}
[44.350641] (slam_toolbox) StdoutLine: {'line': b'[ 11%] \x1b[32mBuilding C object CMakeFiles/slam_toolbox__rosidl_generator_c.dir/rosidl_generator_c/slam_toolbox/srv/detail/pause__functions.c.o\x1b[0m\n'}
[44.350830] (slam_toolbox) StdoutLine: {'line': b'[ 12%] \x1b[34m\x1b[1mGenerating C++ introspection for ROS interfaces\x1b[0m\n'}
[44.371965] (-) TimerEvent: {}
[44.472316] (-) TimerEvent: {}
[44.572884] (-) TimerEvent: {}
[44.599254] (slam_toolbox) StdoutLine: {'line': b'[ 13%] \x1b[32m\x1b[1mLinking C shared library libslam_toolbox__rosidl_generator_c.so\x1b[0m\n'}
[44.672945] (-) TimerEvent: {}
[44.773245] (-) TimerEvent: {}
[44.779552] (slam_toolbox) StdoutLine: {'line': b'[ 13%] Built target slam_toolbox__rosidl_generator_c\n'}
[44.795712] (slam_toolbox) StdoutLine: {'line': b'[ 14%] \x1b[34m\x1b[1mGenerating C type support dispatch for ROS interfaces\x1b[0m\n'}
[44.796101] (slam_toolbox) StdoutLine: {'line': b'[ 14%] \x1b[34m\x1b[1mGenerating C introspection for ROS interfaces\x1b[0m\n'}
[44.797094] (slam_toolbox) StdoutLine: {'line': b'[ 15%] \x1b[34m\x1b[1mGenerating C type support for eProsima Fast-RTPS\x1b[0m\n'}
[44.873464] (-) TimerEvent: {}
[44.973989] (-) TimerEvent: {}
[45.074555] (-) TimerEvent: {}
[45.175043] (-) TimerEvent: {}
[45.203113] (slam_toolbox) StdoutLine: {'line': b'[ 16%] \x1b[32mBuilding CXX object CMakeFiles/slam_toolbox__rosidl_typesupport_cpp.dir/rosidl_typesupport_cpp/slam_toolbox/srv/clear_queue__type_support.cpp.o\x1b[0m\n'}
[45.203614] (slam_toolbox) StdoutLine: {'line': b'[ 17%] \x1b[32mBuilding CXX object CMakeFiles/slam_toolbox__rosidl_typesupport_cpp.dir/rosidl_typesupport_cpp/slam_toolbox/srv/pause__type_support.cpp.o\x1b[0m\n'}
[45.203732] (slam_toolbox) StdoutLine: {'line': b'[ 17%] \x1b[32mBuilding CXX object CMakeFiles/slam_toolbox__rosidl_typesupport_cpp.dir/rosidl_typesupport_cpp/slam_toolbox/srv/clear__type_support.cpp.o\x1b[0m\n'}
[45.203809] (slam_toolbox) StdoutLine: {'line': b'[ 18%] \x1b[32mBuilding CXX object CMakeFiles/slam_toolbox__rosidl_typesupport_cpp.dir/rosidl_typesupport_cpp/slam_toolbox/srv/loop_closure__type_support.cpp.o\x1b[0m\n'}
[45.204096] (slam_toolbox) StdoutLine: {'line': b'[ 19%] \x1b[32mBuilding CXX object CMakeFiles/slam_toolbox__rosidl_typesupport_cpp.dir/rosidl_typesupport_cpp/slam_toolbox/srv/save_map__type_support.cpp.o\x1b[0m\n'}
[45.204541] (slam_toolbox) StdoutLine: {'line': b'[ 20%] \x1b[32mBuilding CXX object CMakeFiles/slam_toolbox__rosidl_typesupport_cpp.dir/rosidl_typesupport_cpp/slam_toolbox/srv/add_submap__type_support.cpp.o\x1b[0m\n'}
[45.205722] (slam_toolbox) StdoutLine: {'line': b'[ 21%] \x1b[32mBuilding CXX object CMakeFiles/slam_toolbox__rosidl_typesupport_cpp.dir/rosidl_typesupport_cpp/slam_toolbox/srv/deserialize_pose_graph__type_support.cpp.o\x1b[0m\n'}
[45.210083] (slam_toolbox) StdoutLine: {'line': b'[ 22%] \x1b[32mBuilding CXX object CMakeFiles/slam_toolbox__rosidl_typesupport_cpp.dir/rosidl_typesupport_cpp/slam_toolbox/srv/toggle_interactive__type_support.cpp.o\x1b[0m\n'}
[45.221975] (slam_toolbox) StdoutLine: {'line': b'[ 22%] \x1b[32mBuilding CXX object CMakeFiles/slam_toolbox__rosidl_typesupport_cpp.dir/rosidl_typesupport_cpp/slam_toolbox/srv/merge_maps__type_support.cpp.o\x1b[0m\n'}
[45.280034] (-) TimerEvent: {}
[45.380427] (-) TimerEvent: {}
[45.480884] (-) TimerEvent: {}
[45.581341] (-) TimerEvent: {}
[45.681810] (-) TimerEvent: {}
[45.689821] (slam_toolbox) StdoutLine: {'line': b'[ 22%] \x1b[32mBuilding CXX object CMakeFiles/slam_toolbox__rosidl_typesupport_introspection_cpp.dir/rosidl_typesupport_introspection_cpp/slam_toolbox/srv/detail/pause__type_support.cpp.o\x1b[0m\n'}
[45.759102] (slam_toolbox) StdoutLine: {'line': b'[ 23%] \x1b[32mBuilding CXX object CMakeFiles/slam_toolbox__rosidl_typesupport_cpp.dir/rosidl_typesupport_cpp/slam_toolbox/srv/serialize_pose_graph__type_support.cpp.o\x1b[0m\n'}
[45.763662] (slam_toolbox) StdoutLine: {'line': b'[ 24%] \x1b[32mBuilding CXX object CMakeFiles/slam_toolbox__rosidl_typesupport_introspection_cpp.dir/rosidl_typesupport_introspection_cpp/slam_toolbox/srv/detail/clear_queue__type_support.cpp.o\x1b[0m\n'}
[45.782370] (-) TimerEvent: {}
[45.788282] (slam_toolbox) StdoutLine: {'line': b'[ 25%] \x1b[32mBuilding CXX object CMakeFiles/slam_toolbox__rosidl_typesupport_introspection_cpp.dir/rosidl_typesupport_introspection_cpp/slam_toolbox/srv/detail/toggle_interactive__type_support.cpp.o\x1b[0m\n'}
[45.804525] (slam_toolbox) StdoutLine: {'line': b'[ 25%] \x1b[32mBuilding CXX object CMakeFiles/slam_toolbox__rosidl_typesupport_introspection_cpp.dir/rosidl_typesupport_introspection_cpp/slam_toolbox/srv/detail/clear__type_support.cpp.o\x1b[0m\n'}
[45.834811] (slam_toolbox) StdoutLine: {'line': b'[ 26%] \x1b[32mBuilding CXX object CMakeFiles/slam_toolbox__rosidl_typesupport_introspection_cpp.dir/rosidl_typesupport_introspection_cpp/slam_toolbox/srv/detail/save_map__type_support.cpp.o\x1b[0m\n'}
[45.840258] (slam_toolbox) StdoutLine: {'line': b'[ 27%] \x1b[32mBuilding CXX object CMakeFiles/slam_toolbox__rosidl_typesupport_introspection_cpp.dir/rosidl_typesupport_introspection_cpp/slam_toolbox/srv/detail/loop_closure__type_support.cpp.o\x1b[0m\n'}
[45.868053] (slam_toolbox) StdoutLine: {'line': b'[ 28%] \x1b[32mBuilding CXX object CMakeFiles/slam_toolbox__rosidl_typesupport_introspection_cpp.dir/rosidl_typesupport_introspection_cpp/slam_toolbox/srv/detail/merge_maps__type_support.cpp.o\x1b[0m\n'}
[45.884000] (-) TimerEvent: {}
[45.888164] (slam_toolbox) StdoutLine: {'line': b'[ 29%] \x1b[32mBuilding CXX object CMakeFiles/slam_toolbox__rosidl_typesupport_fastrtps_cpp.dir/rosidl_typesupport_fastrtps_cpp/slam_toolbox/srv/detail/dds_fastrtps/pause__type_support.cpp.o\x1b[0m\n'}
[45.923639] (slam_toolbox) StdoutLine: {'line': b'[ 29%] \x1b[32mBuilding CXX object CMakeFiles/slam_toolbox__rosidl_typesupport_introspection_cpp.dir/rosidl_typesupport_introspection_cpp/slam_toolbox/srv/detail/add_submap__type_support.cpp.o\x1b[0m\n'}
[45.984136] (-) TimerEvent: {}
[45.998309] (slam_toolbox) StdoutLine: {'line': b'[ 30%] \x1b[32mBuilding CXX object CMakeFiles/slam_toolbox__rosidl_typesupport_c.dir/rosidl_typesupport_c/slam_toolbox/srv/pause__type_support.cpp.o\x1b[0m\n'}
[46.088012] (-) TimerEvent: {}
[46.096045] (slam_toolbox) StdoutLine: {'line': b'[ 31%] \x1b[32mBuilding CXX object CMakeFiles/slam_toolbox__rosidl_typesupport_c.dir/rosidl_typesupport_c/slam_toolbox/srv/clear_queue__type_support.cpp.o\x1b[0m\n'}
[46.163960] (slam_toolbox) StdoutLine: {'line': b'[ 32%] \x1b[32mBuilding CXX object CMakeFiles/slam_toolbox__rosidl_typesupport_c.dir/rosidl_typesupport_c/slam_toolbox/srv/toggle_interactive__type_support.cpp.o\x1b[0m\n'}
[46.188168] (-) TimerEvent: {}
[46.230628] (slam_toolbox) StdoutLine: {'line': b'[ 32%] \x1b[32mBuilding CXX object CMakeFiles/slam_toolbox__rosidl_typesupport_c.dir/rosidl_typesupport_c/slam_toolbox/srv/clear__type_support.cpp.o\x1b[0m\n'}
[46.251979] (slam_toolbox) StdoutLine: {'line': b'[ 33%] \x1b[32mBuilding CXX object CMakeFiles/slam_toolbox__rosidl_typesupport_introspection_cpp.dir/rosidl_typesupport_introspection_cpp/slam_toolbox/srv/detail/deserialize_pose_graph__type_support.cpp.o\x1b[0m\n'}
[46.288303] (-) TimerEvent: {}
[46.388743] (-) TimerEvent: {}
[46.461751] (slam_toolbox) StdoutLine: {'line': b'[ 33%] \x1b[32m\x1b[1mLinking CXX shared library libslam_toolbox__rosidl_typesupport_cpp.so\x1b[0m\n'}
[46.488916] (-) TimerEvent: {}
[46.495566] (slam_toolbox) StdoutLine: {'line': b'[ 33%] \x1b[32mBuilding C object CMakeFiles/slam_toolbox__rosidl_typesupport_introspection_c.dir/rosidl_typesupport_introspection_c/slam_toolbox/srv/detail/pause__type_support.c.o\x1b[0m\n'}
[46.520641] (slam_toolbox) StdoutLine: {'line': b'[ 34%] \x1b[32mBuilding CXX object CMakeFiles/slam_toolbox__rosidl_typesupport_introspection_cpp.dir/rosidl_typesupport_introspection_cpp/slam_toolbox/srv/detail/serialize_pose_graph__type_support.cpp.o\x1b[0m\n'}
[46.527655] (slam_toolbox) StdoutLine: {'line': b'[ 35%] \x1b[32mBuilding CXX object CMakeFiles/slam_toolbox__rosidl_typesupport_c.dir/rosidl_typesupport_c/slam_toolbox/srv/save_map__type_support.cpp.o\x1b[0m\n'}
[46.591997] (-) TimerEvent: {}
[46.592756] (slam_toolbox) StdoutLine: {'line': b'[ 35%] \x1b[32mBuilding CXX object CMakeFiles/slam_toolbox__rosidl_typesupport_fastrtps_cpp.dir/rosidl_typesupport_fastrtps_cpp/slam_toolbox/srv/detail/dds_fastrtps/clear_queue__type_support.cpp.o\x1b[0m\n'}
[46.593416] (slam_toolbox) StdoutLine: {'line': b'[ 35%] \x1b[32mBuilding CXX object CMakeFiles/slam_toolbox__rosidl_typesupport_c.dir/rosidl_typesupport_c/slam_toolbox/srv/merge_maps__type_support.cpp.o\x1b[0m\n'}
[46.594311] (slam_toolbox) StdoutLine: {'line': b'[ 36%] \x1b[32mBuilding C object CMakeFiles/slam_toolbox__rosidl_typesupport_introspection_c.dir/rosidl_typesupport_introspection_c/slam_toolbox/srv/detail/clear_queue__type_support.c.o\x1b[0m\n'}
[46.594841] (slam_toolbox) StdoutLine: {'line': b'[ 37%] \x1b[32mBuilding CXX object CMakeFiles/slam_toolbox__rosidl_typesupport_c.dir/rosidl_typesupport_c/slam_toolbox/srv/loop_closure__type_support.cpp.o\x1b[0m\n'}
[46.635361] (slam_toolbox) StdoutLine: {'line': b'[ 38%] \x1b[32mBuilding CXX object CMakeFiles/slam_toolbox__rosidl_typesupport_fastrtps_c.dir/rosidl_typesupport_fastrtps_c/slam_toolbox/srv/detail/pause__type_support_c.cpp.o\x1b[0m\n'}
[46.659989] (slam_toolbox) StdoutLine: {'line': b'[ 39%] \x1b[32mBuilding CXX object CMakeFiles/slam_toolbox__rosidl_typesupport_c.dir/rosidl_typesupport_c/slam_toolbox/srv/add_submap__type_support.cpp.o\x1b[0m\n'}
[46.660435] (slam_toolbox) StdoutLine: {'line': b'[ 40%] \x1b[32mBuilding CXX object CMakeFiles/slam_toolbox__rosidl_typesupport_c.dir/rosidl_typesupport_c/slam_toolbox/srv/deserialize_pose_graph__type_support.cpp.o\x1b[0m\n'}
[46.660629] (slam_toolbox) StdoutLine: {'line': b'[ 41%] \x1b[32mBuilding CXX object CMakeFiles/slam_toolbox__rosidl_typesupport_fastrtps_cpp.dir/rosidl_typesupport_fastrtps_cpp/slam_toolbox/srv/detail/dds_fastrtps/toggle_interactive__type_support.cpp.o\x1b[0m\n'}
[46.680628] (slam_toolbox) StdoutLine: {'line': b'[ 42%] \x1b[32mBuilding C object CMakeFiles/slam_toolbox__rosidl_typesupport_introspection_c.dir/rosidl_typesupport_introspection_c/slam_toolbox/srv/detail/toggle_interactive__type_support.c.o\x1b[0m\n'}
[46.693082] (-) TimerEvent: {}
[46.719270] (slam_toolbox) StdoutLine: {'line': b'[ 43%] \x1b[32mBuilding CXX object CMakeFiles/slam_toolbox__rosidl_typesupport_c.dir/rosidl_typesupport_c/slam_toolbox/srv/serialize_pose_graph__type_support.cpp.o\x1b[0m\n'}
[46.734374] (slam_toolbox) StdoutLine: {'line': b'[ 44%] \x1b[32mBuilding CXX object CMakeFiles/slam_toolbox__rosidl_typesupport_fastrtps_cpp.dir/rosidl_typesupport_fastrtps_cpp/slam_toolbox/srv/detail/dds_fastrtps/clear__type_support.cpp.o\x1b[0m\n'}
[46.758103] (slam_toolbox) StdoutLine: {'line': b'[ 44%] \x1b[32mBuilding CXX object CMakeFiles/slam_toolbox__rosidl_typesupport_fastrtps_c.dir/rosidl_typesupport_fastrtps_c/slam_toolbox/srv/detail/clear_queue__type_support_c.cpp.o\x1b[0m\n'}
[46.758527] (slam_toolbox) StdoutLine: {'line': b'[ 45%] \x1b[32mBuilding CXX object CMakeFiles/slam_toolbox__rosidl_typesupport_fastrtps_cpp.dir/rosidl_typesupport_fastrtps_cpp/slam_toolbox/srv/detail/dds_fastrtps/save_map__type_support.cpp.o\x1b[0m\n'}
[46.775166] (slam_toolbox) StdoutLine: {'line': b'[ 45%] \x1b[32mBuilding C object CMakeFiles/slam_toolbox__rosidl_typesupport_introspection_c.dir/rosidl_typesupport_introspection_c/slam_toolbox/srv/detail/clear__type_support.c.o\x1b[0m\n'}
[46.777801] (slam_toolbox) StdoutLine: {'line': b'[ 46%] \x1b[32mBuilding C object CMakeFiles/slam_toolbox__rosidl_typesupport_introspection_c.dir/rosidl_typesupport_introspection_c/slam_toolbox/srv/detail/save_map__type_support.c.o\x1b[0m\n'}
[46.780387] (slam_toolbox) StdoutLine: {'line': b'[ 46%] \x1b[32m\x1b[1mLinking CXX shared library libslam_toolbox__rosidl_typesupport_c.so\x1b[0m\n'}
[46.796006] (-) TimerEvent: {}
[46.849442] (slam_toolbox) StdoutLine: {'line': b'[ 46%] Built target slam_toolbox__rosidl_typesupport_cpp\n'}
[46.855469] (slam_toolbox) StdoutLine: {'line': b'[ 47%] \x1b[32mBuilding C object CMakeFiles/slam_toolbox__rosidl_typesupport_introspection_c.dir/rosidl_typesupport_introspection_c/slam_toolbox/srv/detail/loop_closure__type_support.c.o\x1b[0m\n'}
[46.863059] (slam_toolbox) StdoutLine: {'line': b'[ 48%] \x1b[32mBuilding CXX object CMakeFiles/slam_toolbox__rosidl_typesupport_fastrtps_c.dir/rosidl_typesupport_fastrtps_c/slam_toolbox/srv/detail/toggle_interactive__type_support_c.cpp.o\x1b[0m\n'}
[46.869066] (slam_toolbox) StdoutLine: {'line': b'[ 49%] \x1b[32mBuilding CXX object CMakeFiles/slam_toolbox__rosidl_typesupport_fastrtps_c.dir/rosidl_typesupport_fastrtps_c/slam_toolbox/srv/detail/clear__type_support_c.cpp.o\x1b[0m\n'}
[46.896123] (-) TimerEvent: {}
[46.924232] (slam_toolbox) StdoutLine: {'line': b'[ 49%] \x1b[32mBuilding CXX object CMakeFiles/slam_toolbox__rosidl_typesupport_fastrtps_cpp.dir/rosidl_typesupport_fastrtps_cpp/slam_toolbox/srv/detail/dds_fastrtps/loop_closure__type_support.cpp.o\x1b[0m\n'}
[46.941488] (slam_toolbox) StdoutLine: {'line': b'[ 50%] \x1b[32mBuilding C object CMakeFiles/slam_toolbox__rosidl_typesupport_introspection_c.dir/rosidl_typesupport_introspection_c/slam_toolbox/srv/detail/merge_maps__type_support.c.o\x1b[0m\n'}
[46.997738] (-) TimerEvent: {}
[47.035177] (slam_toolbox) StdoutLine: {'line': b'[ 50%] \x1b[32mBuilding C object CMakeFiles/slam_toolbox__rosidl_typesupport_introspection_c.dir/rosidl_typesupport_introspection_c/slam_toolbox/srv/detail/add_submap__type_support.c.o\x1b[0m\n'}
[47.055730] (slam_toolbox) StdoutLine: {'line': b'[ 50%] Built target slam_toolbox__rosidl_typesupport_c\n'}
[47.071189] (slam_toolbox) StdoutLine: {'line': b'[ 52%] \x1b[32mBuilding CXX object CMakeFiles/slam_toolbox__rosidl_typesupport_fastrtps_c.dir/rosidl_typesupport_fastrtps_c/slam_toolbox/srv/detail/save_map__type_support_c.cpp.o\x1b[0m\n'}
[47.073128] (slam_toolbox) StdoutLine: {'line': b'[ 52%] \x1b[32mBuilding C object CMakeFiles/slam_toolbox__rosidl_typesupport_introspection_c.dir/rosidl_typesupport_introspection_c/slam_toolbox/srv/detail/deserialize_pose_graph__type_support.c.o\x1b[0m\n'}
[47.100014] (-) TimerEvent: {}
[47.120392] (slam_toolbox) StdoutLine: {'line': b'[ 53%] \x1b[32mBuilding CXX object CMakeFiles/slam_toolbox__rosidl_typesupport_fastrtps_cpp.dir/rosidl_typesupport_fastrtps_cpp/slam_toolbox/srv/detail/dds_fastrtps/merge_maps__type_support.cpp.o\x1b[0m\n'}
[47.181680] (slam_toolbox) StdoutLine: {'line': b'[ 54%] \x1b[32mBuilding C object CMakeFiles/slam_toolbox__rosidl_typesupport_introspection_c.dir/rosidl_typesupport_introspection_c/slam_toolbox/srv/detail/serialize_pose_graph__type_support.c.o\x1b[0m\n'}
[47.200133] (-) TimerEvent: {}
[47.200467] (slam_toolbox) StdoutLine: {'line': b'[ 55%] \x1b[32mBuilding CXX object CMakeFiles/slam_toolbox__rosidl_typesupport_fastrtps_cpp.dir/rosidl_typesupport_fastrtps_cpp/slam_toolbox/srv/detail/dds_fastrtps/add_submap__type_support.cpp.o\x1b[0m\n'}
[47.300254] (-) TimerEvent: {}
[47.313093] (slam_toolbox) StdoutLine: {'line': b'[ 55%] \x1b[32m\x1b[1mLinking C shared library libslam_toolbox__rosidl_typesupport_introspection_c.so\x1b[0m\n'}
[47.334777] (slam_toolbox) StdoutLine: {'line': b'[ 55%] \x1b[32m\x1b[1mLinking CXX shared library libslam_toolbox__rosidl_typesupport_introspection_cpp.so\x1b[0m\n'}
[47.400386] (-) TimerEvent: {}
[47.410192] (slam_toolbox) StdoutLine: {'line': b'[ 55%] \x1b[32mBuilding CXX object CMakeFiles/slam_toolbox__rosidl_typesupport_fastrtps_c.dir/rosidl_typesupport_fastrtps_c/slam_toolbox/srv/detail/loop_closure__type_support_c.cpp.o\x1b[0m\n'}
[47.457013] (slam_toolbox) StdoutLine: {'line': b'[ 55%] \x1b[34m\x1b[1mGenerating rviz_plugin/moc_slam_toolbox_rviz_plugin.cpp\x1b[0m\n'}
[47.500591] (-) TimerEvent: {}
[47.510902] (slam_toolbox) StdoutLine: {'line': b'[ 56%] \x1b[32mBuilding CXX object CMakeFiles/SlamToolboxPlugin.dir/rviz_plugin/slam_toolbox_rviz_plugin.cpp.o\x1b[0m\n'}
[47.524120] (slam_toolbox) StdoutLine: {'line': b'[ 57%] \x1b[32mBuilding CXX object CMakeFiles/slam_toolbox__rosidl_typesupport_fastrtps_c.dir/rosidl_typesupport_fastrtps_c/slam_toolbox/srv/detail/merge_maps__type_support_c.cpp.o\x1b[0m\n'}
[47.577647] (slam_toolbox) StdoutLine: {'line': b'[ 57%] \x1b[32mBuilding CXX object CMakeFiles/slam_toolbox__rosidl_typesupport_fastrtps_cpp.dir/rosidl_typesupport_fastrtps_cpp/slam_toolbox/srv/detail/dds_fastrtps/deserialize_pose_graph__type_support.cpp.o\x1b[0m\n'}
[47.589063] (slam_toolbox) StdoutLine: {'line': b'[ 58%] \x1b[32mBuilding CXX object CMakeFiles/slam_toolbox__rosidl_typesupport_fastrtps_c.dir/rosidl_typesupport_fastrtps_c/slam_toolbox/srv/detail/add_submap__type_support_c.cpp.o\x1b[0m\n'}
[47.603993] (-) TimerEvent: {}
[47.605356] (slam_toolbox) StdoutLine: {'line': b'[ 59%] \x1b[32mBuilding CXX object CMakeFiles/slam_toolbox__rosidl_typesupport_fastrtps_cpp.dir/rosidl_typesupport_fastrtps_cpp/slam_toolbox/srv/detail/dds_fastrtps/serialize_pose_graph__type_support.cpp.o\x1b[0m\n'}
[47.608342] (slam_toolbox) StdoutLine: {'line': b'[ 59%] \x1b[32mBuilding CXX object CMakeFiles/slam_toolbox__rosidl_typesupport_fastrtps_c.dir/rosidl_typesupport_fastrtps_c/slam_toolbox/srv/detail/deserialize_pose_graph__type_support_c.cpp.o\x1b[0m\n'}
[47.612306] (slam_toolbox) StdoutLine: {'line': b'[ 59%] Built target slam_toolbox__rosidl_typesupport_introspection_c\n'}
[47.648282] (slam_toolbox) StdoutLine: {'line': b'[ 60%] \x1b[32mBuilding CXX object CMakeFiles/slam_toolbox__rosidl_typesupport_fastrtps_c.dir/rosidl_typesupport_fastrtps_c/slam_toolbox/srv/detail/serialize_pose_graph__type_support_c.cpp.o\x1b[0m\n'}
[47.671759] (slam_toolbox) StdoutLine: {'line': b'[ 61%] \x1b[32mBuilding CXX object CMakeFiles/SlamToolboxPlugin.dir/rviz_plugin/moc_slam_toolbox_rviz_plugin.cpp.o\x1b[0m\n'}
[47.704133] (-) TimerEvent: {}
[47.722008] (slam_toolbox) StdoutLine: {'line': b'[ 61%] Built target slam_toolbox__rosidl_typesupport_introspection_cpp\n'}
[47.804283] (-) TimerEvent: {}
[47.904707] (-) TimerEvent: {}
[48.008020] (-) TimerEvent: {}
[48.108394] (-) TimerEvent: {}
[48.208867] (-) TimerEvent: {}
[48.309468] (-) TimerEvent: {}
[48.310795] (slam_toolbox) StdoutLine: {'line': b'[ 62%] \x1b[32m\x1b[1mLinking CXX shared library libslam_toolbox__rosidl_typesupport_fastrtps_c.so\x1b[0m\n'}
[48.394240] (slam_toolbox) StdoutLine: {'line': b'[ 63%] \x1b[32m\x1b[1mLinking CXX shared library libslam_toolbox__rosidl_typesupport_fastrtps_cpp.so\x1b[0m\n'}
[48.409600] (-) TimerEvent: {}
[48.509999] (-) TimerEvent: {}
[48.548832] (slam_toolbox) StdoutLine: {'line': b'[ 63%] Built target slam_toolbox__rosidl_typesupport_fastrtps_c\n'}
[48.610120] (-) TimerEvent: {}
[48.622209] (slam_toolbox) StdoutLine: {'line': b'[ 63%] Built target slam_toolbox__rosidl_typesupport_fastrtps_cpp\n'}
[48.646783] (slam_toolbox) StdoutLine: {'line': b'[ 63%] Built target slam_toolbox\n'}
[48.670801] (slam_toolbox) StdoutLine: {'line': b'[ 63%] \x1b[34m\x1b[1mGenerating Python code for ROS interfaces\x1b[0m\n'}
[48.710227] (-) TimerEvent: {}
[48.810651] (-) TimerEvent: {}
[48.911007] (-) TimerEvent: {}
[49.011375] (-) TimerEvent: {}
[49.111803] (-) TimerEvent: {}
[49.212289] (-) TimerEvent: {}
[49.312639] (-) TimerEvent: {}
[49.413003] (-) TimerEvent: {}
[49.513354] (-) TimerEvent: {}
[49.613858] (-) TimerEvent: {}
[49.714345] (-) TimerEvent: {}
[49.814709] (-) TimerEvent: {}
[49.915041] (-) TimerEvent: {}
[50.015471] (-) TimerEvent: {}
[50.115867] (-) TimerEvent: {}
[50.216214] (-) TimerEvent: {}
[50.316592] (-) TimerEvent: {}
[50.416930] (-) TimerEvent: {}
[50.517484] (-) TimerEvent: {}
[50.559901] (slam_toolbox) StdoutLine: {'line': b'[ 63%] Built target slam_toolbox__py\n'}
[50.586038] (slam_toolbox) StdoutLine: {'line': b'[ 64%] \x1b[32mBuilding C object CMakeFiles/slam_toolbox__rosidl_generator_py.dir/rosidl_generator_py/slam_toolbox/srv/_pause_s.c.o\x1b[0m\n'}
[50.586495] (slam_toolbox) StdoutLine: {'line': b'[ 64%] \x1b[32mBuilding C object CMakeFiles/slam_toolbox__rosidl_generator_py.dir/rosidl_generator_py/slam_toolbox/srv/_save_map_s.c.o\x1b[0m\n'}
[50.589182] (slam_toolbox) StdoutLine: {'line': b'[ 65%] \x1b[32mBuilding C object CMakeFiles/slam_toolbox__rosidl_generator_py.dir/rosidl_generator_py/slam_toolbox/srv/_loop_closure_s.c.o\x1b[0m\n'}
[50.590049] (slam_toolbox) StdoutLine: {'line': b'[ 66%] \x1b[32mBuilding C object CMakeFiles/slam_toolbox__rosidl_generator_py.dir/rosidl_generator_py/slam_toolbox/srv/_add_submap_s.c.o\x1b[0m\n'}
[50.590233] (slam_toolbox) StdoutLine: {'line': b'[ 67%] \x1b[32mBuilding C object CMakeFiles/slam_toolbox__rosidl_generator_py.dir/rosidl_generator_py/slam_toolbox/srv/_merge_maps_s.c.o\x1b[0m\n'}
[50.590397] (slam_toolbox) StdoutLine: {'line': b'[ 67%] \x1b[32mBuilding C object CMakeFiles/slam_toolbox__rosidl_generator_py.dir/rosidl_generator_py/slam_toolbox/srv/_deserialize_pose_graph_s.c.o\x1b[0m\n'}
[50.590815] (slam_toolbox) StdoutLine: {'line': b'[ 69%] \x1b[32mBuilding C object CMakeFiles/slam_toolbox__rosidl_generator_py.dir/rosidl_generator_py/slam_toolbox/srv/_serialize_pose_graph_s.c.o\x1b[0m\n'}
[50.590932] (slam_toolbox) StdoutLine: {'line': b'[ 69%] \x1b[32mBuilding C object CMakeFiles/slam_toolbox__rosidl_generator_py.dir/rosidl_generator_py/slam_toolbox/srv/_toggle_interactive_s.c.o\x1b[0m\n'}
[50.592215] (slam_toolbox) StdoutLine: {'line': b'[ 69%] \x1b[32mBuilding C object CMakeFiles/slam_toolbox__rosidl_generator_py.dir/rosidl_generator_py/slam_toolbox/srv/_clear_queue_s.c.o\x1b[0m\n'}
[50.596479] (slam_toolbox) StdoutLine: {'line': b'[ 70%] \x1b[32mBuilding C object CMakeFiles/slam_toolbox__rosidl_generator_py.dir/rosidl_generator_py/slam_toolbox/srv/_clear_s.c.o\x1b[0m\n'}
[50.619987] (-) TimerEvent: {}
[50.720433] (-) TimerEvent: {}
[50.820877] (-) TimerEvent: {}
[50.864131] (slam_toolbox) StdoutLine: {'line': b'[ 71%] \x1b[32m\x1b[1mLinking C shared library rosidl_generator_py/slam_toolbox/libslam_toolbox__rosidl_generator_py.so\x1b[0m\n'}
[50.920957] (-) TimerEvent: {}
[51.021291] (-) TimerEvent: {}
[51.045866] (slam_toolbox) StdoutLine: {'line': b'[ 71%] Built target slam_toolbox__rosidl_generator_py\n'}
[51.069523] (slam_toolbox) StdoutLine: {'line': b'[ 72%] \x1b[32mBuilding C object CMakeFiles/slam_toolbox__rosidl_typesupport_fastrtps_c__pyext.dir/rosidl_generator_py/slam_toolbox/_slam_toolbox_s.ep.rosidl_typesupport_fastrtps_c.c.o\x1b[0m\n'}
[51.071763] (slam_toolbox) StdoutLine: {'line': b'[ 73%] \x1b[32mBuilding C object CMakeFiles/slam_toolbox__rosidl_typesupport_introspection_c__pyext.dir/rosidl_generator_py/slam_toolbox/_slam_toolbox_s.ep.rosidl_typesupport_introspection_c.c.o\x1b[0m\n'}
[51.073264] (slam_toolbox) StdoutLine: {'line': b'[ 74%] \x1b[32mBuilding C object CMakeFiles/slam_toolbox__rosidl_typesupport_c__pyext.dir/rosidl_generator_py/slam_toolbox/_slam_toolbox_s.ep.rosidl_typesupport_c.c.o\x1b[0m\n'}
[51.121415] (-) TimerEvent: {}
[51.221813] (-) TimerEvent: {}
[51.322194] (-) TimerEvent: {}
[51.422621] (-) TimerEvent: {}
[51.523239] (-) TimerEvent: {}
[51.552629] (slam_toolbox) StdoutLine: {'line': b'[ 75%] \x1b[32m\x1b[1mLinking C shared library rosidl_generator_py/slam_toolbox/slam_toolbox_s__rosidl_typesupport_introspection_c.cpython-310-x86_64-linux-gnu.so\x1b[0m\n'}
[51.554264] (slam_toolbox) StdoutLine: {'line': b'[ 75%] \x1b[32m\x1b[1mLinking C shared library rosidl_generator_py/slam_toolbox/slam_toolbox_s__rosidl_typesupport_fastrtps_c.cpython-310-x86_64-linux-gnu.so\x1b[0m\n'}
[51.583460] (slam_toolbox) StdoutLine: {'line': b'[ 76%] \x1b[32m\x1b[1mLinking C shared library rosidl_generator_py/slam_toolbox/slam_toolbox_s__rosidl_typesupport_c.cpython-310-x86_64-linux-gnu.so\x1b[0m\n'}
[51.623410] (-) TimerEvent: {}
[51.695521] (slam_toolbox) StdoutLine: {'line': b'[ 76%] Built target slam_toolbox__rosidl_typesupport_introspection_c__pyext\n'}
[51.697179] (slam_toolbox) StdoutLine: {'line': b'[ 76%] Built target slam_toolbox__rosidl_typesupport_fastrtps_c__pyext\n'}
[51.723683] (-) TimerEvent: {}
[51.776803] (slam_toolbox) StdoutLine: {'line': b'[ 76%] Built target slam_toolbox__rosidl_typesupport_c__pyext\n'}
[51.823796] (-) TimerEvent: {}
[51.924222] (-) TimerEvent: {}
[52.024749] (-) TimerEvent: {}
[52.125198] (-) TimerEvent: {}
[52.225622] (-) TimerEvent: {}
[52.326105] (-) TimerEvent: {}
[52.426660] (-) TimerEvent: {}
[52.527071] (-) TimerEvent: {}
[52.627448] (-) TimerEvent: {}
[52.727922] (-) TimerEvent: {}
[52.828399] (-) TimerEvent: {}
[52.928946] (-) TimerEvent: {}
[53.029334] (-) TimerEvent: {}
[53.129705] (-) TimerEvent: {}
[53.230110] (-) TimerEvent: {}
[53.330577] (-) TimerEvent: {}
[53.431024] (-) TimerEvent: {}
[53.531611] (-) TimerEvent: {}
[53.631973] (-) TimerEvent: {}
[53.732386] (-) TimerEvent: {}
[53.832847] (-) TimerEvent: {}
[53.933289] (-) TimerEvent: {}
[54.033861] (-) TimerEvent: {}
[54.134244] (-) TimerEvent: {}
[54.234603] (-) TimerEvent: {}
[54.334943] (-) TimerEvent: {}
[54.435389] (-) TimerEvent: {}
[54.535954] (-) TimerEvent: {}
[54.636414] (-) TimerEvent: {}
[54.736753] (-) TimerEvent: {}
[54.837315] (-) TimerEvent: {}
[54.937687] (-) TimerEvent: {}
[55.038207] (-) TimerEvent: {}
[55.138714] (-) TimerEvent: {}
[55.239168] (-) TimerEvent: {}
[55.339752] (-) TimerEvent: {}
[55.440441] (-) TimerEvent: {}
[55.540941] (-) TimerEvent: {}
[55.641493] (-) TimerEvent: {}
[55.741919] (-) TimerEvent: {}
[55.842338] (-) TimerEvent: {}
[55.942730] (-) TimerEvent: {}
[56.043184] (-) TimerEvent: {}
[56.143801] (-) TimerEvent: {}
[56.244352] (-) TimerEvent: {}
[56.344711] (-) TimerEvent: {}
[56.445140] (-) TimerEvent: {}
[56.545551] (-) TimerEvent: {}
[56.645947] (-) TimerEvent: {}
[56.746299] (-) TimerEvent: {}
[56.846694] (-) TimerEvent: {}
[56.947093] (-) TimerEvent: {}
[57.047536] (-) TimerEvent: {}
[57.148049] (-) TimerEvent: {}
[57.248762] (-) TimerEvent: {}
[57.349182] (-) TimerEvent: {}
[57.449545] (-) TimerEvent: {}
[57.550218] (-) TimerEvent: {}
[57.650661] (-) TimerEvent: {}
[57.751017] (-) TimerEvent: {}
[57.851392] (-) TimerEvent: {}
[57.951796] (-) TimerEvent: {}
[58.052178] (-) TimerEvent: {}
[58.152576] (-) TimerEvent: {}
[58.252931] (-) TimerEvent: {}
[58.353303] (-) TimerEvent: {}
[58.453844] (-) TimerEvent: {}
[58.554241] (-) TimerEvent: {}
[58.654822] (-) TimerEvent: {}
[58.755440] (-) TimerEvent: {}
[58.856006] (-) TimerEvent: {}
[58.956388] (-) TimerEvent: {}
[59.056761] (-) TimerEvent: {}
[59.157306] (-) TimerEvent: {}
[59.257755] (-) TimerEvent: {}
[59.358434] (-) TimerEvent: {}
[59.458823] (-) TimerEvent: {}
[59.559339] (-) TimerEvent: {}
[59.659821] (-) TimerEvent: {}
[59.760362] (-) TimerEvent: {}
[59.860814] (-) TimerEvent: {}
[59.961175] (-) TimerEvent: {}
[60.061698] (-) TimerEvent: {}
[60.162290] (-) TimerEvent: {}
[60.262762] (-) TimerEvent: {}
[60.363173] (-) TimerEvent: {}
[60.463587] (-) TimerEvent: {}
[60.564024] (-) TimerEvent: {}
[60.664438] (-) TimerEvent: {}
[60.764817] (-) TimerEvent: {}
[60.865245] (-) TimerEvent: {}
[60.965614] (-) TimerEvent: {}
[61.066130] (-) TimerEvent: {}
[61.166510] (-) TimerEvent: {}
[61.266869] (-) TimerEvent: {}
[61.367270] (-) TimerEvent: {}
[61.467680] (-) TimerEvent: {}
[61.568080] (-) TimerEvent: {}
[61.668487] (-) TimerEvent: {}
[61.769046] (-) TimerEvent: {}
[61.869414] (-) TimerEvent: {}
[61.969933] (-) TimerEvent: {}
[62.070431] (-) TimerEvent: {}
[62.170878] (-) TimerEvent: {}
[62.271319] (-) TimerEvent: {}
[62.371976] (-) TimerEvent: {}
[62.472404] (-) TimerEvent: {}
[62.572801] (-) TimerEvent: {}
[62.673221] (-) TimerEvent: {}
[62.773973] (-) TimerEvent: {}
[62.874697] (-) TimerEvent: {}
[62.975081] (-) TimerEvent: {}
[63.075578] (-) TimerEvent: {}
[63.175983] (-) TimerEvent: {}
[63.276349] (-) TimerEvent: {}
[63.376857] (-) TimerEvent: {}
[63.477336] (-) TimerEvent: {}
[63.577727] (-) TimerEvent: {}
[63.678173] (-) TimerEvent: {}
[63.778585] (-) TimerEvent: {}
[63.879112] (-) TimerEvent: {}
[63.979488] (-) TimerEvent: {}
[64.079930] (-) TimerEvent: {}
[64.180304] (-) TimerEvent: {}
[64.280705] (-) TimerEvent: {}
[64.381029] (-) TimerEvent: {}
[64.481386] (-) TimerEvent: {}
[64.581782] (-) TimerEvent: {}
[64.682159] (-) TimerEvent: {}
[64.782526] (-) TimerEvent: {}
[64.882954] (-) TimerEvent: {}
[64.983327] (-) TimerEvent: {}
[65.083921] (-) TimerEvent: {}
[65.184709] (-) TimerEvent: {}
[65.285122] (-) TimerEvent: {}
[65.385535] (-) TimerEvent: {}
[65.486029] (-) TimerEvent: {}
[65.586537] (-) TimerEvent: {}
[65.686931] (-) TimerEvent: {}
[65.787341] (-) TimerEvent: {}
[65.887816] (-) TimerEvent: {}
[65.988335] (-) TimerEvent: {}
[66.088913] (-) TimerEvent: {}
[66.189307] (-) TimerEvent: {}
[66.289767] (-) TimerEvent: {}
[66.390380] (-) TimerEvent: {}
[66.490752] (-) TimerEvent: {}
[66.591121] (-) TimerEvent: {}
[66.691509] (-) TimerEvent: {}
[66.792006] (-) TimerEvent: {}
[66.892526] (-) TimerEvent: {}
[66.992924] (-) TimerEvent: {}
[67.093388] (-) TimerEvent: {}
[67.193838] (-) TimerEvent: {}
[67.294828] (-) TimerEvent: {}
[67.395367] (-) TimerEvent: {}
[67.495750] (-) TimerEvent: {}
[67.596194] (-) TimerEvent: {}
[67.696572] (-) TimerEvent: {}
[67.796911] (-) TimerEvent: {}
[67.897303] (-) TimerEvent: {}
[67.997675] (-) TimerEvent: {}
[68.098022] (-) TimerEvent: {}
[68.198421] (-) TimerEvent: {}
[68.298796] (-) TimerEvent: {}
[68.399108] (-) TimerEvent: {}
[68.499471] (-) TimerEvent: {}
[68.599954] (-) TimerEvent: {}
[68.700318] (-) TimerEvent: {}
[68.800698] (-) TimerEvent: {}
[68.901139] (-) TimerEvent: {}
[69.001587] (-) TimerEvent: {}
[69.102060] (-) TimerEvent: {}
[69.202526] (-) TimerEvent: {}
[69.302879] (-) TimerEvent: {}
[69.403307] (-) TimerEvent: {}
[69.503654] (-) TimerEvent: {}
[69.604018] (-) TimerEvent: {}
[69.704391] (-) TimerEvent: {}
[69.804852] (-) TimerEvent: {}
[69.905223] (-) TimerEvent: {}
[70.005592] (-) TimerEvent: {}
[70.106050] (-) TimerEvent: {}
[70.206359] (-) TimerEvent: {}
[70.306805] (-) TimerEvent: {}
[70.407184] (-) TimerEvent: {}
[70.507587] (-) TimerEvent: {}
[70.608095] (-) TimerEvent: {}
[70.708435] (-) TimerEvent: {}
[70.808948] (-) TimerEvent: {}
[70.909448] (-) TimerEvent: {}
[70.998158] (slam_toolbox) StdoutLine: {'line': b'[ 77%] \x1b[32m\x1b[1mLinking CXX shared library libkartoSlamToolbox.so\x1b[0m\n'}
[71.009681] (-) TimerEvent: {}
[71.110122] (-) TimerEvent: {}
[71.210600] (-) TimerEvent: {}
[71.311040] (-) TimerEvent: {}
[71.411572] (-) TimerEvent: {}
[71.511959] (-) TimerEvent: {}
[71.527388] (slam_toolbox) StdoutLine: {'line': b'[ 77%] Built target kartoSlamToolbox\n'}
[71.550290] (slam_toolbox) StdoutLine: {'line': b'[ 78%] \x1b[32mBuilding CXX object CMakeFiles/ceres_solver_plugin.dir/solvers/ceres_solver.cpp.o\x1b[0m\n'}
[71.551037] (slam_toolbox) StdoutLine: {'line': b'[ 79%] \x1b[32mBuilding CXX object CMakeFiles/toolbox_common.dir/src/slam_toolbox_common.cpp.o\x1b[0m\n'}
[71.551667] (slam_toolbox) StdoutLine: {'line': b'[ 80%] \x1b[32mBuilding CXX object CMakeFiles/toolbox_common.dir/src/laser_utils.cpp.o\x1b[0m\n'}
[71.551984] (slam_toolbox) StdoutLine: {'line': b'[ 81%] \x1b[32mBuilding CXX object CMakeFiles/toolbox_common.dir/src/map_saver.cpp.o\x1b[0m\n'}
[71.552371] (slam_toolbox) StdoutLine: {'line': b'[ 82%] \x1b[32mBuilding CXX object CMakeFiles/toolbox_common.dir/src/slam_mapper.cpp.o\x1b[0m\n'}
[71.555305] (slam_toolbox) StdoutLine: {'line': b'[ 82%] \x1b[32mBuilding CXX object CMakeFiles/toolbox_common.dir/src/loop_closure_assistant.cpp.o\x1b[0m\n'}
[71.612093] (-) TimerEvent: {}
[71.712592] (-) TimerEvent: {}
[71.813088] (-) TimerEvent: {}
[71.913586] (-) TimerEvent: {}
[72.014203] (-) TimerEvent: {}
[72.114750] (-) TimerEvent: {}
[72.215192] (-) TimerEvent: {}
[72.315681] (-) TimerEvent: {}
[72.416232] (-) TimerEvent: {}
[72.516645] (-) TimerEvent: {}
[72.617184] (-) TimerEvent: {}
[72.717754] (-) TimerEvent: {}
[72.818318] (-) TimerEvent: {}
[72.918724] (-) TimerEvent: {}
[73.019178] (-) TimerEvent: {}
[73.119802] (-) TimerEvent: {}
[73.220475] (-) TimerEvent: {}
[73.320977] (-) TimerEvent: {}
[73.421400] (-) TimerEvent: {}
[73.521763] (-) TimerEvent: {}
[73.622394] (-) TimerEvent: {}
[73.722974] (-) TimerEvent: {}
[73.823424] (-) TimerEvent: {}
[73.924010] (-) TimerEvent: {}
[74.024617] (-) TimerEvent: {}
[74.125173] (-) TimerEvent: {}
[74.225774] (-) TimerEvent: {}
[74.326325] (-) TimerEvent: {}
[74.426805] (-) TimerEvent: {}
[74.527294] (-) TimerEvent: {}
[74.627800] (-) TimerEvent: {}
[74.728194] (-) TimerEvent: {}
[74.828616] (-) TimerEvent: {}
[74.929162] (-) TimerEvent: {}
[75.029547] (-) TimerEvent: {}
[75.130005] (-) TimerEvent: {}
[75.230360] (-) TimerEvent: {}
[75.330788] (-) TimerEvent: {}
[75.431422] (-) TimerEvent: {}
[75.531810] (-) TimerEvent: {}
[75.632323] (-) TimerEvent: {}
[75.732709] (-) TimerEvent: {}
[75.833171] (-) TimerEvent: {}
[75.933668] (-) TimerEvent: {}
[76.034035] (-) TimerEvent: {}
[76.134592] (-) TimerEvent: {}
[76.235392] (-) TimerEvent: {}
[76.336162] (-) TimerEvent: {}
[76.371859] (slam_toolbox) StdoutLine: {'line': b'[ 82%] \x1b[32m\x1b[1mLinking CXX shared library libSlamToolboxPlugin.so\x1b[0m\n'}
[76.436344] (-) TimerEvent: {}
[76.536953] (-) TimerEvent: {}
[76.637618] (-) TimerEvent: {}
[76.738303] (-) TimerEvent: {}
[76.838834] (-) TimerEvent: {}
[76.939403] (-) TimerEvent: {}
[77.039840] (-) TimerEvent: {}
[77.140398] (-) TimerEvent: {}
[77.241009] (-) TimerEvent: {}
[77.341680] (-) TimerEvent: {}
[77.442619] (-) TimerEvent: {}
[77.543299] (-) TimerEvent: {}
[77.644103] (-) TimerEvent: {}
[77.744703] (-) TimerEvent: {}
[77.845292] (-) TimerEvent: {}
[77.945762] (-) TimerEvent: {}
[78.046259] (-) TimerEvent: {}
[78.051182] (slam_toolbox) StdoutLine: {'line': b'[ 82%] Built target SlamToolboxPlugin\n'}
[78.146457] (-) TimerEvent: {}
[78.247027] (-) TimerEvent: {}
[78.347663] (-) TimerEvent: {}
[78.448152] (-) TimerEvent: {}
[78.548852] (-) TimerEvent: {}
[78.649320] (-) TimerEvent: {}
[78.749736] (-) TimerEvent: {}
[78.850187] (-) TimerEvent: {}
[78.950689] (-) TimerEvent: {}
[79.051162] (-) TimerEvent: {}
[79.151722] (-) TimerEvent: {}
[79.252265] (-) TimerEvent: {}
[79.352767] (-) TimerEvent: {}
[79.453225] (-) TimerEvent: {}
[79.553668] (-) TimerEvent: {}
[79.654141] (-) TimerEvent: {}
[79.754555] (-) TimerEvent: {}
[79.855193] (-) TimerEvent: {}
[79.955720] (-) TimerEvent: {}
[80.056324] (-) TimerEvent: {}
[80.156880] (-) TimerEvent: {}
[80.257357] (-) TimerEvent: {}
[80.357825] (-) TimerEvent: {}
[80.458227] (-) TimerEvent: {}
[80.558707] (-) TimerEvent: {}
[80.659293] (-) TimerEvent: {}
[80.759929] (-) TimerEvent: {}
[80.860463] (-) TimerEvent: {}
[80.960931] (-) TimerEvent: {}
[81.061700] (-) TimerEvent: {}
[81.162394] (-) TimerEvent: {}
[81.262840] (-) TimerEvent: {}
[81.363309] (-) TimerEvent: {}
[81.464048] (-) TimerEvent: {}
[81.564620] (-) TimerEvent: {}
[81.665303] (-) TimerEvent: {}
[81.765955] (-) TimerEvent: {}
[81.866572] (-) TimerEvent: {}
[81.967091] (-) TimerEvent: {}
[82.067681] (-) TimerEvent: {}
[82.168708] (-) TimerEvent: {}
[82.269647] (-) TimerEvent: {}
[82.370455] (-) TimerEvent: {}
[82.471176] (-) TimerEvent: {}
[82.571676] (-) TimerEvent: {}
[82.672205] (-) TimerEvent: {}
[82.772754] (-) TimerEvent: {}
[82.873298] (-) TimerEvent: {}
[82.973821] (-) TimerEvent: {}
[83.074449] (-) TimerEvent: {}
[83.174975] (-) TimerEvent: {}
[83.275714] (-) TimerEvent: {}
[83.376497] (-) TimerEvent: {}
[83.476955] (-) TimerEvent: {}
[83.577390] (-) TimerEvent: {}
[83.677879] (-) TimerEvent: {}
[83.778336] (-) TimerEvent: {}
[83.878847] (-) TimerEvent: {}
[83.979403] (-) TimerEvent: {}
[84.079982] (-) TimerEvent: {}
[84.180605] (-) TimerEvent: {}
[84.281076] (-) TimerEvent: {}
[84.381624] (-) TimerEvent: {}
[84.482110] (-) TimerEvent: {}
[84.582587] (-) TimerEvent: {}
[84.683012] (-) TimerEvent: {}
[84.783522] (-) TimerEvent: {}
[84.884040] (-) TimerEvent: {}
[84.984696] (-) TimerEvent: {}
[85.085238] (-) TimerEvent: {}
[85.185747] (-) TimerEvent: {}
[85.286323] (-) TimerEvent: {}
[85.387123] (-) TimerEvent: {}
[85.488401] (-) TimerEvent: {}
[85.588958] (-) TimerEvent: {}
[85.689443] (-) TimerEvent: {}
[85.790064] (-) TimerEvent: {}
[85.890433] (-) TimerEvent: {}
[85.990856] (-) TimerEvent: {}
[86.091391] (-) TimerEvent: {}
[86.191799] (-) TimerEvent: {}
[86.292301] (-) TimerEvent: {}
[86.392673] (-) TimerEvent: {}
[86.493081] (-) TimerEvent: {}
[86.593549] (-) TimerEvent: {}
[86.693972] (-) TimerEvent: {}
[86.794338] (-) TimerEvent: {}
[86.894675] (-) TimerEvent: {}
[86.995152] (-) TimerEvent: {}
[87.095500] (-) TimerEvent: {}
[87.196029] (-) TimerEvent: {}
[87.296644] (-) TimerEvent: {}
[87.397170] (-) TimerEvent: {}
[87.497551] (-) TimerEvent: {}
[87.598080] (-) TimerEvent: {}
[87.698541] (-) TimerEvent: {}
[87.799009] (-) TimerEvent: {}
[87.899650] (-) TimerEvent: {}
[88.000358] (-) TimerEvent: {}
[88.101025] (-) TimerEvent: {}
[88.201474] (-) TimerEvent: {}
[88.301970] (-) TimerEvent: {}
[88.402499] (-) TimerEvent: {}
[88.502869] (-) TimerEvent: {}
[88.603255] (-) TimerEvent: {}
[88.703792] (-) TimerEvent: {}
[88.804404] (-) TimerEvent: {}
[88.904929] (-) TimerEvent: {}
[89.005382] (-) TimerEvent: {}
[89.105756] (-) TimerEvent: {}
[89.206077] (-) TimerEvent: {}
[89.306450] (-) TimerEvent: {}
[89.406815] (-) TimerEvent: {}
[89.507160] (-) TimerEvent: {}
[89.607756] (-) TimerEvent: {}
[89.708143] (-) TimerEvent: {}
[89.808553] (-) TimerEvent: {}
[89.908898] (-) TimerEvent: {}
[90.009347] (-) TimerEvent: {}
[90.109847] (-) TimerEvent: {}
[90.210242] (-) TimerEvent: {}
[90.310581] (-) TimerEvent: {}
[90.410950] (-) TimerEvent: {}
[90.511456] (-) TimerEvent: {}
[90.612120] (-) TimerEvent: {}
[90.712514] (-) TimerEvent: {}
[90.812867] (-) TimerEvent: {}
[90.913317] (-) TimerEvent: {}
[91.013684] (-) TimerEvent: {}
[91.114048] (-) TimerEvent: {}
[91.214440] (-) TimerEvent: {}
[91.314775] (-) TimerEvent: {}
[91.415233] (-) TimerEvent: {}
[91.515677] (-) TimerEvent: {}
[91.616136] (-) TimerEvent: {}
[91.716578] (-) TimerEvent: {}
[91.817053] (-) TimerEvent: {}
[91.917440] (-) TimerEvent: {}
[92.017842] (-) TimerEvent: {}
[92.118305] (-) TimerEvent: {}
[92.218703] (-) TimerEvent: {}
[92.319058] (-) TimerEvent: {}
[92.419544] (-) TimerEvent: {}
[92.519995] (-) TimerEvent: {}
[92.620547] (-) TimerEvent: {}
[92.720920] (-) TimerEvent: {}
[92.821372] (-) TimerEvent: {}
[92.921921] (-) TimerEvent: {}
[93.022288] (-) TimerEvent: {}
[93.122664] (-) TimerEvent: {}
[93.223054] (-) TimerEvent: {}
[93.323425] (-) TimerEvent: {}
[93.423982] (-) TimerEvent: {}
[93.524321] (-) TimerEvent: {}
[93.624734] (-) TimerEvent: {}
[93.725252] (-) TimerEvent: {}
[93.825621] (-) TimerEvent: {}
[93.926003] (-) TimerEvent: {}
[94.026383] (-) TimerEvent: {}
[94.065043] (slam_toolbox) StdoutLine: {'line': b'[ 83%] \x1b[32m\x1b[1mLinking CXX shared library libceres_solver_plugin.so\x1b[0m\n'}
[94.126534] (-) TimerEvent: {}
[94.227063] (-) TimerEvent: {}
[94.327457] (-) TimerEvent: {}
[94.427848] (-) TimerEvent: {}
[94.528311] (-) TimerEvent: {}
[94.628708] (-) TimerEvent: {}
[94.729073] (-) TimerEvent: {}
[94.733164] (slam_toolbox) StdoutLine: {'line': b'[ 83%] Built target ceres_solver_plugin\n'}
[94.829236] (-) TimerEvent: {}
[94.929626] (-) TimerEvent: {}
[95.029963] (-) TimerEvent: {}
[95.130526] (-) TimerEvent: {}
[95.231112] (-) TimerEvent: {}
[95.331556] (-) TimerEvent: {}
[95.432209] (-) TimerEvent: {}
[95.532607] (-) TimerEvent: {}
[95.633274] (-) TimerEvent: {}
[95.733739] (-) TimerEvent: {}
[95.834107] (-) TimerEvent: {}
[95.934462] (-) TimerEvent: {}
[96.034817] (-) TimerEvent: {}
[96.135179] (-) TimerEvent: {}
[96.235550] (-) TimerEvent: {}
[96.335938] (-) TimerEvent: {}
[96.436369] (-) TimerEvent: {}
[96.536709] (-) TimerEvent: {}
[96.637100] (-) TimerEvent: {}
[96.737510] (-) TimerEvent: {}
[96.837880] (-) TimerEvent: {}
[96.938281] (-) TimerEvent: {}
[97.038671] (-) TimerEvent: {}
[97.139050] (-) TimerEvent: {}
[97.239356] (-) TimerEvent: {}
[97.339683] (-) TimerEvent: {}
[97.440096] (-) TimerEvent: {}
[97.540559] (-) TimerEvent: {}
[97.640931] (-) TimerEvent: {}
[97.741336] (-) TimerEvent: {}
[97.841801] (-) TimerEvent: {}
[97.942241] (-) TimerEvent: {}
[98.042606] (-) TimerEvent: {}
[98.143047] (-) TimerEvent: {}
[98.243507] (-) TimerEvent: {}
[98.343942] (-) TimerEvent: {}
[98.444333] (-) TimerEvent: {}
[98.544773] (-) TimerEvent: {}
[98.645183] (-) TimerEvent: {}
[98.745563] (-) TimerEvent: {}
[98.845939] (-) TimerEvent: {}
[98.946397] (-) TimerEvent: {}
[99.046905] (-) TimerEvent: {}
[99.147337] (-) TimerEvent: {}
[99.247785] (-) TimerEvent: {}
[99.348215] (-) TimerEvent: {}
[99.448615] (-) TimerEvent: {}
[99.548991] (-) TimerEvent: {}
[99.649931] (-) TimerEvent: {}
[99.750320] (-) TimerEvent: {}
[99.850698] (-) TimerEvent: {}
[99.951053] (-) TimerEvent: {}
[100.051573] (-) TimerEvent: {}
[100.152017] (-) TimerEvent: {}
[100.252421] (-) TimerEvent: {}
[100.352809] (-) TimerEvent: {}
[100.453333] (-) TimerEvent: {}
[100.553724] (-) TimerEvent: {}
[100.654179] (-) TimerEvent: {}
[100.754654] (-) TimerEvent: {}
[100.854997] (-) TimerEvent: {}
[100.955330] (-) TimerEvent: {}
[101.055682] (-) TimerEvent: {}
[101.156063] (-) TimerEvent: {}
[101.256464] (-) TimerEvent: {}
[101.356843] (-) TimerEvent: {}
[101.457198] (-) TimerEvent: {}
[101.557555] (-) TimerEvent: {}
[101.657913] (-) TimerEvent: {}
[101.758322] (-) TimerEvent: {}
[101.858680] (-) TimerEvent: {}
[101.959036] (-) TimerEvent: {}
[102.059376] (-) TimerEvent: {}
[102.159727] (-) TimerEvent: {}
[102.260116] (-) TimerEvent: {}
[102.360521] (-) TimerEvent: {}
[102.461014] (-) TimerEvent: {}
[102.561391] (-) TimerEvent: {}
[102.661832] (-) TimerEvent: {}
[102.762184] (-) TimerEvent: {}
[102.862501] (-) TimerEvent: {}
[102.962930] (-) TimerEvent: {}
[103.063312] (-) TimerEvent: {}
[103.163671] (-) TimerEvent: {}
[103.264056] (-) TimerEvent: {}
[103.364604] (-) TimerEvent: {}
[103.464965] (-) TimerEvent: {}
[103.565338] (-) TimerEvent: {}
[103.665847] (-) TimerEvent: {}
[103.766192] (-) TimerEvent: {}
[103.866582] (-) TimerEvent: {}
[103.967042] (-) TimerEvent: {}
[104.067575] (-) TimerEvent: {}
[104.167965] (-) TimerEvent: {}
[104.268293] (-) TimerEvent: {}
[104.368659] (-) TimerEvent: {}
[104.469035] (-) TimerEvent: {}
[104.569381] (-) TimerEvent: {}
[104.669802] (-) TimerEvent: {}
[104.770184] (-) TimerEvent: {}
[104.870568] (-) TimerEvent: {}
[104.970978] (-) TimerEvent: {}
[105.071363] (-) TimerEvent: {}
[105.171794] (-) TimerEvent: {}
[105.272321] (-) TimerEvent: {}
[105.372825] (-) TimerEvent: {}
[105.473187] (-) TimerEvent: {}
[105.573900] (-) TimerEvent: {}
[105.674239] (-) TimerEvent: {}
[105.774653] (-) TimerEvent: {}
[105.875024] (-) TimerEvent: {}
[105.975376] (-) TimerEvent: {}
[106.075740] (-) TimerEvent: {}
[106.176127] (-) TimerEvent: {}
[106.276479] (-) TimerEvent: {}
[106.376824] (-) TimerEvent: {}
[106.477174] (-) TimerEvent: {}
[106.577525] (-) TimerEvent: {}
[106.677927] (-) TimerEvent: {}
[106.778325] (-) TimerEvent: {}
[106.878794] (-) TimerEvent: {}
[106.979278] (-) TimerEvent: {}
[107.079671] (-) TimerEvent: {}
[107.180128] (-) TimerEvent: {}
[107.280514] (-) TimerEvent: {}
[107.380948] (-) TimerEvent: {}
[107.481327] (-) TimerEvent: {}
[107.581680] (-) TimerEvent: {}
[107.682026] (-) TimerEvent: {}
[107.782375] (-) TimerEvent: {}
[107.882832] (-) TimerEvent: {}
[107.983229] (-) TimerEvent: {}
[108.083604] (-) TimerEvent: {}
[108.184005] (-) TimerEvent: {}
[108.284359] (-) TimerEvent: {}
[108.384710] (-) TimerEvent: {}
[108.485130] (-) TimerEvent: {}
[108.585561] (-) TimerEvent: {}
[108.685985] (-) TimerEvent: {}
[108.786376] (-) TimerEvent: {}
[108.886739] (-) TimerEvent: {}
[108.987166] (-) TimerEvent: {}
[109.087599] (-) TimerEvent: {}
[109.187986] (-) TimerEvent: {}
[109.288336] (-) TimerEvent: {}
[109.388739] (-) TimerEvent: {}
[109.489177] (-) TimerEvent: {}
[109.589610] (-) TimerEvent: {}
[109.690062] (-) TimerEvent: {}
[109.790550] (-) TimerEvent: {}
[109.890922] (-) TimerEvent: {}
[109.991275] (-) TimerEvent: {}
[110.091643] (-) TimerEvent: {}
[110.192033] (-) TimerEvent: {}
[110.292462] (-) TimerEvent: {}
[110.392941] (-) TimerEvent: {}
[110.493346] (-) TimerEvent: {}
[110.593759] (-) TimerEvent: {}
[110.694217] (-) TimerEvent: {}
[110.794576] (-) TimerEvent: {}
[110.894990] (-) TimerEvent: {}
[110.995375] (-) TimerEvent: {}
[111.096001] (-) TimerEvent: {}
[111.196530] (-) TimerEvent: {}
[111.297087] (-) TimerEvent: {}
[111.397469] (-) TimerEvent: {}
[111.497850] (-) TimerEvent: {}
[111.598237] (-) TimerEvent: {}
[111.698736] (-) TimerEvent: {}
[111.799150] (-) TimerEvent: {}
[111.899651] (-) TimerEvent: {}
[112.000093] (-) TimerEvent: {}
[112.100495] (-) TimerEvent: {}
[112.200914] (-) TimerEvent: {}
[112.301367] (-) TimerEvent: {}
[112.401832] (-) TimerEvent: {}
[112.502204] (-) TimerEvent: {}
[112.602720] (-) TimerEvent: {}
[112.703105] (-) TimerEvent: {}
[112.803525] (-) TimerEvent: {}
[112.903992] (-) TimerEvent: {}
[113.004408] (-) TimerEvent: {}
[113.104751] (-) TimerEvent: {}
[113.205135] (-) TimerEvent: {}
[113.305598] (-) TimerEvent: {}
[113.406023] (-) TimerEvent: {}
[113.506418] (-) TimerEvent: {}
[113.606960] (-) TimerEvent: {}
[113.707412] (-) TimerEvent: {}
[113.807761] (-) TimerEvent: {}
[113.908115] (-) TimerEvent: {}
[114.008463] (-) TimerEvent: {}
[114.108808] (-) TimerEvent: {}
[114.209137] (-) TimerEvent: {}
[114.309475] (-) TimerEvent: {}
[114.409769] (-) TimerEvent: {}
[114.510111] (-) TimerEvent: {}
[114.610536] (-) TimerEvent: {}
[114.710891] (-) TimerEvent: {}
[114.811314] (-) TimerEvent: {}
[114.911801] (-) TimerEvent: {}
[115.012183] (-) TimerEvent: {}
[115.112538] (-) TimerEvent: {}
[115.215649] (-) TimerEvent: {}
[115.316187] (-) TimerEvent: {}
[115.416675] (-) TimerEvent: {}
[115.517003] (-) TimerEvent: {}
[115.617472] (-) TimerEvent: {}
[115.717898] (-) TimerEvent: {}
[115.818308] (-) TimerEvent: {}
[115.918692] (-) TimerEvent: {}
[116.019122] (-) TimerEvent: {}
[116.119531] (-) TimerEvent: {}
[116.220074] (-) TimerEvent: {}
[116.320409] (-) TimerEvent: {}
[116.420696] (-) TimerEvent: {}
[116.521011] (-) TimerEvent: {}
[116.593753] (slam_toolbox) StdoutLine: {'line': b'[ 84%] \x1b[32m\x1b[1mLinking CXX shared library libtoolbox_common.so\x1b[0m\n'}
[116.621126] (-) TimerEvent: {}
[116.721653] (-) TimerEvent: {}
[116.821992] (-) TimerEvent: {}
[116.922326] (-) TimerEvent: {}
[117.022802] (-) TimerEvent: {}
[117.123317] (-) TimerEvent: {}
[117.223650] (-) TimerEvent: {}
[117.324086] (-) TimerEvent: {}
[117.424413] (-) TimerEvent: {}
[117.524880] (-) TimerEvent: {}
[117.625261] (-) TimerEvent: {}
[117.625855] (slam_toolbox) StdoutLine: {'line': b'[ 84%] Built target toolbox_common\n'}
[117.651418] (slam_toolbox) StdoutLine: {'line': b'[ 85%] \x1b[32mBuilding CXX object CMakeFiles/localization_slam_toolbox.dir/src/slam_toolbox_localization.cpp.o\x1b[0m\n'}
[117.651698] (slam_toolbox) StdoutLine: {'line': b'[ 85%] \x1b[32mBuilding CXX object CMakeFiles/sync_slam_toolbox.dir/src/slam_toolbox_sync.cpp.o\x1b[0m\n'}
[117.652057] (slam_toolbox) StdoutLine: {'line': b'[ 86%] \x1b[32mBuilding CXX object CMakeFiles/async_slam_toolbox.dir/src/slam_toolbox_async.cpp.o\x1b[0m\n'}
[117.653143] (slam_toolbox) StdoutLine: {'line': b'[ 87%] \x1b[32mBuilding CXX object CMakeFiles/lifelong_slam_toolbox.dir/src/experimental/slam_toolbox_lifelong.cpp.o\x1b[0m\n'}
[117.654189] (slam_toolbox) StdoutLine: {'line': b'[ 88%] \x1b[32mBuilding CXX object CMakeFiles/merge_maps_kinematic.dir/src/merge_maps_kinematic.cpp.o\x1b[0m\n'}
[117.725475] (-) TimerEvent: {}
[117.825868] (-) TimerEvent: {}
[117.926259] (-) TimerEvent: {}
[118.026652] (-) TimerEvent: {}
[118.127083] (-) TimerEvent: {}
[118.227452] (-) TimerEvent: {}
[118.327796] (-) TimerEvent: {}
[118.428162] (-) TimerEvent: {}
[118.528518] (-) TimerEvent: {}
[118.628906] (-) TimerEvent: {}
[118.729261] (-) TimerEvent: {}
[118.829606] (-) TimerEvent: {}
[118.930000] (-) TimerEvent: {}
[119.030503] (-) TimerEvent: {}
[119.131126] (-) TimerEvent: {}
[119.231812] (-) TimerEvent: {}
[119.332218] (-) TimerEvent: {}
[119.432576] (-) TimerEvent: {}
[119.532946] (-) TimerEvent: {}
[119.633370] (-) TimerEvent: {}
[119.733761] (-) TimerEvent: {}
[119.834285] (-) TimerEvent: {}
[119.934667] (-) TimerEvent: {}
[120.035054] (-) TimerEvent: {}
[120.135422] (-) TimerEvent: {}
[120.235899] (-) TimerEvent: {}
[120.336326] (-) TimerEvent: {}
[120.436776] (-) TimerEvent: {}
[120.537106] (-) TimerEvent: {}
[120.637456] (-) TimerEvent: {}
[120.737924] (-) TimerEvent: {}
[120.838415] (-) TimerEvent: {}
[120.938829] (-) TimerEvent: {}
[121.039251] (-) TimerEvent: {}
[121.139694] (-) TimerEvent: {}
[121.240181] (-) TimerEvent: {}
[121.340728] (-) TimerEvent: {}
[121.441131] (-) TimerEvent: {}
[121.541516] (-) TimerEvent: {}
[121.641965] (-) TimerEvent: {}
[121.742416] (-) TimerEvent: {}
[121.842862] (-) TimerEvent: {}
[121.943635] (-) TimerEvent: {}
[122.044150] (-) TimerEvent: {}
[122.144655] (-) TimerEvent: {}
[122.245225] (-) TimerEvent: {}
[122.345793] (-) TimerEvent: {}
[122.446242] (-) TimerEvent: {}
[122.546719] (-) TimerEvent: {}
[122.647101] (-) TimerEvent: {}
[122.747562] (-) TimerEvent: {}
[122.848161] (-) TimerEvent: {}
[122.948945] (-) TimerEvent: {}
[123.049785] (-) TimerEvent: {}
[123.150393] (-) TimerEvent: {}
[123.250873] (-) TimerEvent: {}
[123.351405] (-) TimerEvent: {}
[123.452220] (-) TimerEvent: {}
[123.552980] (-) TimerEvent: {}
[123.653574] (-) TimerEvent: {}
[123.754135] (-) TimerEvent: {}
[123.854658] (-) TimerEvent: {}
[123.955147] (-) TimerEvent: {}
[124.055719] (-) TimerEvent: {}
[124.156382] (-) TimerEvent: {}
[124.256949] (-) TimerEvent: {}
[124.357421] (-) TimerEvent: {}
[124.457949] (-) TimerEvent: {}
[124.558503] (-) TimerEvent: {}
[124.658882] (-) TimerEvent: {}
[124.759401] (-) TimerEvent: {}
[124.859835] (-) TimerEvent: {}
[124.960427] (-) TimerEvent: {}
[125.060978] (-) TimerEvent: {}
[125.161418] (-) TimerEvent: {}
[125.261910] (-) TimerEvent: {}
[125.362337] (-) TimerEvent: {}
[125.462797] (-) TimerEvent: {}
[125.563273] (-) TimerEvent: {}
[125.663727] (-) TimerEvent: {}
[125.764216] (-) TimerEvent: {}
[125.864725] (-) TimerEvent: {}
[125.965122] (-) TimerEvent: {}
[126.065621] (-) TimerEvent: {}
[126.166005] (-) TimerEvent: {}
[126.266387] (-) TimerEvent: {}
[126.366783] (-) TimerEvent: {}
[126.467168] (-) TimerEvent: {}
[126.567571] (-) TimerEvent: {}
[126.668309] (-) TimerEvent: {}
[126.768757] (-) TimerEvent: {}
[126.869226] (-) TimerEvent: {}
[126.969646] (-) TimerEvent: {}
[127.070199] (-) TimerEvent: {}
[127.170595] (-) TimerEvent: {}
[127.270981] (-) TimerEvent: {}
[127.371466] (-) TimerEvent: {}
[127.471953] (-) TimerEvent: {}
[127.572400] (-) TimerEvent: {}
[127.672907] (-) TimerEvent: {}
[127.773580] (-) TimerEvent: {}
[127.874343] (-) TimerEvent: {}
[127.974894] (-) TimerEvent: {}
[128.075422] (-) TimerEvent: {}
[128.176140] (-) TimerEvent: {}
[128.276620] (-) TimerEvent: {}
[128.377091] (-) TimerEvent: {}
[128.477544] (-) TimerEvent: {}
[128.578073] (-) TimerEvent: {}
[128.678867] (-) TimerEvent: {}
[128.779389] (-) TimerEvent: {}
[128.879837] (-) TimerEvent: {}
[128.980433] (-) TimerEvent: {}
[129.081039] (-) TimerEvent: {}
[129.181533] (-) TimerEvent: {}
[129.282030] (-) TimerEvent: {}
[129.382593] (-) TimerEvent: {}
[129.483083] (-) TimerEvent: {}
[129.583607] (-) TimerEvent: {}
[129.683997] (-) TimerEvent: {}
[129.784422] (-) TimerEvent: {}
[129.884882] (-) TimerEvent: {}
[129.985518] (-) TimerEvent: {}
[130.086078] (-) TimerEvent: {}
[130.186565] (-) TimerEvent: {}
[130.287107] (-) TimerEvent: {}
[130.387490] (-) TimerEvent: {}
[130.487935] (-) TimerEvent: {}
[130.588423] (-) TimerEvent: {}
[130.689013] (-) TimerEvent: {}
[130.789607] (-) TimerEvent: {}
[130.890102] (-) TimerEvent: {}
[130.990767] (-) TimerEvent: {}
[131.091160] (-) TimerEvent: {}
[131.191538] (-) TimerEvent: {}
[131.291947] (-) TimerEvent: {}
[131.392320] (-) TimerEvent: {}
[131.492691] (-) TimerEvent: {}
[131.593197] (-) TimerEvent: {}
[131.693784] (-) TimerEvent: {}
[131.794120] (-) TimerEvent: {}
[131.894483] (-) TimerEvent: {}
[131.994964] (-) TimerEvent: {}
[132.095357] (-) TimerEvent: {}
[132.195772] (-) TimerEvent: {}
[132.296191] (-) TimerEvent: {}
[132.396550] (-) TimerEvent: {}
[132.496910] (-) TimerEvent: {}
[132.597380] (-) TimerEvent: {}
[132.698002] (-) TimerEvent: {}
[132.798525] (-) TimerEvent: {}
[132.898886] (-) TimerEvent: {}
[132.999262] (-) TimerEvent: {}
[133.099779] (-) TimerEvent: {}
[133.200121] (-) TimerEvent: {}
[133.300466] (-) TimerEvent: {}
[133.400824] (-) TimerEvent: {}
[133.501310] (-) TimerEvent: {}
[133.601700] (-) TimerEvent: {}
[133.702066] (-) TimerEvent: {}
[133.802409] (-) TimerEvent: {}
[133.902752] (-) TimerEvent: {}
[134.003135] (-) TimerEvent: {}
[134.103522] (-) TimerEvent: {}
[134.203951] (-) TimerEvent: {}
[134.304296] (-) TimerEvent: {}
[134.404606] (-) TimerEvent: {}
[134.504983] (-) TimerEvent: {}
[134.605425] (-) TimerEvent: {}
[134.705906] (-) TimerEvent: {}
[134.806297] (-) TimerEvent: {}
[134.906664] (-) TimerEvent: {}
[135.007054] (-) TimerEvent: {}
[135.107443] (-) TimerEvent: {}
[135.207976] (-) TimerEvent: {}
[135.308430] (-) TimerEvent: {}
[135.408826] (-) TimerEvent: {}
[135.509401] (-) TimerEvent: {}
[135.609813] (-) TimerEvent: {}
[135.646718] (slam_toolbox) StdoutLine: {'line': b'[ 89%] \x1b[32m\x1b[1mLinking CXX shared library libasync_slam_toolbox.so\x1b[0m\n'}
[135.709892] (-) TimerEvent: {}
[135.810276] (-) TimerEvent: {}
[135.910695] (-) TimerEvent: {}
[136.011084] (-) TimerEvent: {}
[136.111450] (-) TimerEvent: {}
[136.211854] (-) TimerEvent: {}
[136.312321] (-) TimerEvent: {}
[136.412708] (-) TimerEvent: {}
[136.419738] (slam_toolbox) StdoutLine: {'line': b'[ 89%] Built target async_slam_toolbox\n'}
[136.449975] (slam_toolbox) StdoutLine: {'line': b'[ 90%] \x1b[32mBuilding CXX object CMakeFiles/async_slam_toolbox_node.dir/src/slam_toolbox_async_node.cpp.o\x1b[0m\n'}
[136.492902] (slam_toolbox) StdoutLine: {'line': b'[ 90%] \x1b[32m\x1b[1mLinking CXX shared library liblifelong_slam_toolbox.so\x1b[0m\n'}
[136.512851] (-) TimerEvent: {}
[136.613200] (-) TimerEvent: {}
[136.713687] (-) TimerEvent: {}
[136.814300] (-) TimerEvent: {}
[136.914787] (-) TimerEvent: {}
[137.015154] (-) TimerEvent: {}
[137.115518] (-) TimerEvent: {}
[137.204834] (slam_toolbox) StdoutLine: {'line': b'[ 90%] Built target lifelong_slam_toolbox\n'}
[137.215834] (-) TimerEvent: {}
[137.233576] (slam_toolbox) StdoutLine: {'line': b'[ 91%] \x1b[32mBuilding CXX object CMakeFiles/lifelong_slam_toolbox_node.dir/src/experimental/slam_toolbox_lifelong_node.cpp.o\x1b[0m\n'}
[137.316014] (-) TimerEvent: {}
[137.416475] (-) TimerEvent: {}
[137.516932] (-) TimerEvent: {}
[137.617639] (-) TimerEvent: {}
[137.718214] (-) TimerEvent: {}
[137.755787] (slam_toolbox) StdoutLine: {'line': b'[ 92%] \x1b[32m\x1b[1mLinking CXX shared library libsync_slam_toolbox.so\x1b[0m\n'}
[137.818424] (-) TimerEvent: {}
[137.919183] (-) TimerEvent: {}
[138.019621] (-) TimerEvent: {}
[138.120029] (-) TimerEvent: {}
[138.220432] (-) TimerEvent: {}
[138.320934] (-) TimerEvent: {}
[138.421380] (-) TimerEvent: {}
[138.521781] (-) TimerEvent: {}
[138.612743] (slam_toolbox) StdoutLine: {'line': b'[ 92%] Built target sync_slam_toolbox\n'}
[138.621987] (-) TimerEvent: {}
[138.642952] (slam_toolbox) StdoutLine: {'line': b'[ 93%] \x1b[32mBuilding CXX object CMakeFiles/sync_slam_toolbox_node.dir/src/slam_toolbox_sync_node.cpp.o\x1b[0m\n'}
[138.722201] (-) TimerEvent: {}
[138.822800] (-) TimerEvent: {}
[138.923375] (-) TimerEvent: {}
[139.023763] (-) TimerEvent: {}
[139.124163] (-) TimerEvent: {}
[139.224590] (-) TimerEvent: {}
[139.324959] (-) TimerEvent: {}
[139.425326] (-) TimerEvent: {}
[139.525870] (-) TimerEvent: {}
[139.626439] (-) TimerEvent: {}
[139.727038] (-) TimerEvent: {}
[139.827404] (-) TimerEvent: {}
[139.927802] (-) TimerEvent: {}
[140.028695] (-) TimerEvent: {}
[140.129272] (-) TimerEvent: {}
[140.229739] (-) TimerEvent: {}
[140.330497] (-) TimerEvent: {}
[140.431132] (-) TimerEvent: {}
[140.531639] (-) TimerEvent: {}
[140.632072] (-) TimerEvent: {}
[140.732426] (-) TimerEvent: {}
[140.832838] (-) TimerEvent: {}
[140.933237] (-) TimerEvent: {}
[141.033687] (-) TimerEvent: {}
[141.134213] (-) TimerEvent: {}
[141.234624] (-) TimerEvent: {}
[141.335090] (-) TimerEvent: {}
[141.435741] (-) TimerEvent: {}
[141.536234] (-) TimerEvent: {}
[141.636613] (-) TimerEvent: {}
[141.736978] (-) TimerEvent: {}
[141.837280] (-) TimerEvent: {}
[141.937636] (-) TimerEvent: {}
[142.029080] (slam_toolbox) StdoutLine: {'line': b'[ 94%] \x1b[32m\x1b[1mLinking CXX executable merge_maps_kinematic\x1b[0m\n'}
[142.037880] (-) TimerEvent: {}
[142.138385] (-) TimerEvent: {}
[142.238841] (-) TimerEvent: {}
[142.339336] (-) TimerEvent: {}
[142.439834] (-) TimerEvent: {}
[142.540309] (-) TimerEvent: {}
[142.640695] (-) TimerEvent: {}
[142.741115] (-) TimerEvent: {}
[142.782312] (slam_toolbox) StdoutLine: {'line': b'[ 94%] Built target merge_maps_kinematic\n'}
[142.841202] (-) TimerEvent: {}
[142.941574] (-) TimerEvent: {}
[143.041952] (-) TimerEvent: {}
[143.142275] (-) TimerEvent: {}
[143.242708] (-) TimerEvent: {}
[143.343051] (-) TimerEvent: {}
[143.443413] (-) TimerEvent: {}
[143.543807] (-) TimerEvent: {}
[143.644185] (-) TimerEvent: {}
[143.744521] (-) TimerEvent: {}
[143.844953] (-) TimerEvent: {}
[143.945411] (-) TimerEvent: {}
[144.045799] (-) TimerEvent: {}
[144.146289] (-) TimerEvent: {}
[144.246657] (-) TimerEvent: {}
[144.347025] (-) TimerEvent: {}
[144.447559] (-) TimerEvent: {}
[144.548007] (-) TimerEvent: {}
[144.648519] (-) TimerEvent: {}
[144.748882] (-) TimerEvent: {}
[144.849320] (-) TimerEvent: {}
[144.949704] (-) TimerEvent: {}
[145.050171] (-) TimerEvent: {}
[145.150525] (-) TimerEvent: {}
[145.250926] (-) TimerEvent: {}
[145.351311] (-) TimerEvent: {}
[145.451675] (-) TimerEvent: {}
[145.552043] (-) TimerEvent: {}
[145.652436] (-) TimerEvent: {}
[145.752919] (-) TimerEvent: {}
[145.853358] (-) TimerEvent: {}
[145.953748] (-) TimerEvent: {}
[146.054239] (-) TimerEvent: {}
[146.154624] (-) TimerEvent: {}
[146.255079] (-) TimerEvent: {}
[146.355422] (-) TimerEvent: {}
[146.455801] (-) TimerEvent: {}
[146.556175] (-) TimerEvent: {}
[146.642297] (slam_toolbox) StdoutLine: {'line': b'[ 95%] \x1b[32m\x1b[1mLinking CXX shared library liblocalization_slam_toolbox.so\x1b[0m\n'}
[146.656306] (-) TimerEvent: {}
[146.756625] (-) TimerEvent: {}
[146.857009] (-) TimerEvent: {}
[146.957423] (-) TimerEvent: {}
[147.057822] (-) TimerEvent: {}
[147.158245] (-) TimerEvent: {}
[147.258633] (-) TimerEvent: {}
[147.358998] (-) TimerEvent: {}
[147.370100] (slam_toolbox) StdoutLine: {'line': b'[ 95%] Built target localization_slam_toolbox\n'}
[147.395314] (slam_toolbox) StdoutLine: {'line': b'[ 95%] \x1b[32mBuilding CXX object CMakeFiles/map_and_localization_slam_toolbox.dir/src/experimental/slam_toolbox_map_and_localization.cpp.o\x1b[0m\n'}
[147.395557] (slam_toolbox) StdoutLine: {'line': b'[ 96%] \x1b[32mBuilding CXX object CMakeFiles/localization_slam_toolbox_node.dir/src/slam_toolbox_localization_node.cpp.o\x1b[0m\n'}
[147.459075] (-) TimerEvent: {}
[147.559443] (-) TimerEvent: {}
[147.659878] (-) TimerEvent: {}
[147.760260] (-) TimerEvent: {}
[147.860626] (-) TimerEvent: {}
[147.961011] (-) TimerEvent: {}
[148.061392] (-) TimerEvent: {}
[148.161796] (-) TimerEvent: {}
[148.262220] (-) TimerEvent: {}
[148.362810] (-) TimerEvent: {}
[148.463264] (-) TimerEvent: {}
[148.563688] (-) TimerEvent: {}
[148.664350] (-) TimerEvent: {}
[148.764741] (-) TimerEvent: {}
[148.865192] (-) TimerEvent: {}
[148.965695] (-) TimerEvent: {}
[149.066206] (-) TimerEvent: {}
[149.166677] (-) TimerEvent: {}
[149.267048] (-) TimerEvent: {}
[149.367517] (-) TimerEvent: {}
[149.468132] (-) TimerEvent: {}
[149.568501] (-) TimerEvent: {}
[149.668969] (-) TimerEvent: {}
[149.769659] (-) TimerEvent: {}
[149.870075] (-) TimerEvent: {}
[149.970453] (-) TimerEvent: {}
[150.070934] (-) TimerEvent: {}
[150.171531] (-) TimerEvent: {}
[150.272209] (-) TimerEvent: {}
[150.372685] (-) TimerEvent: {}
[150.473166] (-) TimerEvent: {}
[150.573610] (-) TimerEvent: {}
[150.674036] (-) TimerEvent: {}
[150.774480] (-) TimerEvent: {}
[150.874940] (-) TimerEvent: {}
[150.975401] (-) TimerEvent: {}
[151.075748] (-) TimerEvent: {}
[151.176137] (-) TimerEvent: {}
[151.276605] (-) TimerEvent: {}
[151.377119] (-) TimerEvent: {}
[151.477542] (-) TimerEvent: {}
[151.577902] (-) TimerEvent: {}
[151.678356] (-) TimerEvent: {}
[151.778881] (-) TimerEvent: {}
[151.879346] (-) TimerEvent: {}
[151.979990] (-) TimerEvent: {}
[152.080630] (-) TimerEvent: {}
[152.181076] (-) TimerEvent: {}
[152.281439] (-) TimerEvent: {}
[152.381820] (-) TimerEvent: {}
[152.482257] (-) TimerEvent: {}
[152.582786] (-) TimerEvent: {}
[152.683184] (-) TimerEvent: {}
[152.783665] (-) TimerEvent: {}
[152.872531] (slam_toolbox) StdoutLine: {'line': b'[ 96%] \x1b[32m\x1b[1mLinking CXX executable async_slam_toolbox_node\x1b[0m\n'}
[152.884062] (-) TimerEvent: {}
[152.984545] (-) TimerEvent: {}
[153.085086] (-) TimerEvent: {}
[153.185545] (-) TimerEvent: {}
[153.268058] (slam_toolbox) StdoutLine: {'line': b'[ 97%] \x1b[32m\x1b[1mLinking CXX executable lifelong_slam_toolbox_node\x1b[0m\n'}
[153.285671] (-) TimerEvent: {}
[153.386262] (-) TimerEvent: {}
[153.466269] (slam_toolbox) StdoutLine: {'line': b'[ 97%] Built target async_slam_toolbox_node\n'}
[153.486418] (-) TimerEvent: {}
[153.586819] (-) TimerEvent: {}
[153.687198] (-) TimerEvent: {}
[153.787550] (-) TimerEvent: {}
[153.863271] (slam_toolbox) StdoutLine: {'line': b'[ 97%] Built target lifelong_slam_toolbox_node\n'}
[153.887711] (-) TimerEvent: {}
[153.988127] (-) TimerEvent: {}
[154.088500] (-) TimerEvent: {}
[154.188866] (-) TimerEvent: {}
[154.289293] (-) TimerEvent: {}
[154.389651] (-) TimerEvent: {}
[154.490113] (-) TimerEvent: {}
[154.574354] (slam_toolbox) StdoutLine: {'line': b'[ 97%] \x1b[32m\x1b[1mLinking CXX executable sync_slam_toolbox_node\x1b[0m\n'}
[154.590317] (-) TimerEvent: {}
[154.690968] (-) TimerEvent: {}
[154.791518] (-) TimerEvent: {}
[154.893129] (-) TimerEvent: {}
[154.993669] (-) TimerEvent: {}
[155.094050] (-) TimerEvent: {}
[155.095153] (slam_toolbox) StdoutLine: {'line': b'[ 97%] Built target sync_slam_toolbox_node\n'}
[155.194243] (-) TimerEvent: {}
[155.294682] (-) TimerEvent: {}
[155.395007] (-) TimerEvent: {}
[155.495473] (-) TimerEvent: {}
[155.595821] (-) TimerEvent: {}
[155.696310] (-) TimerEvent: {}
[155.796725] (-) TimerEvent: {}
[155.897066] (-) TimerEvent: {}
[155.997444] (-) TimerEvent: {}
[156.097797] (-) TimerEvent: {}
[156.198260] (-) TimerEvent: {}
[156.298743] (-) TimerEvent: {}
[156.399171] (-) TimerEvent: {}
[156.499659] (-) TimerEvent: {}
[156.600164] (-) TimerEvent: {}
[156.700539] (-) TimerEvent: {}
[156.801007] (-) TimerEvent: {}
[156.901547] (-) TimerEvent: {}
[157.001925] (-) TimerEvent: {}
[157.102319] (-) TimerEvent: {}
[157.202710] (-) TimerEvent: {}
[157.303180] (-) TimerEvent: {}
[157.403614] (-) TimerEvent: {}
[157.504117] (-) TimerEvent: {}
[157.604483] (-) TimerEvent: {}
[157.704878] (-) TimerEvent: {}
[157.805248] (-) TimerEvent: {}
[157.905710] (-) TimerEvent: {}
[158.006190] (-) TimerEvent: {}
[158.106804] (-) TimerEvent: {}
[158.207178] (-) TimerEvent: {}
[158.307555] (-) TimerEvent: {}
[158.408007] (-) TimerEvent: {}
[158.508399] (-) TimerEvent: {}
[158.608798] (-) TimerEvent: {}
[158.709169] (-) TimerEvent: {}
[158.809603] (-) TimerEvent: {}
[158.909961] (-) TimerEvent: {}
[159.010481] (-) TimerEvent: {}
[159.110828] (-) TimerEvent: {}
[159.211217] (-) TimerEvent: {}
[159.311547] (-) TimerEvent: {}
[159.411902] (-) TimerEvent: {}
[159.512225] (-) TimerEvent: {}
[159.612677] (-) TimerEvent: {}
[159.713053] (-) TimerEvent: {}
[159.813477] (-) TimerEvent: {}
[159.913881] (-) TimerEvent: {}
[160.014267] (-) TimerEvent: {}
[160.114666] (-) TimerEvent: {}
[160.215045] (-) TimerEvent: {}
[160.315431] (-) TimerEvent: {}
[160.415924] (-) TimerEvent: {}
[160.516327] (-) TimerEvent: {}
[160.616641] (-) TimerEvent: {}
[160.716998] (-) TimerEvent: {}
[160.817331] (-) TimerEvent: {}
[160.917823] (-) TimerEvent: {}
[161.018262] (-) TimerEvent: {}
[161.118715] (-) TimerEvent: {}
[161.219041] (-) TimerEvent: {}
[161.319443] (-) TimerEvent: {}
[161.420146] (-) TimerEvent: {}
[161.520613] (-) TimerEvent: {}
[161.621007] (-) TimerEvent: {}
[161.721404] (-) TimerEvent: {}
[161.821863] (-) TimerEvent: {}
[161.922191] (-) TimerEvent: {}
[162.022555] (-) TimerEvent: {}
[162.122884] (-) TimerEvent: {}
[162.223505] (-) TimerEvent: {}
[162.259230] (slam_toolbox) StdoutLine: {'line': b'[ 98%] \x1b[32m\x1b[1mLinking CXX executable localization_slam_toolbox_node\x1b[0m\n'}
[162.323633] (-) TimerEvent: {}
[162.424006] (-) TimerEvent: {}
[162.524330] (-) TimerEvent: {}
[162.624699] (-) TimerEvent: {}
[162.725023] (-) TimerEvent: {}
[162.825521] (-) TimerEvent: {}
[162.833727] (slam_toolbox) StdoutLine: {'line': b'[ 98%] Built target localization_slam_toolbox_node\n'}
[162.925648] (-) TimerEvent: {}
[163.026160] (-) TimerEvent: {}
[163.126549] (-) TimerEvent: {}
[163.226906] (-) TimerEvent: {}
[163.327283] (-) TimerEvent: {}
[163.427712] (-) TimerEvent: {}
[163.528161] (-) TimerEvent: {}
[163.628579] (-) TimerEvent: {}
[163.728919] (-) TimerEvent: {}
[163.829462] (-) TimerEvent: {}
[163.929858] (-) TimerEvent: {}
[164.030234] (-) TimerEvent: {}
[164.130584] (-) TimerEvent: {}
[164.230983] (-) TimerEvent: {}
[164.331411] (-) TimerEvent: {}
[164.431785] (-) TimerEvent: {}
[164.532209] (-) TimerEvent: {}
[164.632542] (-) TimerEvent: {}
[164.732968] (-) TimerEvent: {}
[164.833322] (-) TimerEvent: {}
[164.933761] (-) TimerEvent: {}
[165.034115] (-) TimerEvent: {}
[165.134507] (-) TimerEvent: {}
[165.234872] (-) TimerEvent: {}
[165.335235] (-) TimerEvent: {}
[165.435583] (-) TimerEvent: {}
[165.535989] (-) TimerEvent: {}
[165.636333] (-) TimerEvent: {}
[165.736889] (-) TimerEvent: {}
[165.837267] (-) TimerEvent: {}
[165.937679] (-) TimerEvent: {}
[166.038073] (-) TimerEvent: {}
[166.138475] (-) TimerEvent: {}
[166.238830] (-) TimerEvent: {}
[166.339245] (-) TimerEvent: {}
[166.439665] (-) TimerEvent: {}
[166.540090] (-) TimerEvent: {}
[166.640462] (-) TimerEvent: {}
[166.740803] (-) TimerEvent: {}
[166.841182] (-) TimerEvent: {}
[166.941608] (-) TimerEvent: {}
[167.041952] (-) TimerEvent: {}
[167.142299] (-) TimerEvent: {}
[167.242705] (-) TimerEvent: {}
[167.343086] (-) TimerEvent: {}
[167.443448] (-) TimerEvent: {}
[167.543821] (-) TimerEvent: {}
[167.644253] (-) TimerEvent: {}
[167.744640] (-) TimerEvent: {}
[167.845020] (-) TimerEvent: {}
[167.945446] (-) TimerEvent: {}
[168.045812] (-) TimerEvent: {}
[168.146183] (-) TimerEvent: {}
[168.246485] (-) TimerEvent: {}
[168.346830] (-) TimerEvent: {}
[168.447122] (-) TimerEvent: {}
[168.547451] (-) TimerEvent: {}
[168.647871] (-) TimerEvent: {}
[168.748298] (-) TimerEvent: {}
[168.848653] (-) TimerEvent: {}
[168.949085] (-) TimerEvent: {}
[169.049595] (-) TimerEvent: {}
[169.150028] (-) TimerEvent: {}
[169.250408] (-) TimerEvent: {}
[169.350735] (-) TimerEvent: {}
[169.451101] (-) TimerEvent: {}
[169.551459] (-) TimerEvent: {}
[169.651806] (-) TimerEvent: {}
[169.752377] (-) TimerEvent: {}
[169.852855] (-) TimerEvent: {}
[169.953237] (-) TimerEvent: {}
[170.053590] (-) TimerEvent: {}
[170.153929] (-) TimerEvent: {}
[170.254329] (-) TimerEvent: {}
[170.354832] (-) TimerEvent: {}
[170.455184] (-) TimerEvent: {}
[170.555514] (-) TimerEvent: {}
[170.655938] (-) TimerEvent: {}
[170.756445] (-) TimerEvent: {}
[170.856778] (-) TimerEvent: {}
[170.957161] (-) TimerEvent: {}
[171.057578] (-) TimerEvent: {}
[171.157957] (-) TimerEvent: {}
[171.258544] (-) TimerEvent: {}
[171.358996] (-) TimerEvent: {}
[171.459360] (-) TimerEvent: {}
[171.559795] (-) TimerEvent: {}
[171.660201] (-) TimerEvent: {}
[171.760591] (-) TimerEvent: {}
[171.861073] (-) TimerEvent: {}
[171.928917] (slam_toolbox) StdoutLine: {'line': b'[ 99%] \x1b[32m\x1b[1mLinking CXX shared library libmap_and_localization_slam_toolbox.so\x1b[0m\n'}
[171.961190] (-) TimerEvent: {}
[172.061544] (-) TimerEvent: {}
[172.161953] (-) TimerEvent: {}
[172.262270] (-) TimerEvent: {}
[172.362652] (-) TimerEvent: {}
[172.463135] (-) TimerEvent: {}
[172.563645] (-) TimerEvent: {}
[172.602665] (slam_toolbox) StdoutLine: {'line': b'[ 99%] Built target map_and_localization_slam_toolbox\n'}
[172.626317] (slam_toolbox) StdoutLine: {'line': b'[100%] \x1b[32mBuilding CXX object CMakeFiles/map_and_localization_slam_toolbox_node.dir/src/experimental/slam_toolbox_map_and_localization_node.cpp.o\x1b[0m\n'}
[172.663753] (-) TimerEvent: {}
[172.764140] (-) TimerEvent: {}
[172.864534] (-) TimerEvent: {}
[172.964959] (-) TimerEvent: {}
[173.065469] (-) TimerEvent: {}
[173.165835] (-) TimerEvent: {}
[173.266205] (-) TimerEvent: {}
[173.366544] (-) TimerEvent: {}
[173.466897] (-) TimerEvent: {}
[173.567274] (-) TimerEvent: {}
[173.667719] (-) TimerEvent: {}
[173.768220] (-) TimerEvent: {}
[173.868630] (-) TimerEvent: {}
[173.968986] (-) TimerEvent: {}
[174.069494] (-) TimerEvent: {}
[174.169866] (-) TimerEvent: {}
[174.270217] (-) TimerEvent: {}
[174.370554] (-) TimerEvent: {}
[174.470930] (-) TimerEvent: {}
[174.571286] (-) TimerEvent: {}
[174.671675] (-) TimerEvent: {}
[174.772055] (-) TimerEvent: {}
[174.872404] (-) TimerEvent: {}
[174.972740] (-) TimerEvent: {}
[175.073135] (-) TimerEvent: {}
[175.173521] (-) TimerEvent: {}
[175.273957] (-) TimerEvent: {}
[175.374455] (-) TimerEvent: {}
[175.474823] (-) TimerEvent: {}
[175.575168] (-) TimerEvent: {}
[175.675548] (-) TimerEvent: {}
[175.775924] (-) TimerEvent: {}
[175.876402] (-) TimerEvent: {}
[175.976837] (-) TimerEvent: {}
[176.077234] (-) TimerEvent: {}
[176.177613] (-) TimerEvent: {}
[176.277930] (-) TimerEvent: {}
[176.378355] (-) TimerEvent: {}
[176.478934] (-) TimerEvent: {}
[176.579313] (-) TimerEvent: {}
[176.679694] (-) TimerEvent: {}
[176.780174] (-) TimerEvent: {}
[176.880509] (-) TimerEvent: {}
[176.980899] (-) TimerEvent: {}
[177.081299] (-) TimerEvent: {}
[177.181677] (-) TimerEvent: {}
[177.282074] (-) TimerEvent: {}
[177.382474] (-) TimerEvent: {}
[177.482870] (-) TimerEvent: {}
[177.583284] (-) TimerEvent: {}
[177.683712] (-) TimerEvent: {}
[177.784300] (-) TimerEvent: {}
[177.884690] (-) TimerEvent: {}
[177.985093] (-) TimerEvent: {}
[178.085536] (-) TimerEvent: {}
[178.185941] (-) TimerEvent: {}
[178.286455] (-) TimerEvent: {}
[178.386975] (-) TimerEvent: {}
[178.487370] (-) TimerEvent: {}
[178.587779] (-) TimerEvent: {}
[178.688232] (-) TimerEvent: {}
[178.788690] (-) TimerEvent: {}
[178.889020] (-) TimerEvent: {}
[178.989360] (-) TimerEvent: {}
[179.089756] (-) TimerEvent: {}
[179.190107] (-) TimerEvent: {}
[179.290500] (-) TimerEvent: {}
[179.390958] (-) TimerEvent: {}
[179.491305] (-) TimerEvent: {}
[179.591669] (-) TimerEvent: {}
[179.692070] (-) TimerEvent: {}
[179.792443] (-) TimerEvent: {}
[179.892848] (-) TimerEvent: {}
[179.993371] (-) TimerEvent: {}
[180.093749] (-) TimerEvent: {}
[180.194142] (-) TimerEvent: {}
[180.294548] (-) TimerEvent: {}
[180.395353] (-) TimerEvent: {}
[180.496018] (-) TimerEvent: {}
[180.596513] (-) TimerEvent: {}
[180.696902] (-) TimerEvent: {}
[180.797267] (-) TimerEvent: {}
[180.897640] (-) TimerEvent: {}
[180.998008] (-) TimerEvent: {}
[181.098433] (-) TimerEvent: {}
[181.198820] (-) TimerEvent: {}
[181.299225] (-) TimerEvent: {}
[181.399581] (-) TimerEvent: {}
[181.499998] (-) TimerEvent: {}
[181.600400] (-) TimerEvent: {}
[181.700763] (-) TimerEvent: {}
[181.801134] (-) TimerEvent: {}
[181.901503] (-) TimerEvent: {}
[182.001895] (-) TimerEvent: {}
[182.102303] (-) TimerEvent: {}
[182.202692] (-) TimerEvent: {}
[182.303116] (-) TimerEvent: {}
[182.403524] (-) TimerEvent: {}
[182.503976] (-) TimerEvent: {}
[182.604479] (-) TimerEvent: {}
[182.704840] (-) TimerEvent: {}
[182.805204] (-) TimerEvent: {}
[182.905625] (-) TimerEvent: {}
[183.005995] (-) TimerEvent: {}
[183.106386] (-) TimerEvent: {}
[183.206782] (-) TimerEvent: {}
[183.307202] (-) TimerEvent: {}
[183.407656] (-) TimerEvent: {}
[183.508067] (-) TimerEvent: {}
[183.608425] (-) TimerEvent: {}
[183.708804] (-) TimerEvent: {}
[183.809241] (-) TimerEvent: {}
[183.909617] (-) TimerEvent: {}
[184.009970] (-) TimerEvent: {}
[184.110327] (-) TimerEvent: {}
[184.210823] (-) TimerEvent: {}
[184.311304] (-) TimerEvent: {}
[184.411753] (-) TimerEvent: {}
[184.512246] (-) TimerEvent: {}
[184.612640] (-) TimerEvent: {}
[184.713005] (-) TimerEvent: {}
[184.813377] (-) TimerEvent: {}
[184.913712] (-) TimerEvent: {}
[185.014022] (-) TimerEvent: {}
[185.114543] (-) TimerEvent: {}
[185.214931] (-) TimerEvent: {}
[185.315583] (-) TimerEvent: {}
[185.415970] (-) TimerEvent: {}
[185.516301] (-) TimerEvent: {}
[185.616784] (-) TimerEvent: {}
[185.717084] (-) TimerEvent: {}
[185.817540] (-) TimerEvent: {}
[185.917883] (-) TimerEvent: {}
[186.018260] (-) TimerEvent: {}
[186.118634] (-) TimerEvent: {}
[186.218951] (-) TimerEvent: {}
[186.319269] (-) TimerEvent: {}
[186.419651] (-) TimerEvent: {}
[186.520013] (-) TimerEvent: {}
[186.620352] (-) TimerEvent: {}
[186.720683] (-) TimerEvent: {}
[186.821032] (-) TimerEvent: {}
[186.921436] (-) TimerEvent: {}
[187.021792] (-) TimerEvent: {}
[187.122297] (-) TimerEvent: {}
[187.222666] (-) TimerEvent: {}
[187.261087] (slam_toolbox) StdoutLine: {'line': b'[100%] \x1b[32m\x1b[1mLinking CXX executable map_and_localization_slam_toolbox_node\x1b[0m\n'}
[187.322796] (-) TimerEvent: {}
[187.423223] (-) TimerEvent: {}
[187.523582] (-) TimerEvent: {}
[187.624049] (-) TimerEvent: {}
[187.724384] (-) TimerEvent: {}
[187.796609] (slam_toolbox) StdoutLine: {'line': b'[100%] Built target map_and_localization_slam_toolbox_node\n'}
[187.824605] (-) TimerEvent: {}
[187.839506] (slam_toolbox) CommandEnded: {'returncode': 0}
[187.850442] (slam_toolbox) JobProgress: {'identifier': 'slam_toolbox', 'progress': 'install'}
[187.859237] (slam_toolbox) Command: {'cmd': ['/usr/bin/cmake', '--install', '/home/ubuntu22/lidar_slam_ws/build/slam_toolbox'], 'cwd': '/home/ubuntu22/lidar_slam_ws/build/slam_toolbox', 'env': OrderedDict([('LESSOPEN', '| /usr/bin/lesspipe %s'), ('USER', 'ubuntu22'), ('GIT_ASKPASS', '/home/ubuntu22/.vscode-server/bin/6534f6ba7604bf324f94cc9a590727f39a4af040/extensions/git/dist/askpass.sh'), ('SHLVL', '1'), ('LD_LIBRARY_PATH', '/home/ubuntu22/lidar_slam_ws/install/slam_toolbox/lib:/opt/ros/humble/opt/rviz_ogre_vendor/lib:/opt/ros/humble/lib/x86_64-linux-gnu:/opt/ros/humble/lib'), ('MOTD_SHOWN', 'update-motd'), ('HOME', '/home/ubuntu22'), ('OLDPWD', '/home/ubuntu22/lidar_slam_ws/src'), ('TERM_PROGRAM_VERSION', '1.109.1'), ('VSCODE_IPC_HOOK_CLI', '/run/user/1000/vscode-ipc-53a6b5cd-6825-462a-96b9-b5528e00460b.sock'), ('ROS_PYTHON_VERSION', '3'), ('VSCODE_GIT_ASKPASS_MAIN', '/home/ubuntu22/.vscode-server/bin/6534f6ba7604bf324f94cc9a590727f39a4af040/extensions/git/dist/askpass-main.js'), ('VSCODE_GIT_ASKPASS_NODE', '/home/ubuntu22/.vscode-server/bin/6534f6ba7604bf324f94cc9a590727f39a4af040/node'), ('VSCODE_PYTHON_AUTOACTIVATE_GUARD', '1'), ('DBUS_SESSION_BUS_ADDRESS', 'unix:path=/run/user/1000/bus'), ('COLORTERM', 'truecolor'), ('WSL_DISTRO_NAME', 'Ubuntu-22.04'), ('WAYLAND_DISPLAY', 'wayland-0'), ('COLCON_PREFIX_PATH', '/home/ubuntu22/lidar_slam_ws/install'), ('ROS_DISTRO', 'humble'), ('LOGNAME', 'ubuntu22'), ('NAME', 'ASUSMarcel'), ('WSL_INTEROP', '/run/WSL/436_interop'), ('PULSE_SERVER', 'unix:/mnt/wslg/PulseServer'), ('_', '/usr/bin/colcon'), ('ROS_VERSION', '2'), ('TERM', 'xterm-256color'), ('ROS_LOCALHOST_ONLY', '0'), ('PATH', '/home/ubuntu22/.vscode-server/data/User/globalStorage/github.copilot-chat/debugCommand:/home/ubuntu22/.vscode-server/data/User/globalStorage/github.copilot-chat/copilotCli:/home/ubuntu22/.vscode-server/bin/6534f6ba7604bf324f94cc9a590727f39a4af040/bin/remote-cli:/opt/ros/humble/bin:/usr/local/sbin:/usr/local/bin:/usr/sbin:/usr/bin:/sbin:/bin:/usr/games:/usr/local/games:/usr/lib/wsl/lib:/mnt/c/Program Files/Common Files/Siemens/Automation/Simatic OAM/bin:/mnt/c/Windows/system32:/mnt/c/Windows:/mnt/c/Windows/System32/Wbem:/mnt/c/Windows/System32/WindowsPowerShell/v1.0/:/mnt/c/Windows/System32/OpenSSH/:/mnt/c/Program Files (x86)/NVIDIA Corporation/PhysX/Common:/mnt/c/Program Files/MATLAB/R2025b/bin:/mnt/c/Program Files/NVIDIA Corporation/NVIDIA app/NvDLISR:/mnt/c/WINDOWS/system32:/mnt/c/WINDOWS:/mnt/c/WINDOWS/System32/Wbem:/mnt/c/WINDOWS/System32/WindowsPowerShell/v1.0/:/mnt/c/WINDOWS/System32/OpenSSH/:/mnt/c/Program Files (x86)/Windows Kits/10/Windows Performance Toolkit/:/mnt/c/Program Files/dotnet/:/mnt/c/Program Files/usbipd-win/:/mnt/c/Strawberry/c/bin:/mnt/c/Strawberry/perl/site/bin:/mnt/c/Strawberry/perl/bin:/mnt/c/Users/marce/AppData/Local/Programs/Python/Python313/:/mnt/c/Users/marce/AppData/Local/Programs/Python/Python313/Scripts/:/mnt/c/Users/marce/AppData/Local/Programs/Microsoft VS Code/bin:/mnt/c/Users/marce/AppData/Local/Programs/MiKTeX/miktex/bin/x64/:/snap/bin'), ('XDG_RUNTIME_DIR', '/run/user/1000/'), ('DISPLAY', ':0'), ('LANG', 'C.UTF-8'), ('LS_COLORS', 'rs=0:di=01;34:ln=01;36:mh=00:pi=40;33:so=01;35:do=01;35:bd=40;33;01:cd=40;33;01:or=40;31;01:mi=00:su=37;41:sg=30;43:ca=30;41:tw=30;42:ow=34;42:st=37;44:ex=01;32:*.tar=01;31:*.tgz=01;31:*.arc=01;31:*.arj=01;31:*.taz=01;31:*.lha=01;31:*.lz4=01;31:*.lzh=01;31:*.lzma=01;31:*.tlz=01;31:*.txz=01;31:*.tzo=01;31:*.t7z=01;31:*.zip=01;31:*.z=01;31:*.dz=01;31:*.gz=01;31:*.lrz=01;31:*.lz=01;31:*.lzo=01;31:*.xz=01;31:*.zst=01;31:*.tzst=01;31:*.bz2=01;31:*.bz=01;31:*.tbz=01;31:*.tbz2=01;31:*.tz=01;31:*.deb=01;31:*.rpm=01;31:*.jar=01;31:*.war=01;31:*.ear=01;31:*.sar=01;31:*.rar=01;31:*.alz=01;31:*.ace=01;31:*.zoo=01;31:*.cpio=01;31:*.7z=01;31:*.rz=01;31:*.cab=01;31:*.wim=01;31:*.swm=01;31:*.dwm=01;31:*.esd=01;31:*.jpg=01;35:*.jpeg=01;35:*.mjpg=01;35:*.mjpeg=01;35:*.gif=01;35:*.bmp=01;35:*.pbm=01;35:*.pgm=01;35:*.ppm=01;35:*.tga=01;35:*.xbm=01;35:*.xpm=01;35:*.tif=01;35:*.tiff=01;35:*.png=01;35:*.svg=01;35:*.svgz=01;35:*.mng=01;35:*.pcx=01;35:*.mov=01;35:*.mpg=01;35:*.mpeg=01;35:*.m2v=01;35:*.mkv=01;35:*.webm=01;35:*.webp=01;35:*.ogm=01;35:*.mp4=01;35:*.m4v=01;35:*.mp4v=01;35:*.vob=01;35:*.qt=01;35:*.nuv=01;35:*.wmv=01;35:*.asf=01;35:*.rm=01;35:*.rmvb=01;35:*.flc=01;35:*.avi=01;35:*.fli=01;35:*.flv=01;35:*.gl=01;35:*.dl=01;35:*.xcf=01;35:*.xwd=01;35:*.yuv=01;35:*.cgm=01;35:*.emf=01;35:*.ogv=01;35:*.ogx=01;35:*.aac=00;36:*.au=00;36:*.flac=00;36:*.m4a=00;36:*.mid=00;36:*.midi=00;36:*.mka=00;36:*.mp3=00;36:*.mpc=00;36:*.ogg=00;36:*.ra=00;36:*.wav=00;36:*.oga=00;36:*.opus=00;36:*.spx=00;36:*.xspf=00;36:'), ('VSCODE_GIT_IPC_HANDLE', '/run/user/1000/vscode-git-174e2f3db9.sock'), ('TERM_PROGRAM', 'vscode'), ('AMENT_PREFIX_PATH', '/home/ubuntu22/lidar_slam_ws/install/slam_toolbox:/home/ubuntu22/lidar_slam_ws/install/rf2o_laser_odometry:/opt/ros/humble'), ('SHELL', '/bin/bash'), ('LESSCLOSE', '/usr/bin/lesspipe %s %s'), ('VSCODE_GIT_ASKPASS_EXTRA_ARGS', ''), ('PWD', '/home/ubuntu22/lidar_slam_ws/build/slam_toolbox'), ('XDG_DATA_DIRS', '/usr/local/share:/usr/share:/var/lib/snapd/desktop'), ('PYTHONPATH', '/home/ubuntu22/lidar_slam_ws/install/slam_toolbox/local/lib/python3.10/dist-packages:/opt/ros/humble/lib/python3.10/site-packages:/opt/ros/humble/local/lib/python3.10/dist-packages'), ('COLCON', '1'), ('WSL2_GUI_APPS_ENABLED', '1'), ('HOSTTYPE', 'x86_64'), ('CMAKE_PREFIX_PATH', '/home/ubuntu22/lidar_slam_ws/install/slam_toolbox:/home/ubuntu22/lidar_slam_ws/install/rf2o_laser_odometry:/opt/ros/humble'), ('WSLENV', 'VSCODE_WSL_EXT_LOCATION/up:VSCODE_SERVER_TAR/up')]), 'shell': False}
[187.873898] (slam_toolbox) StdoutLine: {'line': b'-- Install configuration: "Release"\n'}
[187.875938] (slam_toolbox) StdoutLine: {'line': b'-- Execute custom install script\n'}
[187.878426] (slam_toolbox) StdoutLine: {'line': b'-- Symlinking: /home/ubuntu22/lidar_slam_ws/install/slam_toolbox/include//karto_sdk/Karto.h\n'}
[187.888499] (slam_toolbox) StdoutLine: {'line': b'-- Symlinking: /home/ubuntu22/lidar_slam_ws/install/slam_toolbox/include//karto_sdk/Macros.h\n'}
[187.897986] (slam_toolbox) StdoutLine: {'line': b'-- Symlinking: /home/ubuntu22/lidar_slam_ws/install/slam_toolbox/include//karto_sdk/Mapper.h\n'}
[187.906773] (slam_toolbox) StdoutLine: {'line': b'-- Symlinking: /home/ubuntu22/lidar_slam_ws/install/slam_toolbox/include//karto_sdk/Math.h\n'}
[187.916245] (slam_toolbox) StdoutLine: {'line': b'-- Symlinking: /home/ubuntu22/lidar_slam_ws/install/slam_toolbox/include//karto_sdk/Types.h\n'}
[187.924711] (-) TimerEvent: {}
[187.926983] (slam_toolbox) StdoutLine: {'line': b'-- Symlinking: /home/ubuntu22/lidar_slam_ws/install/slam_toolbox/include//karto_sdk/nanoflann.hpp\n'}
[187.938021] (slam_toolbox) StdoutLine: {'line': b'-- Symlinking: /home/ubuntu22/lidar_slam_ws/install/slam_toolbox/include//karto_sdk/nanoflann_adaptors.h\n'}
[187.948689] (slam_toolbox) StdoutLine: {'line': b'-- Symlinking: /home/ubuntu22/lidar_slam_ws/install/slam_toolbox/share/ament_index/resource_index/rosidl_interfaces/slam_toolbox\n'}
[187.960016] (slam_toolbox) StdoutLine: {'line': b'-- Symlinking: /home/ubuntu22/lidar_slam_ws/install/slam_toolbox/include/slam_toolbox/slam_toolbox/msg/rosidl_generator_c__visibility_control.h\n'}
[187.969244] (slam_toolbox) StdoutLine: {'line': b'-- Symlinking: /home/ubuntu22/lidar_slam_ws/install/slam_toolbox/include/slam_toolbox/slam_toolbox/srv/add_submap.h\n'}
[187.978377] (slam_toolbox) StdoutLine: {'line': b'-- Symlinking: /home/ubuntu22/lidar_slam_ws/install/slam_toolbox/include/slam_toolbox/slam_toolbox/srv/clear.h\n'}
[187.987687] (slam_toolbox) StdoutLine: {'line': b'-- Symlinking: /home/ubuntu22/lidar_slam_ws/install/slam_toolbox/include/slam_toolbox/slam_toolbox/srv/clear_queue.h\n'}
[187.996473] (slam_toolbox) StdoutLine: {'line': b'-- Symlinking: /home/ubuntu22/lidar_slam_ws/install/slam_toolbox/include/slam_toolbox/slam_toolbox/srv/deserialize_pose_graph.h\n'}
[188.005570] (slam_toolbox) StdoutLine: {'line': b'-- Symlinking: /home/ubuntu22/lidar_slam_ws/install/slam_toolbox/include/slam_toolbox/slam_toolbox/srv/detail/add_submap__functions.h\n'}
[188.014345] (slam_toolbox) StdoutLine: {'line': b'-- Symlinking: /home/ubuntu22/lidar_slam_ws/install/slam_toolbox/include/slam_toolbox/slam_toolbox/srv/detail/add_submap__struct.h\n'}
[188.023390] (slam_toolbox) StdoutLine: {'line': b'-- Symlinking: /home/ubuntu22/lidar_slam_ws/install/slam_toolbox/include/slam_toolbox/slam_toolbox/srv/detail/add_submap__type_support.h\n'}
[188.024806] (-) TimerEvent: {}
[188.032754] (slam_toolbox) StdoutLine: {'line': b'-- Symlinking: /home/ubuntu22/lidar_slam_ws/install/slam_toolbox/include/slam_toolbox/slam_toolbox/srv/detail/clear__functions.h\n'}
[188.042646] (slam_toolbox) StdoutLine: {'line': b'-- Symlinking: /home/ubuntu22/lidar_slam_ws/install/slam_toolbox/include/slam_toolbox/slam_toolbox/srv/detail/clear__struct.h\n'}
[188.052302] (slam_toolbox) StdoutLine: {'line': b'-- Symlinking: /home/ubuntu22/lidar_slam_ws/install/slam_toolbox/include/slam_toolbox/slam_toolbox/srv/detail/clear__type_support.h\n'}
[188.061689] (slam_toolbox) StdoutLine: {'line': b'-- Symlinking: /home/ubuntu22/lidar_slam_ws/install/slam_toolbox/include/slam_toolbox/slam_toolbox/srv/detail/clear_queue__functions.h\n'}
[188.073632] (slam_toolbox) StdoutLine: {'line': b'-- Symlinking: /home/ubuntu22/lidar_slam_ws/install/slam_toolbox/include/slam_toolbox/slam_toolbox/srv/detail/clear_queue__struct.h\n'}
[188.082634] (slam_toolbox) StdoutLine: {'line': b'-- Symlinking: /home/ubuntu22/lidar_slam_ws/install/slam_toolbox/include/slam_toolbox/slam_toolbox/srv/detail/clear_queue__type_support.h\n'}
[188.091748] (slam_toolbox) StdoutLine: {'line': b'-- Symlinking: /home/ubuntu22/lidar_slam_ws/install/slam_toolbox/include/slam_toolbox/slam_toolbox/srv/detail/deserialize_pose_graph__functions.h\n'}
[188.100964] (slam_toolbox) StdoutLine: {'line': b'-- Symlinking: /home/ubuntu22/lidar_slam_ws/install/slam_toolbox/include/slam_toolbox/slam_toolbox/srv/detail/deserialize_pose_graph__struct.h\n'}
[188.110196] (slam_toolbox) StdoutLine: {'line': b'-- Symlinking: /home/ubuntu22/lidar_slam_ws/install/slam_toolbox/include/slam_toolbox/slam_toolbox/srv/detail/deserialize_pose_graph__type_support.h\n'}
[188.119396] (slam_toolbox) StdoutLine: {'line': b'-- Symlinking: /home/ubuntu22/lidar_slam_ws/install/slam_toolbox/include/slam_toolbox/slam_toolbox/srv/detail/loop_closure__functions.h\n'}
[188.124894] (-) TimerEvent: {}
[188.128184] (slam_toolbox) StdoutLine: {'line': b'-- Symlinking: /home/ubuntu22/lidar_slam_ws/install/slam_toolbox/include/slam_toolbox/slam_toolbox/srv/detail/loop_closure__struct.h\n'}
[188.138315] (slam_toolbox) StdoutLine: {'line': b'-- Symlinking: /home/ubuntu22/lidar_slam_ws/install/slam_toolbox/include/slam_toolbox/slam_toolbox/srv/detail/loop_closure__type_support.h\n'}
[188.147720] (slam_toolbox) StdoutLine: {'line': b'-- Symlinking: /home/ubuntu22/lidar_slam_ws/install/slam_toolbox/include/slam_toolbox/slam_toolbox/srv/detail/merge_maps__functions.h\n'}
[188.156805] (slam_toolbox) StdoutLine: {'line': b'-- Symlinking: /home/ubuntu22/lidar_slam_ws/install/slam_toolbox/include/slam_toolbox/slam_toolbox/srv/detail/merge_maps__struct.h\n'}
[188.165642] (slam_toolbox) StdoutLine: {'line': b'-- Symlinking: /home/ubuntu22/lidar_slam_ws/install/slam_toolbox/include/slam_toolbox/slam_toolbox/srv/detail/merge_maps__type_support.h\n'}
[188.174951] (slam_toolbox) StdoutLine: {'line': b'-- Symlinking: /home/ubuntu22/lidar_slam_ws/install/slam_toolbox/include/slam_toolbox/slam_toolbox/srv/detail/pause__functions.h\n'}
[188.184195] (slam_toolbox) StdoutLine: {'line': b'-- Symlinking: /home/ubuntu22/lidar_slam_ws/install/slam_toolbox/include/slam_toolbox/slam_toolbox/srv/detail/pause__struct.h\n'}
[188.192961] (slam_toolbox) StdoutLine: {'line': b'-- Symlinking: /home/ubuntu22/lidar_slam_ws/install/slam_toolbox/include/slam_toolbox/slam_toolbox/srv/detail/pause__type_support.h\n'}
[188.202093] (slam_toolbox) StdoutLine: {'line': b'-- Symlinking: /home/ubuntu22/lidar_slam_ws/install/slam_toolbox/include/slam_toolbox/slam_toolbox/srv/detail/save_map__functions.h\n'}
[188.211298] (slam_toolbox) StdoutLine: {'line': b'-- Symlinking: /home/ubuntu22/lidar_slam_ws/install/slam_toolbox/include/slam_toolbox/slam_toolbox/srv/detail/save_map__struct.h\n'}
[188.220126] (slam_toolbox) StdoutLine: {'line': b'-- Symlinking: /home/ubuntu22/lidar_slam_ws/install/slam_toolbox/include/slam_toolbox/slam_toolbox/srv/detail/save_map__type_support.h\n'}
[188.225100] (-) TimerEvent: {}
[188.228896] (slam_toolbox) StdoutLine: {'line': b'-- Symlinking: /home/ubuntu22/lidar_slam_ws/install/slam_toolbox/include/slam_toolbox/slam_toolbox/srv/detail/serialize_pose_graph__functions.h\n'}
[188.238463] (slam_toolbox) StdoutLine: {'line': b'-- Symlinking: /home/ubuntu22/lidar_slam_ws/install/slam_toolbox/include/slam_toolbox/slam_toolbox/srv/detail/serialize_pose_graph__struct.h\n'}
[188.247939] (slam_toolbox) StdoutLine: {'line': b'-- Symlinking: /home/ubuntu22/lidar_slam_ws/install/slam_toolbox/include/slam_toolbox/slam_toolbox/srv/detail/serialize_pose_graph__type_support.h\n'}
[188.257890] (slam_toolbox) StdoutLine: {'line': b'-- Symlinking: /home/ubuntu22/lidar_slam_ws/install/slam_toolbox/include/slam_toolbox/slam_toolbox/srv/detail/toggle_interactive__functions.h\n'}
[188.266935] (slam_toolbox) StdoutLine: {'line': b'-- Symlinking: /home/ubuntu22/lidar_slam_ws/install/slam_toolbox/include/slam_toolbox/slam_toolbox/srv/detail/toggle_interactive__struct.h\n'}
[188.275939] (slam_toolbox) StdoutLine: {'line': b'-- Symlinking: /home/ubuntu22/lidar_slam_ws/install/slam_toolbox/include/slam_toolbox/slam_toolbox/srv/detail/toggle_interactive__type_support.h\n'}
[188.284901] (slam_toolbox) StdoutLine: {'line': b'-- Symlinking: /home/ubuntu22/lidar_slam_ws/install/slam_toolbox/include/slam_toolbox/slam_toolbox/srv/loop_closure.h\n'}
[188.293632] (slam_toolbox) StdoutLine: {'line': b'-- Symlinking: /home/ubuntu22/lidar_slam_ws/install/slam_toolbox/include/slam_toolbox/slam_toolbox/srv/merge_maps.h\n'}
[188.303183] (slam_toolbox) StdoutLine: {'line': b'-- Symlinking: /home/ubuntu22/lidar_slam_ws/install/slam_toolbox/include/slam_toolbox/slam_toolbox/srv/pause.h\n'}
[188.312847] (slam_toolbox) StdoutLine: {'line': b'-- Symlinking: /home/ubuntu22/lidar_slam_ws/install/slam_toolbox/include/slam_toolbox/slam_toolbox/srv/save_map.h\n'}
[188.321662] (slam_toolbox) StdoutLine: {'line': b'-- Symlinking: /home/ubuntu22/lidar_slam_ws/install/slam_toolbox/include/slam_toolbox/slam_toolbox/srv/serialize_pose_graph.h\n'}
[188.325203] (-) TimerEvent: {}
[188.330664] (slam_toolbox) StdoutLine: {'line': b'-- Symlinking: /home/ubuntu22/lidar_slam_ws/install/slam_toolbox/include/slam_toolbox/slam_toolbox/srv/toggle_interactive.h\n'}
[188.340448] (slam_toolbox) StdoutLine: {'line': b'-- Symlinking: /home/ubuntu22/lidar_slam_ws/install/slam_toolbox/share/slam_toolbox/environment/library_path.sh\n'}
[188.350689] (slam_toolbox) StdoutLine: {'line': b'-- Symlinking: /home/ubuntu22/lidar_slam_ws/install/slam_toolbox/share/slam_toolbox/environment/library_path.dsv\n'}
[188.360943] (slam_toolbox) StdoutLine: {'line': b'-- Symlinking: /home/ubuntu22/lidar_slam_ws/install/slam_toolbox/include/slam_toolbox/slam_toolbox/msg/rosidl_typesupport_fastrtps_c__visibility_control.h\n'}
[188.369628] (slam_toolbox) StdoutLine: {'line': b'-- Symlinking: /home/ubuntu22/lidar_slam_ws/install/slam_toolbox/include/slam_toolbox/slam_toolbox/srv/detail/add_submap__rosidl_typesupport_fastrtps_c.h\n'}
[188.378529] (slam_toolbox) StdoutLine: {'line': b'-- Symlinking: /home/ubuntu22/lidar_slam_ws/install/slam_toolbox/include/slam_toolbox/slam_toolbox/srv/detail/clear__rosidl_typesupport_fastrtps_c.h\n'}
[188.387328] (slam_toolbox) StdoutLine: {'line': b'-- Symlinking: /home/ubuntu22/lidar_slam_ws/install/slam_toolbox/include/slam_toolbox/slam_toolbox/srv/detail/clear_queue__rosidl_typesupport_fastrtps_c.h\n'}
[188.396984] (slam_toolbox) StdoutLine: {'line': b'-- Symlinking: /home/ubuntu22/lidar_slam_ws/install/slam_toolbox/include/slam_toolbox/slam_toolbox/srv/detail/deserialize_pose_graph__rosidl_typesupport_fastrtps_c.h\n'}
[188.405953] (slam_toolbox) StdoutLine: {'line': b'-- Symlinking: /home/ubuntu22/lidar_slam_ws/install/slam_toolbox/include/slam_toolbox/slam_toolbox/srv/detail/loop_closure__rosidl_typesupport_fastrtps_c.h\n'}
[188.414751] (slam_toolbox) StdoutLine: {'line': b'-- Symlinking: /home/ubuntu22/lidar_slam_ws/install/slam_toolbox/include/slam_toolbox/slam_toolbox/srv/detail/merge_maps__rosidl_typesupport_fastrtps_c.h\n'}
[188.423557] (slam_toolbox) StdoutLine: {'line': b'-- Symlinking: /home/ubuntu22/lidar_slam_ws/install/slam_toolbox/include/slam_toolbox/slam_toolbox/srv/detail/pause__rosidl_typesupport_fastrtps_c.h\n'}
[188.425324] (-) TimerEvent: {}
[188.432803] (slam_toolbox) StdoutLine: {'line': b'-- Symlinking: /home/ubuntu22/lidar_slam_ws/install/slam_toolbox/include/slam_toolbox/slam_toolbox/srv/detail/save_map__rosidl_typesupport_fastrtps_c.h\n'}
[188.443151] (slam_toolbox) StdoutLine: {'line': b'-- Symlinking: /home/ubuntu22/lidar_slam_ws/install/slam_toolbox/include/slam_toolbox/slam_toolbox/srv/detail/serialize_pose_graph__rosidl_typesupport_fastrtps_c.h\n'}
[188.452632] (slam_toolbox) StdoutLine: {'line': b'-- Symlinking: /home/ubuntu22/lidar_slam_ws/install/slam_toolbox/include/slam_toolbox/slam_toolbox/srv/detail/toggle_interactive__rosidl_typesupport_fastrtps_c.h\n'}
[188.462460] (slam_toolbox) StdoutLine: {'line': b'-- Symlinking: /home/ubuntu22/lidar_slam_ws/install/slam_toolbox/include/slam_toolbox/slam_toolbox/msg/rosidl_generator_cpp__visibility_control.hpp\n'}
[188.471632] (slam_toolbox) StdoutLine: {'line': b'-- Symlinking: /home/ubuntu22/lidar_slam_ws/install/slam_toolbox/include/slam_toolbox/slam_toolbox/srv/add_submap.hpp\n'}
[188.480500] (slam_toolbox) StdoutLine: {'line': b'-- Symlinking: /home/ubuntu22/lidar_slam_ws/install/slam_toolbox/include/slam_toolbox/slam_toolbox/srv/clear.hpp\n'}
[188.489332] (slam_toolbox) StdoutLine: {'line': b'-- Symlinking: /home/ubuntu22/lidar_slam_ws/install/slam_toolbox/include/slam_toolbox/slam_toolbox/srv/clear_queue.hpp\n'}
[188.498298] (slam_toolbox) StdoutLine: {'line': b'-- Symlinking: /home/ubuntu22/lidar_slam_ws/install/slam_toolbox/include/slam_toolbox/slam_toolbox/srv/deserialize_pose_graph.hpp\n'}
[188.507079] (slam_toolbox) StdoutLine: {'line': b'-- Symlinking: /home/ubuntu22/lidar_slam_ws/install/slam_toolbox/include/slam_toolbox/slam_toolbox/srv/detail/add_submap__builder.hpp\n'}
[188.516181] (slam_toolbox) StdoutLine: {'line': b'-- Symlinking: /home/ubuntu22/lidar_slam_ws/install/slam_toolbox/include/slam_toolbox/slam_toolbox/srv/detail/add_submap__struct.hpp\n'}
[188.525041] (slam_toolbox) StdoutLine: {'line': b'-- Symlinking: /home/ubuntu22/lidar_slam_ws/install/slam_toolbox/include/slam_toolbox/slam_toolbox/srv/detail/add_submap__traits.hpp\n'}
[188.525432] (-) TimerEvent: {}
[188.533963] (slam_toolbox) StdoutLine: {'line': b'-- Symlinking: /home/ubuntu22/lidar_slam_ws/install/slam_toolbox/include/slam_toolbox/slam_toolbox/srv/detail/add_submap__type_support.hpp\n'}
[188.543396] (slam_toolbox) StdoutLine: {'line': b'-- Symlinking: /home/ubuntu22/lidar_slam_ws/install/slam_toolbox/include/slam_toolbox/slam_toolbox/srv/detail/clear__builder.hpp\n'}
[188.553165] (slam_toolbox) StdoutLine: {'line': b'-- Symlinking: /home/ubuntu22/lidar_slam_ws/install/slam_toolbox/include/slam_toolbox/slam_toolbox/srv/detail/clear__struct.hpp\n'}
[188.562667] (slam_toolbox) StdoutLine: {'line': b'-- Symlinking: /home/ubuntu22/lidar_slam_ws/install/slam_toolbox/include/slam_toolbox/slam_toolbox/srv/detail/clear__traits.hpp\n'}
[188.572083] (slam_toolbox) StdoutLine: {'line': b'-- Symlinking: /home/ubuntu22/lidar_slam_ws/install/slam_toolbox/include/slam_toolbox/slam_toolbox/srv/detail/clear__type_support.hpp\n'}
[188.580996] (slam_toolbox) StdoutLine: {'line': b'-- Symlinking: /home/ubuntu22/lidar_slam_ws/install/slam_toolbox/include/slam_toolbox/slam_toolbox/srv/detail/clear_queue__builder.hpp\n'}
[188.590454] (slam_toolbox) StdoutLine: {'line': b'-- Symlinking: /home/ubuntu22/lidar_slam_ws/install/slam_toolbox/include/slam_toolbox/slam_toolbox/srv/detail/clear_queue__struct.hpp\n'}
[188.599350] (slam_toolbox) StdoutLine: {'line': b'-- Symlinking: /home/ubuntu22/lidar_slam_ws/install/slam_toolbox/include/slam_toolbox/slam_toolbox/srv/detail/clear_queue__traits.hpp\n'}
[188.608339] (slam_toolbox) StdoutLine: {'line': b'-- Symlinking: /home/ubuntu22/lidar_slam_ws/install/slam_toolbox/include/slam_toolbox/slam_toolbox/srv/detail/clear_queue__type_support.hpp\n'}
[188.617145] (slam_toolbox) StdoutLine: {'line': b'-- Symlinking: /home/ubuntu22/lidar_slam_ws/install/slam_toolbox/include/slam_toolbox/slam_toolbox/srv/detail/deserialize_pose_graph__builder.hpp\n'}
[188.625664] (-) TimerEvent: {}
[188.626273] (slam_toolbox) StdoutLine: {'line': b'-- Symlinking: /home/ubuntu22/lidar_slam_ws/install/slam_toolbox/include/slam_toolbox/slam_toolbox/srv/detail/deserialize_pose_graph__struct.hpp\n'}
[188.635399] (slam_toolbox) StdoutLine: {'line': b'-- Symlinking: /home/ubuntu22/lidar_slam_ws/install/slam_toolbox/include/slam_toolbox/slam_toolbox/srv/detail/deserialize_pose_graph__traits.hpp\n'}
[188.644445] (slam_toolbox) StdoutLine: {'line': b'-- Symlinking: /home/ubuntu22/lidar_slam_ws/install/slam_toolbox/include/slam_toolbox/slam_toolbox/srv/detail/deserialize_pose_graph__type_support.hpp\n'}
[188.653475] (slam_toolbox) StdoutLine: {'line': b'-- Symlinking: /home/ubuntu22/lidar_slam_ws/install/slam_toolbox/include/slam_toolbox/slam_toolbox/srv/detail/loop_closure__builder.hpp\n'}
[188.662656] (slam_toolbox) StdoutLine: {'line': b'-- Symlinking: /home/ubuntu22/lidar_slam_ws/install/slam_toolbox/include/slam_toolbox/slam_toolbox/srv/detail/loop_closure__struct.hpp\n'}
[188.672137] (slam_toolbox) StdoutLine: {'line': b'-- Symlinking: /home/ubuntu22/lidar_slam_ws/install/slam_toolbox/include/slam_toolbox/slam_toolbox/srv/detail/loop_closure__traits.hpp\n'}
[188.681060] (slam_toolbox) StdoutLine: {'line': b'-- Symlinking: /home/ubuntu22/lidar_slam_ws/install/slam_toolbox/include/slam_toolbox/slam_toolbox/srv/detail/loop_closure__type_support.hpp\n'}
[188.690056] (slam_toolbox) StdoutLine: {'line': b'-- Symlinking: /home/ubuntu22/lidar_slam_ws/install/slam_toolbox/include/slam_toolbox/slam_toolbox/srv/detail/merge_maps__builder.hpp\n'}
[188.699152] (slam_toolbox) StdoutLine: {'line': b'-- Symlinking: /home/ubuntu22/lidar_slam_ws/install/slam_toolbox/include/slam_toolbox/slam_toolbox/srv/detail/merge_maps__struct.hpp\n'}
[188.708159] (slam_toolbox) StdoutLine: {'line': b'-- Symlinking: /home/ubuntu22/lidar_slam_ws/install/slam_toolbox/include/slam_toolbox/slam_toolbox/srv/detail/merge_maps__traits.hpp\n'}
[188.718018] (slam_toolbox) StdoutLine: {'line': b'-- Symlinking: /home/ubuntu22/lidar_slam_ws/install/slam_toolbox/include/slam_toolbox/slam_toolbox/srv/detail/merge_maps__type_support.hpp\n'}
[188.725749] (-) TimerEvent: {}
[188.726971] (slam_toolbox) StdoutLine: {'line': b'-- Symlinking: /home/ubuntu22/lidar_slam_ws/install/slam_toolbox/include/slam_toolbox/slam_toolbox/srv/detail/pause__builder.hpp\n'}
[188.736016] (slam_toolbox) StdoutLine: {'line': b'-- Symlinking: /home/ubuntu22/lidar_slam_ws/install/slam_toolbox/include/slam_toolbox/slam_toolbox/srv/detail/pause__struct.hpp\n'}
[188.745945] (slam_toolbox) StdoutLine: {'line': b'-- Symlinking: /home/ubuntu22/lidar_slam_ws/install/slam_toolbox/include/slam_toolbox/slam_toolbox/srv/detail/pause__traits.hpp\n'}
[188.755839] (slam_toolbox) StdoutLine: {'line': b'-- Symlinking: /home/ubuntu22/lidar_slam_ws/install/slam_toolbox/include/slam_toolbox/slam_toolbox/srv/detail/pause__type_support.hpp\n'}
[188.765786] (slam_toolbox) StdoutLine: {'line': b'-- Symlinking: /home/ubuntu22/lidar_slam_ws/install/slam_toolbox/include/slam_toolbox/slam_toolbox/srv/detail/save_map__builder.hpp\n'}
[188.775505] (slam_toolbox) StdoutLine: {'line': b'-- Symlinking: /home/ubuntu22/lidar_slam_ws/install/slam_toolbox/include/slam_toolbox/slam_toolbox/srv/detail/save_map__struct.hpp\n'}
[188.785302] (slam_toolbox) StdoutLine: {'line': b'-- Symlinking: /home/ubuntu22/lidar_slam_ws/install/slam_toolbox/include/slam_toolbox/slam_toolbox/srv/detail/save_map__traits.hpp\n'}
[188.795168] (slam_toolbox) StdoutLine: {'line': b'-- Symlinking: /home/ubuntu22/lidar_slam_ws/install/slam_toolbox/include/slam_toolbox/slam_toolbox/srv/detail/save_map__type_support.hpp\n'}
[188.804976] (slam_toolbox) StdoutLine: {'line': b'-- Symlinking: /home/ubuntu22/lidar_slam_ws/install/slam_toolbox/include/slam_toolbox/slam_toolbox/srv/detail/serialize_pose_graph__builder.hpp\n'}
[188.814913] (slam_toolbox) StdoutLine: {'line': b'-- Symlinking: /home/ubuntu22/lidar_slam_ws/install/slam_toolbox/include/slam_toolbox/slam_toolbox/srv/detail/serialize_pose_graph__struct.hpp\n'}
[188.824988] (slam_toolbox) StdoutLine: {'line': b'-- Symlinking: /home/ubuntu22/lidar_slam_ws/install/slam_toolbox/include/slam_toolbox/slam_toolbox/srv/detail/serialize_pose_graph__traits.hpp\n'}
[188.825826] (-) TimerEvent: {}
[188.835034] (slam_toolbox) StdoutLine: {'line': b'-- Symlinking: /home/ubuntu22/lidar_slam_ws/install/slam_toolbox/include/slam_toolbox/slam_toolbox/srv/detail/serialize_pose_graph__type_support.hpp\n'}
[188.845155] (slam_toolbox) StdoutLine: {'line': b'-- Symlinking: /home/ubuntu22/lidar_slam_ws/install/slam_toolbox/include/slam_toolbox/slam_toolbox/srv/detail/toggle_interactive__builder.hpp\n'}
[188.855413] (slam_toolbox) StdoutLine: {'line': b'-- Symlinking: /home/ubuntu22/lidar_slam_ws/install/slam_toolbox/include/slam_toolbox/slam_toolbox/srv/detail/toggle_interactive__struct.hpp\n'}
[188.865252] (slam_toolbox) StdoutLine: {'line': b'-- Symlinking: /home/ubuntu22/lidar_slam_ws/install/slam_toolbox/include/slam_toolbox/slam_toolbox/srv/detail/toggle_interactive__traits.hpp\n'}
[188.874465] (slam_toolbox) StdoutLine: {'line': b'-- Symlinking: /home/ubuntu22/lidar_slam_ws/install/slam_toolbox/include/slam_toolbox/slam_toolbox/srv/detail/toggle_interactive__type_support.hpp\n'}
[188.884132] (slam_toolbox) StdoutLine: {'line': b'-- Symlinking: /home/ubuntu22/lidar_slam_ws/install/slam_toolbox/include/slam_toolbox/slam_toolbox/srv/loop_closure.hpp\n'}
[188.893529] (slam_toolbox) StdoutLine: {'line': b'-- Symlinking: /home/ubuntu22/lidar_slam_ws/install/slam_toolbox/include/slam_toolbox/slam_toolbox/srv/merge_maps.hpp\n'}
[188.902789] (slam_toolbox) StdoutLine: {'line': b'-- Symlinking: /home/ubuntu22/lidar_slam_ws/install/slam_toolbox/include/slam_toolbox/slam_toolbox/srv/pause.hpp\n'}
[188.911957] (slam_toolbox) StdoutLine: {'line': b'-- Symlinking: /home/ubuntu22/lidar_slam_ws/install/slam_toolbox/include/slam_toolbox/slam_toolbox/srv/save_map.hpp\n'}
[188.921155] (slam_toolbox) StdoutLine: {'line': b'-- Symlinking: /home/ubuntu22/lidar_slam_ws/install/slam_toolbox/include/slam_toolbox/slam_toolbox/srv/serialize_pose_graph.hpp\n'}
[188.925931] (-) TimerEvent: {}
[188.930894] (slam_toolbox) StdoutLine: {'line': b'-- Symlinking: /home/ubuntu22/lidar_slam_ws/install/slam_toolbox/include/slam_toolbox/slam_toolbox/srv/toggle_interactive.hpp\n'}
[188.941932] (slam_toolbox) StdoutLine: {'line': b'-- Symlinking: /home/ubuntu22/lidar_slam_ws/install/slam_toolbox/include/slam_toolbox/slam_toolbox/msg/rosidl_typesupport_fastrtps_cpp__visibility_control.h\n'}
[188.951447] (slam_toolbox) StdoutLine: {'line': b'-- Symlinking: /home/ubuntu22/lidar_slam_ws/install/slam_toolbox/include/slam_toolbox/slam_toolbox/srv/detail/add_submap__rosidl_typesupport_fastrtps_cpp.hpp\n'}
[188.961305] (slam_toolbox) StdoutLine: {'line': b'-- Symlinking: /home/ubuntu22/lidar_slam_ws/install/slam_toolbox/include/slam_toolbox/slam_toolbox/srv/detail/clear__rosidl_typesupport_fastrtps_cpp.hpp\n'}
[188.971199] (slam_toolbox) StdoutLine: {'line': b'-- Symlinking: /home/ubuntu22/lidar_slam_ws/install/slam_toolbox/include/slam_toolbox/slam_toolbox/srv/detail/clear_queue__rosidl_typesupport_fastrtps_cpp.hpp\n'}
[188.981128] (slam_toolbox) StdoutLine: {'line': b'-- Symlinking: /home/ubuntu22/lidar_slam_ws/install/slam_toolbox/include/slam_toolbox/slam_toolbox/srv/detail/deserialize_pose_graph__rosidl_typesupport_fastrtps_cpp.hpp\n'}
[188.990461] (slam_toolbox) StdoutLine: {'line': b'-- Symlinking: /home/ubuntu22/lidar_slam_ws/install/slam_toolbox/include/slam_toolbox/slam_toolbox/srv/detail/loop_closure__rosidl_typesupport_fastrtps_cpp.hpp\n'}
[188.999630] (slam_toolbox) StdoutLine: {'line': b'-- Symlinking: /home/ubuntu22/lidar_slam_ws/install/slam_toolbox/include/slam_toolbox/slam_toolbox/srv/detail/merge_maps__rosidl_typesupport_fastrtps_cpp.hpp\n'}
[189.008378] (slam_toolbox) StdoutLine: {'line': b'-- Symlinking: /home/ubuntu22/lidar_slam_ws/install/slam_toolbox/include/slam_toolbox/slam_toolbox/srv/detail/pause__rosidl_typesupport_fastrtps_cpp.hpp\n'}
[189.017649] (slam_toolbox) StdoutLine: {'line': b'-- Symlinking: /home/ubuntu22/lidar_slam_ws/install/slam_toolbox/include/slam_toolbox/slam_toolbox/srv/detail/save_map__rosidl_typesupport_fastrtps_cpp.hpp\n'}
[189.026043] (-) TimerEvent: {}
[189.026553] (slam_toolbox) StdoutLine: {'line': b'-- Symlinking: /home/ubuntu22/lidar_slam_ws/install/slam_toolbox/include/slam_toolbox/slam_toolbox/srv/detail/serialize_pose_graph__rosidl_typesupport_fastrtps_cpp.hpp\n'}
[189.035430] (slam_toolbox) StdoutLine: {'line': b'-- Symlinking: /home/ubuntu22/lidar_slam_ws/install/slam_toolbox/include/slam_toolbox/slam_toolbox/srv/detail/toggle_interactive__rosidl_typesupport_fastrtps_cpp.hpp\n'}
[189.045519] (slam_toolbox) StdoutLine: {'line': b'-- Symlinking: /home/ubuntu22/lidar_slam_ws/install/slam_toolbox/include/slam_toolbox/slam_toolbox/msg/rosidl_typesupport_introspection_c__visibility_control.h\n'}
[189.054702] (slam_toolbox) StdoutLine: {'line': b'-- Symlinking: /home/ubuntu22/lidar_slam_ws/install/slam_toolbox/include/slam_toolbox/slam_toolbox/srv/detail/add_submap__rosidl_typesupport_introspection_c.h\n'}
[189.064062] (slam_toolbox) StdoutLine: {'line': b'-- Symlinking: /home/ubuntu22/lidar_slam_ws/install/slam_toolbox/include/slam_toolbox/slam_toolbox/srv/detail/clear__rosidl_typesupport_introspection_c.h\n'}
[189.072646] (slam_toolbox) StdoutLine: {'line': b'-- Symlinking: /home/ubuntu22/lidar_slam_ws/install/slam_toolbox/include/slam_toolbox/slam_toolbox/srv/detail/clear_queue__rosidl_typesupport_introspection_c.h\n'}
[189.082396] (slam_toolbox) StdoutLine: {'line': b'-- Symlinking: /home/ubuntu22/lidar_slam_ws/install/slam_toolbox/include/slam_toolbox/slam_toolbox/srv/detail/deserialize_pose_graph__rosidl_typesupport_introspection_c.h\n'}
[189.091143] (slam_toolbox) StdoutLine: {'line': b'-- Symlinking: /home/ubuntu22/lidar_slam_ws/install/slam_toolbox/include/slam_toolbox/slam_toolbox/srv/detail/loop_closure__rosidl_typesupport_introspection_c.h\n'}
[189.100820] (slam_toolbox) StdoutLine: {'line': b'-- Symlinking: /home/ubuntu22/lidar_slam_ws/install/slam_toolbox/include/slam_toolbox/slam_toolbox/srv/detail/merge_maps__rosidl_typesupport_introspection_c.h\n'}
[189.109708] (slam_toolbox) StdoutLine: {'line': b'-- Symlinking: /home/ubuntu22/lidar_slam_ws/install/slam_toolbox/include/slam_toolbox/slam_toolbox/srv/detail/pause__rosidl_typesupport_introspection_c.h\n'}
[189.118900] (slam_toolbox) StdoutLine: {'line': b'-- Symlinking: /home/ubuntu22/lidar_slam_ws/install/slam_toolbox/include/slam_toolbox/slam_toolbox/srv/detail/save_map__rosidl_typesupport_introspection_c.h\n'}
[189.126127] (-) TimerEvent: {}
[189.128109] (slam_toolbox) StdoutLine: {'line': b'-- Symlinking: /home/ubuntu22/lidar_slam_ws/install/slam_toolbox/include/slam_toolbox/slam_toolbox/srv/detail/serialize_pose_graph__rosidl_typesupport_introspection_c.h\n'}
[189.140622] (slam_toolbox) StdoutLine: {'line': b'-- Symlinking: /home/ubuntu22/lidar_slam_ws/install/slam_toolbox/include/slam_toolbox/slam_toolbox/srv/detail/toggle_interactive__rosidl_typesupport_introspection_c.h\n'}
[189.150448] (slam_toolbox) StdoutLine: {'line': b'-- Symlinking: /home/ubuntu22/lidar_slam_ws/install/slam_toolbox/include/slam_toolbox/slam_toolbox/srv/detail/add_submap__rosidl_typesupport_introspection_cpp.hpp\n'}
[189.159863] (slam_toolbox) StdoutLine: {'line': b'-- Symlinking: /home/ubuntu22/lidar_slam_ws/install/slam_toolbox/include/slam_toolbox/slam_toolbox/srv/detail/clear__rosidl_typesupport_introspection_cpp.hpp\n'}
[189.168609] (slam_toolbox) StdoutLine: {'line': b'-- Symlinking: /home/ubuntu22/lidar_slam_ws/install/slam_toolbox/include/slam_toolbox/slam_toolbox/srv/detail/clear_queue__rosidl_typesupport_introspection_cpp.hpp\n'}
[189.178254] (slam_toolbox) StdoutLine: {'line': b'-- Symlinking: /home/ubuntu22/lidar_slam_ws/install/slam_toolbox/include/slam_toolbox/slam_toolbox/srv/detail/deserialize_pose_graph__rosidl_typesupport_introspection_cpp.hpp\n'}
[189.187452] (slam_toolbox) StdoutLine: {'line': b'-- Symlinking: /home/ubuntu22/lidar_slam_ws/install/slam_toolbox/include/slam_toolbox/slam_toolbox/srv/detail/loop_closure__rosidl_typesupport_introspection_cpp.hpp\n'}
[189.196883] (slam_toolbox) StdoutLine: {'line': b'-- Symlinking: /home/ubuntu22/lidar_slam_ws/install/slam_toolbox/include/slam_toolbox/slam_toolbox/srv/detail/merge_maps__rosidl_typesupport_introspection_cpp.hpp\n'}
[189.205901] (slam_toolbox) StdoutLine: {'line': b'-- Symlinking: /home/ubuntu22/lidar_slam_ws/install/slam_toolbox/include/slam_toolbox/slam_toolbox/srv/detail/pause__rosidl_typesupport_introspection_cpp.hpp\n'}
[189.214888] (slam_toolbox) StdoutLine: {'line': b'-- Symlinking: /home/ubuntu22/lidar_slam_ws/install/slam_toolbox/include/slam_toolbox/slam_toolbox/srv/detail/save_map__rosidl_typesupport_introspection_cpp.hpp\n'}
[189.223674] (slam_toolbox) StdoutLine: {'line': b'-- Symlinking: /home/ubuntu22/lidar_slam_ws/install/slam_toolbox/include/slam_toolbox/slam_toolbox/srv/detail/serialize_pose_graph__rosidl_typesupport_introspection_cpp.hpp\n'}
[189.226265] (-) TimerEvent: {}
[189.232772] (slam_toolbox) StdoutLine: {'line': b'-- Symlinking: /home/ubuntu22/lidar_slam_ws/install/slam_toolbox/include/slam_toolbox/slam_toolbox/srv/detail/toggle_interactive__rosidl_typesupport_introspection_cpp.hpp\n'}
[189.242835] (slam_toolbox) StdoutLine: {'line': b'-- Symlinking: /home/ubuntu22/lidar_slam_ws/install/slam_toolbox/share/slam_toolbox/environment/pythonpath.sh\n'}
[189.252579] (slam_toolbox) StdoutLine: {'line': b'-- Symlinking: /home/ubuntu22/lidar_slam_ws/install/slam_toolbox/share/slam_toolbox/environment/pythonpath.dsv\n'}
[189.263536] (slam_toolbox) StdoutLine: {'line': b'-- Symlinking: /home/ubuntu22/lidar_slam_ws/install/slam_toolbox/local/lib/python3.10/dist-packages/slam_toolbox-2.6.10-py3.10.egg-info/PKG-INFO\n'}
[189.272407] (slam_toolbox) StdoutLine: {'line': b'-- Symlinking: /home/ubuntu22/lidar_slam_ws/install/slam_toolbox/local/lib/python3.10/dist-packages/slam_toolbox-2.6.10-py3.10.egg-info/SOURCES.txt\n'}
[189.281418] (slam_toolbox) StdoutLine: {'line': b'-- Symlinking: /home/ubuntu22/lidar_slam_ws/install/slam_toolbox/local/lib/python3.10/dist-packages/slam_toolbox-2.6.10-py3.10.egg-info/dependency_links.txt\n'}
[189.290848] (slam_toolbox) StdoutLine: {'line': b'-- Symlinking: /home/ubuntu22/lidar_slam_ws/install/slam_toolbox/local/lib/python3.10/dist-packages/slam_toolbox-2.6.10-py3.10.egg-info/top_level.txt\n'}
[189.301453] (slam_toolbox) StdoutLine: {'line': b'-- Symlinking: /home/ubuntu22/lidar_slam_ws/install/slam_toolbox/local/lib/python3.10/dist-packages/slam_toolbox/__init__.py\n'}
[189.310721] (slam_toolbox) StdoutLine: {'line': b'-- Symlinking: /home/ubuntu22/lidar_slam_ws/install/slam_toolbox/local/lib/python3.10/dist-packages/slam_toolbox/_slam_toolbox_s.ep.rosidl_typesupport_c.c\n'}
[189.319371] (slam_toolbox) StdoutLine: {'line': b'-- Symlinking: /home/ubuntu22/lidar_slam_ws/install/slam_toolbox/local/lib/python3.10/dist-packages/slam_toolbox/_slam_toolbox_s.ep.rosidl_typesupport_fastrtps_c.c\n'}
[189.326422] (-) TimerEvent: {}
[189.328438] (slam_toolbox) StdoutLine: {'line': b'-- Symlinking: /home/ubuntu22/lidar_slam_ws/install/slam_toolbox/local/lib/python3.10/dist-packages/slam_toolbox/_slam_toolbox_s.ep.rosidl_typesupport_introspection_c.c\n'}
[189.337270] (slam_toolbox) StdoutLine: {'line': b'-- Symlinking: /home/ubuntu22/lidar_slam_ws/install/slam_toolbox/local/lib/python3.10/dist-packages/slam_toolbox/libslam_toolbox__rosidl_generator_py.so\n'}
[189.346416] (slam_toolbox) StdoutLine: {'line': b'-- Symlinking: /home/ubuntu22/lidar_slam_ws/install/slam_toolbox/local/lib/python3.10/dist-packages/slam_toolbox/slam_toolbox_s__rosidl_typesupport_c.cpython-310-x86_64-linux-gnu.so\n'}
[189.355843] (slam_toolbox) StdoutLine: {'line': b'-- Symlinking: /home/ubuntu22/lidar_slam_ws/install/slam_toolbox/local/lib/python3.10/dist-packages/slam_toolbox/slam_toolbox_s__rosidl_typesupport_fastrtps_c.cpython-310-x86_64-linux-gnu.so\n'}
[189.365491] (slam_toolbox) StdoutLine: {'line': b'-- Symlinking: /home/ubuntu22/lidar_slam_ws/install/slam_toolbox/local/lib/python3.10/dist-packages/slam_toolbox/slam_toolbox_s__rosidl_typesupport_introspection_c.cpython-310-x86_64-linux-gnu.so\n'}
[189.375171] (slam_toolbox) StdoutLine: {'line': b'-- Symlinking: /home/ubuntu22/lidar_slam_ws/install/slam_toolbox/local/lib/python3.10/dist-packages/slam_toolbox/srv/__init__.py\n'}
[189.384801] (slam_toolbox) StdoutLine: {'line': b'-- Symlinking: /home/ubuntu22/lidar_slam_ws/install/slam_toolbox/local/lib/python3.10/dist-packages/slam_toolbox/srv/_add_submap.py\n'}
[189.393830] (slam_toolbox) StdoutLine: {'line': b'-- Symlinking: /home/ubuntu22/lidar_slam_ws/install/slam_toolbox/local/lib/python3.10/dist-packages/slam_toolbox/srv/_add_submap_s.c\n'}
[189.403084] (slam_toolbox) StdoutLine: {'line': b'-- Symlinking: /home/ubuntu22/lidar_slam_ws/install/slam_toolbox/local/lib/python3.10/dist-packages/slam_toolbox/srv/_clear.py\n'}
[189.412520] (slam_toolbox) StdoutLine: {'line': b'-- Symlinking: /home/ubuntu22/lidar_slam_ws/install/slam_toolbox/local/lib/python3.10/dist-packages/slam_toolbox/srv/_clear_queue.py\n'}
[189.421751] (slam_toolbox) StdoutLine: {'line': b'-- Symlinking: /home/ubuntu22/lidar_slam_ws/install/slam_toolbox/local/lib/python3.10/dist-packages/slam_toolbox/srv/_clear_queue_s.c\n'}
[189.426633] (-) TimerEvent: {}
[189.430944] (slam_toolbox) StdoutLine: {'line': b'-- Symlinking: /home/ubuntu22/lidar_slam_ws/install/slam_toolbox/local/lib/python3.10/dist-packages/slam_toolbox/srv/_clear_s.c\n'}
[189.440402] (slam_toolbox) StdoutLine: {'line': b'-- Symlinking: /home/ubuntu22/lidar_slam_ws/install/slam_toolbox/local/lib/python3.10/dist-packages/slam_toolbox/srv/_deserialize_pose_graph.py\n'}
[189.449840] (slam_toolbox) StdoutLine: {'line': b'-- Symlinking: /home/ubuntu22/lidar_slam_ws/install/slam_toolbox/local/lib/python3.10/dist-packages/slam_toolbox/srv/_deserialize_pose_graph_s.c\n'}
[189.459337] (slam_toolbox) StdoutLine: {'line': b'-- Symlinking: /home/ubuntu22/lidar_slam_ws/install/slam_toolbox/local/lib/python3.10/dist-packages/slam_toolbox/srv/_loop_closure.py\n'}
[189.468659] (slam_toolbox) StdoutLine: {'line': b'-- Symlinking: /home/ubuntu22/lidar_slam_ws/install/slam_toolbox/local/lib/python3.10/dist-packages/slam_toolbox/srv/_loop_closure_s.c\n'}
[189.477744] (slam_toolbox) StdoutLine: {'line': b'-- Symlinking: /home/ubuntu22/lidar_slam_ws/install/slam_toolbox/local/lib/python3.10/dist-packages/slam_toolbox/srv/_merge_maps.py\n'}
[189.486919] (slam_toolbox) StdoutLine: {'line': b'-- Symlinking: /home/ubuntu22/lidar_slam_ws/install/slam_toolbox/local/lib/python3.10/dist-packages/slam_toolbox/srv/_merge_maps_s.c\n'}
[189.495872] (slam_toolbox) StdoutLine: {'line': b'-- Symlinking: /home/ubuntu22/lidar_slam_ws/install/slam_toolbox/local/lib/python3.10/dist-packages/slam_toolbox/srv/_pause.py\n'}
[189.505031] (slam_toolbox) StdoutLine: {'line': b'-- Symlinking: /home/ubuntu22/lidar_slam_ws/install/slam_toolbox/local/lib/python3.10/dist-packages/slam_toolbox/srv/_pause_s.c\n'}
[189.513846] (slam_toolbox) StdoutLine: {'line': b'-- Symlinking: /home/ubuntu22/lidar_slam_ws/install/slam_toolbox/local/lib/python3.10/dist-packages/slam_toolbox/srv/_save_map.py\n'}
[189.522948] (slam_toolbox) StdoutLine: {'line': b'-- Symlinking: /home/ubuntu22/lidar_slam_ws/install/slam_toolbox/local/lib/python3.10/dist-packages/slam_toolbox/srv/_save_map_s.c\n'}
[189.526790] (-) TimerEvent: {}
[189.532201] (slam_toolbox) StdoutLine: {'line': b'-- Symlinking: /home/ubuntu22/lidar_slam_ws/install/slam_toolbox/local/lib/python3.10/dist-packages/slam_toolbox/srv/_serialize_pose_graph.py\n'}
[189.542637] (slam_toolbox) StdoutLine: {'line': b'-- Symlinking: /home/ubuntu22/lidar_slam_ws/install/slam_toolbox/local/lib/python3.10/dist-packages/slam_toolbox/srv/_serialize_pose_graph_s.c\n'}
[189.552010] (slam_toolbox) StdoutLine: {'line': b'-- Symlinking: /home/ubuntu22/lidar_slam_ws/install/slam_toolbox/local/lib/python3.10/dist-packages/slam_toolbox/srv/_toggle_interactive.py\n'}
[189.560633] (slam_toolbox) StdoutLine: {'line': b'-- Symlinking: /home/ubuntu22/lidar_slam_ws/install/slam_toolbox/local/lib/python3.10/dist-packages/slam_toolbox/srv/_toggle_interactive_s.c\n'}
[189.570429] (slam_toolbox) StdoutLine: {'line': b'-- Up-to-date symlink: /home/ubuntu22/lidar_slam_ws/install/slam_toolbox/local/lib/python3.10/dist-packages/slam_toolbox/slam_toolbox_s__rosidl_typesupport_fastrtps_c.cpython-310-x86_64-linux-gnu.so\n'}
[189.570820] (slam_toolbox) StdoutLine: {'line': b'-- Up-to-date symlink: /home/ubuntu22/lidar_slam_ws/install/slam_toolbox/local/lib/python3.10/dist-packages/slam_toolbox/slam_toolbox_s__rosidl_typesupport_introspection_c.cpython-310-x86_64-linux-gnu.so\n'}
[189.570964] (slam_toolbox) StdoutLine: {'line': b'-- Up-to-date symlink: /home/ubuntu22/lidar_slam_ws/install/slam_toolbox/local/lib/python3.10/dist-packages/slam_toolbox/slam_toolbox_s__rosidl_typesupport_c.cpython-310-x86_64-linux-gnu.so\n'}
[189.571613] (slam_toolbox) StdoutLine: {'line': b'-- Symlinking: /home/ubuntu22/lidar_slam_ws/install/slam_toolbox/share/slam_toolbox/srv/Pause.idl\n'}
[189.580523] (slam_toolbox) StdoutLine: {'line': b'-- Symlinking: /home/ubuntu22/lidar_slam_ws/install/slam_toolbox/share/slam_toolbox/srv/ClearQueue.idl\n'}
[189.589611] (slam_toolbox) StdoutLine: {'line': b'-- Symlinking: /home/ubuntu22/lidar_slam_ws/install/slam_toolbox/share/slam_toolbox/srv/ToggleInteractive.idl\n'}
[189.598550] (slam_toolbox) StdoutLine: {'line': b'-- Symlinking: /home/ubuntu22/lidar_slam_ws/install/slam_toolbox/share/slam_toolbox/srv/Clear.idl\n'}
[189.607076] (slam_toolbox) StdoutLine: {'line': b'-- Symlinking: /home/ubuntu22/lidar_slam_ws/install/slam_toolbox/share/slam_toolbox/srv/SaveMap.idl\n'}
[189.616728] (slam_toolbox) StdoutLine: {'line': b'-- Symlinking: /home/ubuntu22/lidar_slam_ws/install/slam_toolbox/share/slam_toolbox/srv/LoopClosure.idl\n'}
[189.626085] (slam_toolbox) StdoutLine: {'line': b'-- Symlinking: /home/ubuntu22/lidar_slam_ws/install/slam_toolbox/share/slam_toolbox/srv/MergeMaps.idl\n'}
[189.626859] (-) TimerEvent: {}
[189.635240] (slam_toolbox) StdoutLine: {'line': b'-- Symlinking: /home/ubuntu22/lidar_slam_ws/install/slam_toolbox/share/slam_toolbox/srv/AddSubmap.idl\n'}
[189.645789] (slam_toolbox) StdoutLine: {'line': b'-- Symlinking: /home/ubuntu22/lidar_slam_ws/install/slam_toolbox/share/slam_toolbox/srv/DeserializePoseGraph.idl\n'}
[189.655401] (slam_toolbox) StdoutLine: {'line': b'-- Symlinking: /home/ubuntu22/lidar_slam_ws/install/slam_toolbox/share/slam_toolbox/srv/SerializePoseGraph.idl\n'}
[189.665304] (slam_toolbox) StdoutLine: {'line': b'-- Symlinking: /home/ubuntu22/lidar_slam_ws/install/slam_toolbox/share/slam_toolbox/srv/Pause.srv\n'}
[189.674538] (slam_toolbox) StdoutLine: {'line': b'-- Symlinking: /home/ubuntu22/lidar_slam_ws/install/slam_toolbox/share/slam_toolbox/srv/Pause_Request.msg\n'}
[189.683543] (slam_toolbox) StdoutLine: {'line': b'-- Symlinking: /home/ubuntu22/lidar_slam_ws/install/slam_toolbox/share/slam_toolbox/srv/Pause_Response.msg\n'}
[189.693622] (slam_toolbox) StdoutLine: {'line': b'-- Symlinking: /home/ubuntu22/lidar_slam_ws/install/slam_toolbox/share/slam_toolbox/srv/ClearQueue.srv\n'}
[189.703439] (slam_toolbox) StdoutLine: {'line': b'-- Symlinking: /home/ubuntu22/lidar_slam_ws/install/slam_toolbox/share/slam_toolbox/srv/ClearQueue_Request.msg\n'}
[189.713254] (slam_toolbox) StdoutLine: {'line': b'-- Symlinking: /home/ubuntu22/lidar_slam_ws/install/slam_toolbox/share/slam_toolbox/srv/ClearQueue_Response.msg\n'}
[189.722619] (slam_toolbox) StdoutLine: {'line': b'-- Symlinking: /home/ubuntu22/lidar_slam_ws/install/slam_toolbox/share/slam_toolbox/srv/ToggleInteractive.srv\n'}
[189.727005] (-) TimerEvent: {}
[189.732274] (slam_toolbox) StdoutLine: {'line': b'-- Symlinking: /home/ubuntu22/lidar_slam_ws/install/slam_toolbox/share/slam_toolbox/srv/ToggleInteractive_Request.msg\n'}
[189.742358] (slam_toolbox) StdoutLine: {'line': b'-- Symlinking: /home/ubuntu22/lidar_slam_ws/install/slam_toolbox/share/slam_toolbox/srv/ToggleInteractive_Response.msg\n'}
[189.751665] (slam_toolbox) StdoutLine: {'line': b'-- Symlinking: /home/ubuntu22/lidar_slam_ws/install/slam_toolbox/share/slam_toolbox/srv/Clear.srv\n'}
[189.761121] (slam_toolbox) StdoutLine: {'line': b'-- Symlinking: /home/ubuntu22/lidar_slam_ws/install/slam_toolbox/share/slam_toolbox/srv/Clear_Request.msg\n'}
[189.770583] (slam_toolbox) StdoutLine: {'line': b'-- Symlinking: /home/ubuntu22/lidar_slam_ws/install/slam_toolbox/share/slam_toolbox/srv/Clear_Response.msg\n'}
[189.779609] (slam_toolbox) StdoutLine: {'line': b'-- Symlinking: /home/ubuntu22/lidar_slam_ws/install/slam_toolbox/share/slam_toolbox/srv/SaveMap.srv\n'}
[189.789466] (slam_toolbox) StdoutLine: {'line': b'-- Symlinking: /home/ubuntu22/lidar_slam_ws/install/slam_toolbox/share/slam_toolbox/srv/SaveMap_Request.msg\n'}
[189.799221] (slam_toolbox) StdoutLine: {'line': b'-- Symlinking: /home/ubuntu22/lidar_slam_ws/install/slam_toolbox/share/slam_toolbox/srv/SaveMap_Response.msg\n'}
[189.808382] (slam_toolbox) StdoutLine: {'line': b'-- Symlinking: /home/ubuntu22/lidar_slam_ws/install/slam_toolbox/share/slam_toolbox/srv/LoopClosure.srv\n'}
[189.817584] (slam_toolbox) StdoutLine: {'line': b'-- Symlinking: /home/ubuntu22/lidar_slam_ws/install/slam_toolbox/share/slam_toolbox/srv/LoopClosure_Request.msg\n'}
[189.826750] (slam_toolbox) StdoutLine: {'line': b'-- Symlinking: /home/ubuntu22/lidar_slam_ws/install/slam_toolbox/share/slam_toolbox/srv/LoopClosure_Response.msg\n'}
[189.827164] (-) TimerEvent: {}
[189.836111] (slam_toolbox) StdoutLine: {'line': b'-- Symlinking: /home/ubuntu22/lidar_slam_ws/install/slam_toolbox/share/slam_toolbox/srv/MergeMaps.srv\n'}
[189.845837] (slam_toolbox) StdoutLine: {'line': b'-- Symlinking: /home/ubuntu22/lidar_slam_ws/install/slam_toolbox/share/slam_toolbox/srv/MergeMaps_Request.msg\n'}
[189.855288] (slam_toolbox) StdoutLine: {'line': b'-- Symlinking: /home/ubuntu22/lidar_slam_ws/install/slam_toolbox/share/slam_toolbox/srv/MergeMaps_Response.msg\n'}
[189.864140] (slam_toolbox) StdoutLine: {'line': b'-- Symlinking: /home/ubuntu22/lidar_slam_ws/install/slam_toolbox/share/slam_toolbox/srv/AddSubmap.srv\n'}
[189.873406] (slam_toolbox) StdoutLine: {'line': b'-- Symlinking: /home/ubuntu22/lidar_slam_ws/install/slam_toolbox/share/slam_toolbox/srv/AddSubmap_Request.msg\n'}
[189.882595] (slam_toolbox) StdoutLine: {'line': b'-- Symlinking: /home/ubuntu22/lidar_slam_ws/install/slam_toolbox/share/slam_toolbox/srv/AddSubmap_Response.msg\n'}
[189.892146] (slam_toolbox) StdoutLine: {'line': b'-- Symlinking: /home/ubuntu22/lidar_slam_ws/install/slam_toolbox/share/slam_toolbox/srv/DeserializePoseGraph.srv\n'}
[189.901592] (slam_toolbox) StdoutLine: {'line': b'-- Symlinking: /home/ubuntu22/lidar_slam_ws/install/slam_toolbox/share/slam_toolbox/srv/DeserializePoseGraph_Request.msg\n'}
[189.910687] (slam_toolbox) StdoutLine: {'line': b'-- Symlinking: /home/ubuntu22/lidar_slam_ws/install/slam_toolbox/share/slam_toolbox/srv/DeserializePoseGraph_Response.msg\n'}
[189.920086] (slam_toolbox) StdoutLine: {'line': b'-- Symlinking: /home/ubuntu22/lidar_slam_ws/install/slam_toolbox/share/slam_toolbox/srv/SerializePoseGraph.srv\n'}
[189.927391] (-) TimerEvent: {}
[189.929064] (slam_toolbox) StdoutLine: {'line': b'-- Symlinking: /home/ubuntu22/lidar_slam_ws/install/slam_toolbox/share/slam_toolbox/srv/SerializePoseGraph_Request.msg\n'}
[189.938116] (slam_toolbox) StdoutLine: {'line': b'-- Symlinking: /home/ubuntu22/lidar_slam_ws/install/slam_toolbox/share/slam_toolbox/srv/SerializePoseGraph_Response.msg\n'}
[189.947449] (slam_toolbox) StdoutLine: {'line': b'-- Symlinking: /home/ubuntu22/lidar_slam_ws/install/slam_toolbox/share/slam_toolbox//rviz_plugins.xml\n'}
[189.957394] (slam_toolbox) StdoutLine: {'line': b'-- Symlinking: /home/ubuntu22/lidar_slam_ws/install/slam_toolbox/share/slam_toolbox//solver_plugins.xml\n'}
[189.967187] (slam_toolbox) StdoutLine: {'line': b'-- Symlinking: /home/ubuntu22/lidar_slam_ws/install/slam_toolbox/lib/slam_toolbox/async_slam_toolbox_node\n'}
[189.976727] (slam_toolbox) StdoutLine: {'line': b'-- Symlinking: /home/ubuntu22/lidar_slam_ws/install/slam_toolbox/lib/slam_toolbox/sync_slam_toolbox_node\n'}
[189.985925] (slam_toolbox) StdoutLine: {'line': b'-- Symlinking: /home/ubuntu22/lidar_slam_ws/install/slam_toolbox/lib/slam_toolbox/localization_slam_toolbox_node\n'}
[189.995079] (slam_toolbox) StdoutLine: {'line': b'-- Symlinking: /home/ubuntu22/lidar_slam_ws/install/slam_toolbox/lib/slam_toolbox/map_and_localization_slam_toolbox_node\n'}
[190.004594] (slam_toolbox) StdoutLine: {'line': b'-- Symlinking: /home/ubuntu22/lidar_slam_ws/install/slam_toolbox/lib/slam_toolbox/merge_maps_kinematic\n'}
[190.014008] (slam_toolbox) StdoutLine: {'line': b'-- Symlinking: /home/ubuntu22/lidar_slam_ws/install/slam_toolbox/lib/libtoolbox_common.so\n'}
[190.023312] (slam_toolbox) StdoutLine: {'line': b'-- Symlinking: /home/ubuntu22/lidar_slam_ws/install/slam_toolbox/lib/libSlamToolboxPlugin.so\n'}
[190.027694] (-) TimerEvent: {}
[190.033557] (slam_toolbox) StdoutLine: {'line': b'-- Symlinking: /home/ubuntu22/lidar_slam_ws/install/slam_toolbox/lib/libceres_solver_plugin.so\n'}
[190.043639] (slam_toolbox) StdoutLine: {'line': b'-- Symlinking: /home/ubuntu22/lidar_slam_ws/install/slam_toolbox/lib/libasync_slam_toolbox.so\n'}
[190.053755] (slam_toolbox) StdoutLine: {'line': b'-- Symlinking: /home/ubuntu22/lidar_slam_ws/install/slam_toolbox/lib/libsync_slam_toolbox.so\n'}
[190.063447] (slam_toolbox) StdoutLine: {'line': b'-- Symlinking: /home/ubuntu22/lidar_slam_ws/install/slam_toolbox/lib/liblocalization_slam_toolbox.so\n'}
[190.072643] (slam_toolbox) StdoutLine: {'line': b'-- Symlinking: /home/ubuntu22/lidar_slam_ws/install/slam_toolbox/lib/liblifelong_slam_toolbox.so\n'}
[190.081904] (slam_toolbox) StdoutLine: {'line': b'-- Symlinking: /home/ubuntu22/lidar_slam_ws/install/slam_toolbox/lib/libmap_and_localization_slam_toolbox.so\n'}
[190.092005] (slam_toolbox) StdoutLine: {'line': b'-- Symlinking: /home/ubuntu22/lidar_slam_ws/install/slam_toolbox/lib/libkartoSlamToolbox.so\n'}
[190.102480] (slam_toolbox) StdoutLine: {'line': b'-- Symlinking: /home/ubuntu22/lidar_slam_ws/install/slam_toolbox/include/slam_toolbox/experimental/slam_toolbox_lifelong.hpp\n'}
[190.111999] (slam_toolbox) StdoutLine: {'line': b'-- Symlinking: /home/ubuntu22/lidar_slam_ws/install/slam_toolbox/include/slam_toolbox/experimental/slam_toolbox_map_and_localization.hpp\n'}
[190.120744] (slam_toolbox) StdoutLine: {'line': b'-- Symlinking: /home/ubuntu22/lidar_slam_ws/install/slam_toolbox/include/slam_toolbox/get_pose_helper.hpp\n'}
[190.127912] (-) TimerEvent: {}
[190.129706] (slam_toolbox) StdoutLine: {'line': b'-- Symlinking: /home/ubuntu22/lidar_slam_ws/install/slam_toolbox/include/slam_toolbox/laser_utils.hpp\n'}
[190.139107] (slam_toolbox) StdoutLine: {'line': b'-- Symlinking: /home/ubuntu22/lidar_slam_ws/install/slam_toolbox/include/slam_toolbox/loop_closure_assistant.hpp\n'}
[190.149486] (slam_toolbox) StdoutLine: {'line': b'-- Symlinking: /home/ubuntu22/lidar_slam_ws/install/slam_toolbox/include/slam_toolbox/map_saver.hpp\n'}
[190.159819] (slam_toolbox) StdoutLine: {'line': b'-- Symlinking: /home/ubuntu22/lidar_slam_ws/install/slam_toolbox/include/slam_toolbox/merge_maps_kinematic.hpp\n'}
[190.168925] (slam_toolbox) StdoutLine: {'line': b'-- Symlinking: /home/ubuntu22/lidar_slam_ws/install/slam_toolbox/include/slam_toolbox/serialization.hpp\n'}
[190.177732] (slam_toolbox) StdoutLine: {'line': b'-- Symlinking: /home/ubuntu22/lidar_slam_ws/install/slam_toolbox/include/slam_toolbox/slam_mapper.hpp\n'}
[190.186952] (slam_toolbox) StdoutLine: {'line': b'-- Symlinking: /home/ubuntu22/lidar_slam_ws/install/slam_toolbox/include/slam_toolbox/slam_toolbox_async.hpp\n'}
[190.195831] (slam_toolbox) StdoutLine: {'line': b'-- Symlinking: /home/ubuntu22/lidar_slam_ws/install/slam_toolbox/include/slam_toolbox/slam_toolbox_common.hpp\n'}
[190.205409] (slam_toolbox) StdoutLine: {'line': b'-- Symlinking: /home/ubuntu22/lidar_slam_ws/install/slam_toolbox/include/slam_toolbox/slam_toolbox_localization.hpp\n'}
[190.214563] (slam_toolbox) StdoutLine: {'line': b'-- Symlinking: /home/ubuntu22/lidar_slam_ws/install/slam_toolbox/include/slam_toolbox/slam_toolbox_sync.hpp\n'}
[190.223534] (slam_toolbox) StdoutLine: {'line': b'-- Symlinking: /home/ubuntu22/lidar_slam_ws/install/slam_toolbox/include/slam_toolbox/snap_utils.hpp\n'}
[190.228026] (-) TimerEvent: {}
[190.232865] (slam_toolbox) StdoutLine: {'line': b'-- Symlinking: /home/ubuntu22/lidar_slam_ws/install/slam_toolbox/include/slam_toolbox/toolbox_msgs.hpp\n'}
[190.242315] (slam_toolbox) StdoutLine: {'line': b'-- Symlinking: /home/ubuntu22/lidar_slam_ws/install/slam_toolbox/include/slam_toolbox/toolbox_types.hpp\n'}
[190.252197] (slam_toolbox) StdoutLine: {'line': b'-- Symlinking: /home/ubuntu22/lidar_slam_ws/install/slam_toolbox/include/slam_toolbox/visualization_utils.hpp\n'}
[190.262300] (slam_toolbox) StdoutLine: {'line': b'-- Symlinking: /home/ubuntu22/lidar_slam_ws/install/slam_toolbox/share/slam_toolbox/launch/localization_launch.py\n'}
[190.271241] (slam_toolbox) StdoutLine: {'line': b'-- Symlinking: /home/ubuntu22/lidar_slam_ws/install/slam_toolbox/share/slam_toolbox/launch/merge_maps_kinematic_launch.py\n'}
[190.280521] (slam_toolbox) StdoutLine: {'line': b'-- Symlinking: /home/ubuntu22/lidar_slam_ws/install/slam_toolbox/share/slam_toolbox/launch/offline_launch.py\n'}
[190.290470] (slam_toolbox) StdoutLine: {'line': b'-- Symlinking: /home/ubuntu22/lidar_slam_ws/install/slam_toolbox/share/slam_toolbox/launch/online_async_launch.py\n'}
[190.299603] (slam_toolbox) StdoutLine: {'line': b'-- Symlinking: /home/ubuntu22/lidar_slam_ws/install/slam_toolbox/share/slam_toolbox/launch/online_sync_launch.py\n'}
[190.309983] (slam_toolbox) StdoutLine: {'line': b'-- Symlinking: /home/ubuntu22/lidar_slam_ws/install/slam_toolbox/share/slam_toolbox/config/mapper_params_lifelong.yaml\n'}
[190.318759] (slam_toolbox) StdoutLine: {'line': b'-- Symlinking: /home/ubuntu22/lidar_slam_ws/install/slam_toolbox/share/slam_toolbox/config/mapper_params_localization.yaml\n'}
[190.327933] (slam_toolbox) StdoutLine: {'line': b'-- Symlinking: /home/ubuntu22/lidar_slam_ws/install/slam_toolbox/share/slam_toolbox/config/mapper_params_offline.yaml\n'}
[190.328092] (-) TimerEvent: {}
[190.336915] (slam_toolbox) StdoutLine: {'line': b'-- Symlinking: /home/ubuntu22/lidar_slam_ws/install/slam_toolbox/share/slam_toolbox/config/mapper_params_online_async.yaml\n'}
[190.346170] (slam_toolbox) StdoutLine: {'line': b'-- Symlinking: /home/ubuntu22/lidar_slam_ws/install/slam_toolbox/share/slam_toolbox/config/mapper_params_online_sync.yaml\n'}
[190.355624] (slam_toolbox) StdoutLine: {'line': b'-- Symlinking: /home/ubuntu22/lidar_slam_ws/install/slam_toolbox/share/slam_toolbox/config/slam_toolbox_default.rviz\n'}
[190.364806] (slam_toolbox) StdoutLine: {'line': b'-- Symlinking: /home/ubuntu22/lidar_slam_ws/install/slam_toolbox/share/solver_plugins.xml\n'}
[190.374177] (slam_toolbox) StdoutLine: {'line': b'-- Symlinking: /home/ubuntu22/lidar_slam_ws/install/slam_toolbox/share/rviz_plugins.xml\n'}
[190.383640] (slam_toolbox) StdoutLine: {'line': b'-- Symlinking: /home/ubuntu22/lidar_slam_ws/install/slam_toolbox/share/ament_index/resource_index/package_run_dependencies/slam_toolbox\n'}
[190.393409] (slam_toolbox) StdoutLine: {'line': b'-- Symlinking: /home/ubuntu22/lidar_slam_ws/install/slam_toolbox/share/ament_index/resource_index/parent_prefix_path/slam_toolbox\n'}
[190.402632] (slam_toolbox) StdoutLine: {'line': b'-- Symlinking: /home/ubuntu22/lidar_slam_ws/install/slam_toolbox/share/slam_toolbox/environment/ament_prefix_path.sh\n'}
[190.411813] (slam_toolbox) StdoutLine: {'line': b'-- Symlinking: /home/ubuntu22/lidar_slam_ws/install/slam_toolbox/share/slam_toolbox/environment/ament_prefix_path.dsv\n'}
[190.421224] (slam_toolbox) StdoutLine: {'line': b'-- Symlinking: /home/ubuntu22/lidar_slam_ws/install/slam_toolbox/share/slam_toolbox/environment/path.sh\n'}
[190.428248] (-) TimerEvent: {}
[190.430162] (slam_toolbox) StdoutLine: {'line': b'-- Symlinking: /home/ubuntu22/lidar_slam_ws/install/slam_toolbox/share/slam_toolbox/environment/path.dsv\n'}
[190.439455] (slam_toolbox) StdoutLine: {'line': b'-- Symlinking: /home/ubuntu22/lidar_slam_ws/install/slam_toolbox/share/slam_toolbox/local_setup.bash\n'}
[190.450253] (slam_toolbox) StdoutLine: {'line': b'-- Symlinking: /home/ubuntu22/lidar_slam_ws/install/slam_toolbox/share/slam_toolbox/local_setup.sh\n'}
[190.459509] (slam_toolbox) StdoutLine: {'line': b'-- Symlinking: /home/ubuntu22/lidar_slam_ws/install/slam_toolbox/share/slam_toolbox/local_setup.zsh\n'}
[190.468823] (slam_toolbox) StdoutLine: {'line': b'-- Symlinking: /home/ubuntu22/lidar_slam_ws/install/slam_toolbox/share/slam_toolbox/local_setup.dsv\n'}
[190.478409] (slam_toolbox) StdoutLine: {'line': b'-- Symlinking: /home/ubuntu22/lidar_slam_ws/install/slam_toolbox/share/slam_toolbox/package.dsv\n'}
[190.488032] (slam_toolbox) StdoutLine: {'line': b'-- Symlinking: /home/ubuntu22/lidar_slam_ws/install/slam_toolbox/share/ament_index/resource_index/packages/slam_toolbox\n'}
[190.498259] (slam_toolbox) StdoutLine: {'line': b'-- Symlinking: /home/ubuntu22/lidar_slam_ws/install/slam_toolbox/share/ament_index/resource_index/rviz_common__pluginlib__plugin/slam_toolbox\n'}
[190.507951] (slam_toolbox) StdoutLine: {'line': b'-- Symlinking: /home/ubuntu22/lidar_slam_ws/install/slam_toolbox/share/ament_index/resource_index/slam_toolbox__pluginlib__plugin/slam_toolbox\n'}
[190.517597] (slam_toolbox) StdoutLine: {'line': b'-- Symlinking: /home/ubuntu22/lidar_slam_ws/install/slam_toolbox/share/ament_index/resource_index/rclcpp_components/slam_toolbox\n'}
[190.526924] (slam_toolbox) StdoutLine: {'line': b'-- Symlinking: /home/ubuntu22/lidar_slam_ws/install/slam_toolbox/share/slam_toolbox/cmake/rosidl_cmake-extras.cmake\n'}
[190.528357] (-) TimerEvent: {}
[190.535849] (slam_toolbox) StdoutLine: {'line': b'-- Symlinking: /home/ubuntu22/lidar_slam_ws/install/slam_toolbox/share/slam_toolbox/cmake/ament_cmake_export_dependencies-extras.cmake\n'}
[190.545205] (slam_toolbox) StdoutLine: {'line': b'-- Symlinking: /home/ubuntu22/lidar_slam_ws/install/slam_toolbox/share/slam_toolbox/cmake/ament_cmake_export_include_directories-extras.cmake\n'}
[190.554525] (slam_toolbox) StdoutLine: {'line': b'-- Symlinking: /home/ubuntu22/lidar_slam_ws/install/slam_toolbox/share/slam_toolbox/cmake/ament_cmake_export_libraries-extras.cmake\n'}
[190.564071] (slam_toolbox) StdoutLine: {'line': b'-- Symlinking: /home/ubuntu22/lidar_slam_ws/install/slam_toolbox/share/slam_toolbox/cmake/ament_cmake_export_targets-extras.cmake\n'}
[190.572966] (slam_toolbox) StdoutLine: {'line': b'-- Symlinking: /home/ubuntu22/lidar_slam_ws/install/slam_toolbox/share/slam_toolbox/cmake/rosidl_cmake_export_typesupport_targets-extras.cmake\n'}
[190.582510] (slam_toolbox) StdoutLine: {'line': b'-- Symlinking: /home/ubuntu22/lidar_slam_ws/install/slam_toolbox/share/slam_toolbox/cmake/rosidl_cmake_export_typesupport_libraries-extras.cmake\n'}
[190.591646] (slam_toolbox) StdoutLine: {'line': b'-- Symlinking: /home/ubuntu22/lidar_slam_ws/install/slam_toolbox/share/slam_toolbox/cmake/slam_toolboxConfig.cmake\n'}
[190.600806] (slam_toolbox) StdoutLine: {'line': b'-- Symlinking: /home/ubuntu22/lidar_slam_ws/install/slam_toolbox/share/slam_toolbox/cmake/slam_toolboxConfig-version.cmake\n'}
[190.609613] (slam_toolbox) StdoutLine: {'line': b'-- Symlinking: /home/ubuntu22/lidar_slam_ws/install/slam_toolbox/share/slam_toolbox/package.xml\n'}
[190.618733] (slam_toolbox) StdoutLine: {'line': b'-- Installing: /home/ubuntu22/lidar_slam_ws/install/slam_toolbox/lib/libslam_toolbox__rosidl_generator_c.so\n'}
[190.620110] (slam_toolbox) StdoutLine: {'line': b'-- Set runtime path of "/home/ubuntu22/lidar_slam_ws/install/slam_toolbox/lib/libslam_toolbox__rosidl_generator_c.so" to ""\n'}
[190.620245] (slam_toolbox) StdoutLine: {'line': b'-- Installing: /home/ubuntu22/lidar_slam_ws/install/slam_toolbox/lib/libslam_toolbox__rosidl_typesupport_fastrtps_c.so\n'}
[190.621220] (slam_toolbox) StdoutLine: {'line': b'-- Set runtime path of "/home/ubuntu22/lidar_slam_ws/install/slam_toolbox/lib/libslam_toolbox__rosidl_typesupport_fastrtps_c.so" to ""\n'}
[190.621337] (slam_toolbox) StdoutLine: {'line': b'-- Installing: /home/ubuntu22/lidar_slam_ws/install/slam_toolbox/lib/libslam_toolbox__rosidl_typesupport_fastrtps_cpp.so\n'}
[190.622332] (slam_toolbox) StdoutLine: {'line': b'-- Set runtime path of "/home/ubuntu22/lidar_slam_ws/install/slam_toolbox/lib/libslam_toolbox__rosidl_typesupport_fastrtps_cpp.so" to ""\n'}
[190.622447] (slam_toolbox) StdoutLine: {'line': b'-- Installing: /home/ubuntu22/lidar_slam_ws/install/slam_toolbox/lib/libslam_toolbox__rosidl_typesupport_introspection_c.so\n'}
[190.623094] (slam_toolbox) StdoutLine: {'line': b'-- Set runtime path of "/home/ubuntu22/lidar_slam_ws/install/slam_toolbox/lib/libslam_toolbox__rosidl_typesupport_introspection_c.so" to ""\n'}
[190.623209] (slam_toolbox) StdoutLine: {'line': b'-- Installing: /home/ubuntu22/lidar_slam_ws/install/slam_toolbox/lib/libslam_toolbox__rosidl_typesupport_c.so\n'}
[190.623926] (slam_toolbox) StdoutLine: {'line': b'-- Set runtime path of "/home/ubuntu22/lidar_slam_ws/install/slam_toolbox/lib/libslam_toolbox__rosidl_typesupport_c.so" to ""\n'}
[190.624050] (slam_toolbox) StdoutLine: {'line': b'-- Installing: /home/ubuntu22/lidar_slam_ws/install/slam_toolbox/lib/libslam_toolbox__rosidl_typesupport_introspection_cpp.so\n'}
[190.625303] (slam_toolbox) StdoutLine: {'line': b'-- Set runtime path of "/home/ubuntu22/lidar_slam_ws/install/slam_toolbox/lib/libslam_toolbox__rosidl_typesupport_introspection_cpp.so" to ""\n'}
[190.625460] (slam_toolbox) StdoutLine: {'line': b'-- Installing: /home/ubuntu22/lidar_slam_ws/install/slam_toolbox/lib/libslam_toolbox__rosidl_typesupport_cpp.so\n'}
[190.626083] (slam_toolbox) StdoutLine: {'line': b'-- Set runtime path of "/home/ubuntu22/lidar_slam_ws/install/slam_toolbox/lib/libslam_toolbox__rosidl_typesupport_cpp.so" to ""\n'}
[190.628588] (-) TimerEvent: {}
[190.704074] (slam_toolbox) StdoutLine: {'line': b"Listing '/home/ubuntu22/lidar_slam_ws/install/slam_toolbox/local/lib/python3.10/dist-packages/slam_toolbox'...\n"}
[190.704256] (slam_toolbox) StdoutLine: {'line': b"Compiling '/home/ubuntu22/lidar_slam_ws/install/slam_toolbox/local/lib/python3.10/dist-packages/slam_toolbox/__init__.py'...\n"}
[190.704308] (slam_toolbox) StdoutLine: {'line': b"Listing '/home/ubuntu22/lidar_slam_ws/install/slam_toolbox/local/lib/python3.10/dist-packages/slam_toolbox/srv'...\n"}
[190.704354] (slam_toolbox) StdoutLine: {'line': b"Compiling '/home/ubuntu22/lidar_slam_ws/install/slam_toolbox/local/lib/python3.10/dist-packages/slam_toolbox/srv/__init__.py'...\n"}
[190.704399] (slam_toolbox) StdoutLine: {'line': b"Compiling '/home/ubuntu22/lidar_slam_ws/install/slam_toolbox/local/lib/python3.10/dist-packages/slam_toolbox/srv/_add_submap.py'...\n"}
[190.704440] (slam_toolbox) StdoutLine: {'line': b"Compiling '/home/ubuntu22/lidar_slam_ws/install/slam_toolbox/local/lib/python3.10/dist-packages/slam_toolbox/srv/_clear.py'...\n"}
[190.704480] (slam_toolbox) StdoutLine: {'line': b"Compiling '/home/ubuntu22/lidar_slam_ws/install/slam_toolbox/local/lib/python3.10/dist-packages/slam_toolbox/srv/_clear_queue.py'...\n"}
[190.704529] (slam_toolbox) StdoutLine: {'line': b"Compiling '/home/ubuntu22/lidar_slam_ws/install/slam_toolbox/local/lib/python3.10/dist-packages/slam_toolbox/srv/_deserialize_pose_graph.py'...\n"}
[190.704580] (slam_toolbox) StdoutLine: {'line': b"Compiling '/home/ubuntu22/lidar_slam_ws/install/slam_toolbox/local/lib/python3.10/dist-packages/slam_toolbox/srv/_loop_closure.py'...\n"}
[190.704619] (slam_toolbox) StdoutLine: {'line': b"Compiling '/home/ubuntu22/lidar_slam_ws/install/slam_toolbox/local/lib/python3.10/dist-packages/slam_toolbox/srv/_merge_maps.py'...\n"}
[190.704660] (slam_toolbox) StdoutLine: {'line': b"Compiling '/home/ubuntu22/lidar_slam_ws/install/slam_toolbox/local/lib/python3.10/dist-packages/slam_toolbox/srv/_pause.py'...\n"}
[190.704702] (slam_toolbox) StdoutLine: {'line': b"Compiling '/home/ubuntu22/lidar_slam_ws/install/slam_toolbox/local/lib/python3.10/dist-packages/slam_toolbox/srv/_save_map.py'...\n"}
[190.704742] (slam_toolbox) StdoutLine: {'line': b"Compiling '/home/ubuntu22/lidar_slam_ws/install/slam_toolbox/local/lib/python3.10/dist-packages/slam_toolbox/srv/_serialize_pose_graph.py'...\n"}
[190.704780] (slam_toolbox) StdoutLine: {'line': b"Compiling '/home/ubuntu22/lidar_slam_ws/install/slam_toolbox/local/lib/python3.10/dist-packages/slam_toolbox/srv/_toggle_interactive.py'...\n"}
[190.709853] (slam_toolbox) StdoutLine: {'line': b'-- Installing: /home/ubuntu22/lidar_slam_ws/install/slam_toolbox/lib/libslam_toolbox__rosidl_generator_py.so\n'}
[190.710331] (slam_toolbox) StdoutLine: {'line': b'-- Set runtime path of "/home/ubuntu22/lidar_slam_ws/install/slam_toolbox/lib/libslam_toolbox__rosidl_generator_py.so" to ""\n'}
[190.710732] (slam_toolbox) StdoutLine: {'line': b'-- Installing: /home/ubuntu22/lidar_slam_ws/install/slam_toolbox/share/slam_toolbox/cmake/export_slam_toolbox__rosidl_generator_cExport.cmake\n'}
[190.711142] (slam_toolbox) StdoutLine: {'line': b'-- Installing: /home/ubuntu22/lidar_slam_ws/install/slam_toolbox/share/slam_toolbox/cmake/export_slam_toolbox__rosidl_generator_cExport-release.cmake\n'}
[190.711349] (slam_toolbox) StdoutLine: {'line': b'-- Installing: /home/ubuntu22/lidar_slam_ws/install/slam_toolbox/share/slam_toolbox/cmake/export_slam_toolbox__rosidl_typesupport_fastrtps_cExport.cmake\n'}
[190.711667] (slam_toolbox) StdoutLine: {'line': b'-- Installing: /home/ubuntu22/lidar_slam_ws/install/slam_toolbox/share/slam_toolbox/cmake/export_slam_toolbox__rosidl_typesupport_fastrtps_cExport-release.cmake\n'}
[190.712047] (slam_toolbox) StdoutLine: {'line': b'-- Installing: /home/ubuntu22/lidar_slam_ws/install/slam_toolbox/share/slam_toolbox/cmake/export_slam_toolbox__rosidl_generator_cppExport.cmake\n'}
[190.712174] (slam_toolbox) StdoutLine: {'line': b'-- Installing: /home/ubuntu22/lidar_slam_ws/install/slam_toolbox/share/slam_toolbox/cmake/export_slam_toolbox__rosidl_typesupport_fastrtps_cppExport.cmake\n'}
[190.712229] (slam_toolbox) StdoutLine: {'line': b'-- Installing: /home/ubuntu22/lidar_slam_ws/install/slam_toolbox/share/slam_toolbox/cmake/export_slam_toolbox__rosidl_typesupport_fastrtps_cppExport-release.cmake\n'}
[190.712276] (slam_toolbox) StdoutLine: {'line': b'-- Installing: /home/ubuntu22/lidar_slam_ws/install/slam_toolbox/share/slam_toolbox/cmake/slam_toolbox__rosidl_typesupport_introspection_cExport.cmake\n'}
[190.712436] (slam_toolbox) StdoutLine: {'line': b'-- Installing: /home/ubuntu22/lidar_slam_ws/install/slam_toolbox/share/slam_toolbox/cmake/slam_toolbox__rosidl_typesupport_introspection_cExport-release.cmake\n'}
[190.712674] (slam_toolbox) StdoutLine: {'line': b'-- Installing: /home/ubuntu22/lidar_slam_ws/install/slam_toolbox/share/slam_toolbox/cmake/slam_toolbox__rosidl_typesupport_cExport.cmake\n'}
[190.712905] (slam_toolbox) StdoutLine: {'line': b'-- Installing: /home/ubuntu22/lidar_slam_ws/install/slam_toolbox/share/slam_toolbox/cmake/slam_toolbox__rosidl_typesupport_cExport-release.cmake\n'}
[190.713258] (slam_toolbox) StdoutLine: {'line': b'-- Installing: /home/ubuntu22/lidar_slam_ws/install/slam_toolbox/share/slam_toolbox/cmake/slam_toolbox__rosidl_typesupport_introspection_cppExport.cmake\n'}
[190.713670] (slam_toolbox) StdoutLine: {'line': b'-- Installing: /home/ubuntu22/lidar_slam_ws/install/slam_toolbox/share/slam_toolbox/cmake/slam_toolbox__rosidl_typesupport_introspection_cppExport-release.cmake\n'}
[190.713784] (slam_toolbox) StdoutLine: {'line': b'-- Installing: /home/ubuntu22/lidar_slam_ws/install/slam_toolbox/share/slam_toolbox/cmake/slam_toolbox__rosidl_typesupport_cppExport.cmake\n'}
[190.714091] (slam_toolbox) StdoutLine: {'line': b'-- Installing: /home/ubuntu22/lidar_slam_ws/install/slam_toolbox/share/slam_toolbox/cmake/slam_toolbox__rosidl_typesupport_cppExport-release.cmake\n'}
[190.714538] (slam_toolbox) StdoutLine: {'line': b'-- Installing: /home/ubuntu22/lidar_slam_ws/install/slam_toolbox/share/slam_toolbox/cmake/export_slam_toolbox__rosidl_generator_pyExport.cmake\n'}
[190.714739] (slam_toolbox) StdoutLine: {'line': b'-- Installing: /home/ubuntu22/lidar_slam_ws/install/slam_toolbox/share/slam_toolbox/cmake/export_slam_toolbox__rosidl_generator_pyExport-release.cmake\n'}
[190.715067] (slam_toolbox) StdoutLine: {'line': b'-- Installing: /home/ubuntu22/lidar_slam_ws/install/slam_toolbox/share/slam_toolbox/cmake/SlamToolboxPluginExport.cmake\n'}
[190.715182] (slam_toolbox) StdoutLine: {'line': b'-- Installing: /home/ubuntu22/lidar_slam_ws/install/slam_toolbox/share/slam_toolbox/cmake/SlamToolboxPluginExport-release.cmake\n'}
[190.722071] (slam_toolbox) CommandEnded: {'returncode': 0}
[190.729458] (-) TimerEvent: {}
[190.763409] (slam_toolbox) JobEnded: {'identifier': 'slam_toolbox', 'rc': 0}
[190.767963] (-) EventReactorShutdown: {}
